PLAYER_ID,PLAYER_NAME,TEAM_ID,GP,MIN,ast_tov_ratio,late_clock_efficiency,clutch_ast_tov,efg_pct,deflections_per_36,screen_assists_per_36,quick_decision_efficiency,loose_balls_per_36,shooting_foul_pct,successful_boxouts_per_36,charges_drawn_per_36,shot_selection_value
1628983,Shai Gilgeous-Alexander,1610612760,76,34.200,2.667,0.404,2.059,0.567,2.900,0.300,0.571,1.000,11.767,0.200,0.000,0.812
203507,Giannis Antetokounmpo,1610612749,67,34.200,2.097,0.503,3.409,0.604,1.700,2.300,0.703,0.700,9.457,0.700,0.000,1.081
203999,Nikola Jokić,1610612743,70,36.700,3.091,0.465,2.385,0.626,3.700,4.300,0.610,0.500,10.837,1.800,0.000,1.011
1629029,Luka Dončić,1610612747,50,35.400,2.139,0.391,2.783,0.534,3.400,0.200,0.435,0.500,17.570,0.200,0.100,0.687
1630162,Anthony Edwards,1610612750,79,36.300,1.406,0.359,0.853,0.547,2.100,0.200,0.462,0.600,7.663,0.100,0.000,0.726
1628369,Jayson Tatum,1610612738,72,36.400,2.069,0.392,3.087,0.539,2.100,0.400,0.496,0.600,7.933,0.300,0.000,0.740
201142,Kevin Durant,1610612756,62,36.500,1.355,0.562,2.231,0.597,1.500,0.400,0.508,0.300,9.193,0.300,0.000,0.723
1630178,Tyrese Maxey,1610612755,52,37.700,2.542,0.371,2.647,0.512,2.500,0.200,0.407,0.600,9.528,0.100,0.000,0.726
1630595,Cade Cunningham,1610612765,70,35.000,2.068,0.439,1.000,0.522,2.200,0.300,0.468,0.700,11.956,0.300,0.000,0.786
1628973,Jalen Brunson,1610612752,65,35.400,2.920,0.442,3.524,0.549,1.500,0.300,0.473,0.700,9.744,0.200,0.300,0.767
1631094,Paolo Banchero,1610612753,46,34.400,1.600,0.367,1.000,0.503,1.300,0.800,0.502,0.600,12.410,0.300,0.000,0.724
1626164,Devin Booker,1610612756,75,37.300,2.448,0.418,4.000,0.524,1.500,0.400,0.449,0.800,11.254,0.100,0.000,0.672
1630163,LaMelo Ball,1610612766,47,32.000,2.056,0.274,3.182,0.493,3.300,0.500,0.389,1.000,10.187,0.200,0.000,0.652
203081,Damian Lillard,1610612749,58,36.100,2.536,0.331,1.897,0.550,3.000,0.200,0.415,0.500,10.181,0.200,0.000,0.696
203076,Anthony Davis,1610612742,51,33.400,1.591,0.345,1.214,0.537,2.300,3.400,0.507,0.900,80.537,1.600,0.000,0.710
202681,Kyrie Irving,1610612742,50,36.100,2.091,0.429,1.552,0.548,3.300,0.500,0.531,0.900,9.768,0.100,0.000,0.744
1629627,Zion Williamson,1610612740,30,28.600,1.767,0.514,1.489,0.571,3.300,1.100,0.680,1.300,20.181,0.600,0.000,1.107
201939,Stephen Curry,1610612744,70,32.200,2.069,0.421,1.241,0.572,2.500,0.800,0.495,0.800,9.012,0.100,0.100,0.709
1626157,Karl-Anthony Towns,1610612752,72,35.000,1.148,0.507,2.000,0.586,2.100,2.500,0.563,0.700,23.756,2.000,0.000,0.959
2544,LeBron James,1610612747,70,34.900,2.216,0.422,2.720,0.572,1.900,0.900,0.575,0.700,6.810,0.400,0.100,0.853
1641705,Victor Wembanyama,1610612759,46,33.200,1.156,0.380,1.000,0.562,3.700,1.500,0.512,0.700,15.021,0.500,0.200,0.777
1630532,Franz Wagner,1610612753,60,33.700,2.043,0.354,0.892,0.508,2.400,0.400,0.486,0.700,12.735,0.300,0.100,0.808
1629027,Trae Young,1610612737,76,36.000,2.468,0.312,2.316,0.489,2.000,0.200,0.393,0.600,10.303,0.000,0.100,0.648
1630560,Cam Thomas,1610612751,25,31.200,1.520,0.372,0.194,0.514,1.000,0.300,0.381,0.600,16.520,0.100,0.000,0.676
1628378,Donovan Mitchell,1610612739,71,31.400,2.381,0.352,1.125,0.530,2.800,0.200,0.425,0.900,9.990,0.200,0.000,0.717
1629639,Tyler Herro,1610612748,77,35.400,2.115,0.420,1.696,0.567,1.600,0.300,0.439,0.700,6.194,0.100,0.000,0.748
203954,Joel Embiid,1610612755,19,30.200,1.364,0.393,0.493,0.482,1.800,3.100,0.426,0.800,15.832,1.400,0.000,0.659
1628368,De'Aaron Fox,1610612759,62,36.100,2.250,0.417,1.382,0.513,3.100,0.300,0.432,0.700,46.460,0.100,0.000,0.708
203897,Zach LaVine,1610612758,74,35.200,1.500,0.367,0.543,0.606,1.400,0.500,0.593,0.500,27.302,0.100,0.000,0.838
1629630,Ja Morant,1610612763,50,30.400,1.973,0.403,1.879,0.506,2.700,0.100,0.419,0.700,10.298,0.100,0.100,0.785
201935,James Harden,1610612746,79,35.300,2.023,0.364,0.926,0.500,2.600,0.100,0.432,0.800,10.951,0.200,0.000,0.669
1627742,Brandon Ingram,1610612761,18,33.100,1.368,0.350,1.308,0.530,1.100,0.200,0.450,0.500,3.000,0.200,0.000,0.500
201942,DeMar DeRozan,1610612758,77,35.900,3.143,0.369,3.714,0.509,1.700,0.200,0.436,0.400,13.777,0.200,0.100,0.627
1628991,Jaren Jackson Jr.,1610612763,74,29.800,0.952,0.379,0.722,0.549,3.400,0.800,0.464,1.000,22.717,0.400,0.000,0.836
1627759,Jaylen Brown,1610612738,63,34.300,1.731,0.352,1.000,0.514,1.900,0.300,0.464,0.900,11.403,0.400,0.100,0.779
1626181,Norman Powell,1610612746,60,32.600,1.167,0.350,0.500,0.576,2.200,0.100,0.469,0.500,11.929,0.300,0.000,0.814
1631114,Jalen Williams,1610612760,69,32.400,2.318,0.394,4.000,0.538,3.900,0.200,0.518,1.000,12.995,0.400,0.100,0.765
202695,Kawhi Leonard,1610612746,37,31.900,1.632,0.472,0.667,0.562,3.500,0.200,0.544,0.900,6.829,0.300,0.000,0.764
1627750,Jamal Murray,1610612743,67,36.100,2.857,0.420,5.857,0.542,2.300,0.300,0.476,0.700,15.909,0.100,0.000,0.731
1630530,Trey Murphy III,1610612740,53,35.000,1.842,0.375,1.000,0.551,2.400,0.400,0.486,0.600,13.598,0.100,0.000,0.779
203468,CJ McCollum,1610612740,56,32.700,2.158,0.376,2.364,0.528,1.600,0.300,0.414,0.700,12.706,0.100,0.000,0.705
1629628,RJ Barrett,1610612761,58,32.200,1.862,0.387,2.640,0.521,2.700,0.500,0.466,0.700,17.354,0.300,0.100,0.846
1641706,Brandon Miller,1610612766,27,34.200,1.286,0.310,0.857,0.508,2.500,1.400,0.429,0.500,11.418,0.200,0.100,0.650
1630224,Jalen Green,1610612745,82,32.900,1.360,0.309,0.800,0.506,1.300,0.100,0.446,0.400,8.214,0.100,0.000,0.702
1629636,Darius Garland,1610612739,75,30.700,2.680,0.403,4.923,0.561,2.300,0.300,0.435,0.600,10.089,0.000,0.000,0.759
1629673,Jordan Poole,1610612764,68,29.400,1.500,0.372,2.143,0.545,2.100,0.600,0.405,0.700,16.903,0.100,0.000,0.719
1629632,Coby White,1610612741,74,33.100,1.875,0.423,1.292,0.553,1.400,0.400,0.402,0.700,11.596,0.000,0.000,0.754
1628970,Miles Bridges,1610612766,64,31.700,1.857,0.332,1.174,0.494,1.700,0.600,0.474,0.600,9.477,0.600,0.000,0.765
1630559,Austin Reaves,1610612747,73,34.900,2.417,0.333,3.250,0.553,1.900,0.700,0.459,0.700,15.417,0.100,0.300,0.755
1627783,Pascal Siakam,1610612754,78,32.700,2.429,0.408,2.000,0.572,2.300,1.100,0.535,0.900,14.207,0.700,0.000,0.863
204001,Kristaps Porziņģis,1610612738,42,28.800,1.615,0.455,3.000,0.573,2.000,2.500,0.495,0.600,28.857,0.600,0.000,0.818
1629014,Anfernee Simons,1610612757,70,32.700,2.400,0.349,1.667,0.519,1.300,0.100,0.378,0.600,12.446,0.000,0.000,0.669
1630567,Scottie Barnes,1610612761,65,32.800,2.071,0.359,1.238,0.482,2.500,0.800,0.463,0.900,8.820,0.500,0.000,0.717
1630217,Desmond Bane,1610612753,69,32.000,2.208,0.350,1.481,0.561,2.100,0.200,0.450,0.800,3.000,0.200,0.000,0.500
1630578,Alperen Sengun,1610612745,76,31.500,1.885,0.454,1.571,0.510,2.800,3.800,0.488,0.900,10.797,2.100,0.100,0.887
1627734,Domantas Sabonis,1610612758,70,34.700,2.069,0.500,1.238,0.621,1.900,6.200,0.606,0.700,23.748,2.200,0.000,1.093
1628381,John Collins,1610612762,40,30.500,0.769,0.548,0.162,0.583,1.900,1.800,0.514,0.800,23.761,0.600,0.100,0.944
1628374,Lauri Markkanen,1610612762,47,31.400,1.071,0.341,0.333,0.520,1.800,1.400,0.422,0.600,10.913,0.600,0.000,0.716
1630552,Jalen Johnson,1610612737,36,35.700,1.724,0.275,0.792,0.536,2.700,0.900,0.548,0.600,12.660,0.600,0.000,0.920
1629661,Cameron Johnson,1610612751,57,31.600,2.000,0.400,0.789,0.580,2.000,0.600,0.457,0.700,12.995,0.200,0.100,0.783
203944,Julius Randle,1610612750,69,32.300,1.679,0.430,1.115,0.544,1.700,1.900,0.479,1.000,16.922,1.000,0.000,0.825
1630169,Tyrese Haliburton,1610612754,73,33.600,5.750,0.395,5.000,0.580,3.100,0.500,0.432,0.700,9.870,0.100,0.000,0.740
1630596,Evan Mobley,1610612739,71,30.500,1.600,0.466,1.000,0.602,2.000,2.700,0.631,0.900,22.391,1.300,0.000,1.046
202696,Nikola Vučević,1610612741,73,31.200,2.188,0.433,0.714,0.592,1.800,3.400,0.539,0.400,20.133,1.500,0.000,0.896
1631101,Shaedon Sharpe,1610612757,72,31.300,1.333,0.375,0.636,0.516,1.400,0.100,0.432,0.600,8.940,0.200,0.000,0.740
1629012,Collin Sexton,1610612762,63,27.900,1.680,0.463,1.217,0.540,2.100,0.600,0.466,0.600,17.684,0.100,0.000,0.815
1629008,Michael Porter Jr.,1610612743,77,33.700,1.500,0.403,2.857,0.599,1.400,0.700,0.525,0.500,18.487,0.500,0.000,0.857
1628389,Bam Adebayo,1610612748,78,34.300,2.048,0.423,2.583,0.517,3.200,3.500,0.518,0.700,14.734,1.400,0.000,0.777
203952,Andrew Wiggins,1610612748,60,30.700,1.529,0.574,1.000,0.529,1.800,0.300,0.444,0.700,38.278,0.400,0.000,0.757
1628384,OG Anunoby,1610612752,74,36.600,1.571,0.425,2.500,0.558,3.200,0.500,0.498,0.700,19.418,0.500,0.000,0.835
1631093,Jaden Ivey,1610612765,30,29.900,1.333,0.446,1.957,0.533,2.000,0.500,0.513,1.100,13.919,0.200,0.000,0.765
1628969,Mikal Bridges,1610612752,82,37.000,2.312,0.416,2.000,0.569,1.600,0.400,0.505,0.700,8.723,0.100,0.000,0.773
1627749,Dejounte Murray,1610612740,31,32.600,2.176,0.280,4.750,0.450,3.800,0.200,0.309,0.600,7.338,0.200,0.000,0.597
202710,Jimmy Butler III,1610612744,55,31.700,4.154,0.390,1.545,0.532,3.300,1.200,0.525,1.000,34.543,0.500,0.000,0.834
1628370,Malik Monk,1610612758,65,31.600,2.333,0.314,2.562,0.510,1.900,0.600,0.395,0.700,25.773,0.100,0.000,0.720
1630193,Immanuel Quickley,1610612761,33,27.800,3.222,0.324,2.900,0.519,2.000,0.400,0.417,0.400,12.236,0.100,0.000,0.659
203078,Bradley Beal,1610612756,53,32.100,1.947,0.484,1.667,0.569,2.700,0.300,0.475,0.800,26.565,0.100,0.100,0.786
1629631,De'Andre Hunter,1610612739,64,27.200,1.077,0.419,0.969,0.576,1.800,0.500,0.490,0.600,63.191,0.400,0.000,0.780
1630166,Deni Avdija,1610612757,72,30.000,1.444,0.390,1.217,0.551,2.000,0.300,0.429,0.700,26.099,0.200,0.000,0.851
1627826,Ivica Zubac,1610612746,80,32.800,1.688,0.559,1.000,0.627,1.200,3.800,0.651,0.500,23.330,1.900,0.000,1.213
1641718,Keyonte George,1610612762,67,31.500,2.074,0.383,0.795,0.489,1.300,0.500,0.406,0.500,8.254,0.100,0.100,0.639
1628401,Derrick White,1610612738,76,33.900,2.824,0.376,2.800,0.583,2.200,0.400,0.434,0.800,18.881,0.000,0.100,0.701
1630170,Devin Vassell,1610612759,64,31.000,2.071,0.358,1.750,0.536,2.700,0.100,0.438,0.700,12.541,0.100,0.000,0.656
1627736,Malik Beasley,1610612765,82,27.800,1.700,0.372,1.429,0.576,2.100,0.400,0.444,0.400,11.410,0.100,0.000,0.663
1630591,Jalen Suggs,1610612753,35,28.600,1.276,0.248,2.000,0.489,3.700,0.300,0.392,1.000,18.409,0.200,0.200,0.655
203903,Jordan Clarkson,1610612762,37,26.000,1.609,0.356,0.762,0.492,1.900,0.700,0.379,0.900,8.202,0.100,0.000,0.669
202331,Paul George,1610612755,41,32.500,1.654,0.429,1.375,0.514,4.300,0.300,0.400,1.400,18.871,0.500,0.100,0.634
1631097,Bennedict Mathurin,1610612754,72,29.900,1.000,0.318,0.286,0.517,1.500,0.200,0.541,0.800,20.735,0.300,0.000,0.795
1626167,Myles Turner,1610612754,72,30.200,0.882,0.435,0.292,0.575,1.700,3.400,0.503,0.400,26.112,0.900,0.000,0.785
1631128,Christian Braun,1610612743,79,33.900,2.600,0.442,3.000,0.630,1.900,0.900,0.604,0.700,22.417,0.200,0.100,1.075
1642272,Jared McCain,1610612755,23,25.700,1.625,0.404,0.000,0.555,1.700,0.200,0.457,0.700,5.772,0.100,0.000,0.735
1630228,Jonathan Kuminga,1610612744,47,24.300,1.467,0.300,0.000,0.496,2.300,0.500,0.502,0.900,12.935,0.500,0.100,0.800
1631109,Mark Williams,1610612766,44,26.600,1.562,0.730,0.741,0.598,1.900,4.100,0.633,0.900,26.870,1.500,0.000,1.167
1626162,Kelly Oubre Jr.,1610612755,60,34.600,1.385,0.344,1.400,0.516,4.400,0.200,0.472,0.800,21.255,0.100,0.000,0.862
1631096,Chet Holmgren,1610612760,32,27.400,1.111,0.477,1.000,0.551,1.200,1.900,0.542,0.700,22.646,0.700,0.000,0.859
1628398,Kyle Kuzma,1610612749,65,29.800,1.045,0.308,0.667,0.496,1.000,0.300,0.441,0.300,35.582,0.400,0.200,0.821
203932,Aaron Gordon,1610612743,51,28.400,2.286,0.458,2.057,0.613,1.200,0.900,0.580,0.500,25.885,0.400,0.000,0.905
1629023,P.J. Washington,1610612742,57,32.200,1.095,0.373,2.286,0.521,2.400,0.600,0.480,0.700,19.406,0.500,0.000,0.809
1642264,Stephon Castle,1610612759,81,26.700,1.864,0.327,1.326,0.475,2.400,0.400,0.427,0.900,14.394,0.000,0.000,0.757
1630581,Josh Giddey,1610612741,70,30.200,2.483,0.402,4.778,0.531,2.600,0.400,0.461,0.900,19.191,0.200,0.000,0.789
1629656,Quentin Grimes,1610612755,75,26.800,1.579,0.465,1.250,0.564,2.300,0.300,0.494,1.000,28.233,0.300,0.000,0.786
1627751,Jakob Poeltl,1610612761,57,29.600,1.474,0.535,0.650,0.627,3.300,4.700,0.644,0.700,33.746,1.500,0.000,1.145
1629028,Deandre Ayton,1610612757,40,30.100,0.941,0.415,2.000,0.573,1.600,4.900,0.590,0.500,22.773,1.200,0.000,0.954
1641711,Gradey Dick,1610612761,54,29.400,1.200,0.301,1.000,0.496,2.400,0.400,0.417,0.700,15.129,0.100,0.100,0.657
203924,Jerami Grant,1610612757,47,32.400,1.500,0.425,0.750,0.471,2.500,0.200,0.360,0.600,15.057,0.100,0.100,0.608
1630202,Payton Pritchard,1610612738,80,28.400,3.500,0.414,1.368,0.620,1.800,0.400,0.459,0.900,9.294,0.200,0.000,0.753
1629675,Naz Reid,1610612750,80,27.500,1.643,0.439,0.214,0.557,2.100,1.500,0.469,0.700,27.663,0.600,0.100,0.806
1641708,Amen Thompson,1610612745,69,32.300,1.900,0.507,4.167,0.574,3.200,0.400,0.623,0.900,18.302,0.300,0.000,1.043
1630700,Dyson Daniels,1610612737,76,33.800,2.200,0.448,1.933,0.541,6.300,0.500,0.508,1.100,19.130,0.200,0.000,0.912
1627832,Fred VanVleet,1610612745,60,35.200,3.733,0.327,3.583,0.484,3.100,0.800,0.364,0.800,15.810,0.200,0.000,0.568
1630544,Tre Mann,1610612766,13,24.500,1.579,0.409,0.673,0.508,1.800,0.500,0.386,0.800,13.115,0.000,0.000,0.720
1628415,Dillon Brooks,1610612745,75,31.800,1.700,0.321,1.625,0.534,2.100,0.700,0.435,0.300,22.353,0.300,0.100,0.658
202691,Klay Thompson,1610612742,72,27.300,1.667,0.395,1.667,0.533,1.600,0.500,0.429,0.500,9.763,0.100,0.000,0.603
1642449,Tolu Smith,1610612765,1,22.400,0.000,0.350,0.176,0.667,0.000,6.500,0.667,0.000,0.000,4.900,0.000,0.500
1626171,Bobby Portis,1610612749,49,25.400,1.750,0.410,1.575,0.525,2.200,1.900,0.467,0.500,17.727,1.400,0.000,0.727
202699,Tobias Harris,1610612765,73,31.600,1.833,0.364,2.000,0.536,1.900,1.000,0.500,0.600,21.808,0.600,0.000,0.769
1628404,Josh Hart,1610612752,77,37.600,2.810,0.453,1.722,0.575,2.700,1.600,0.521,1.100,27.414,0.400,0.000,0.948
1628386,Jarrett Allen,1610612739,82,28.000,1.583,0.625,1.000,0.705,2.300,4.900,0.715,0.800,24.047,1.400,0.000,1.383
1630168,Onyeka Okongwu,1610612737,74,27.900,1.917,0.491,2.300,0.598,2.500,3.100,0.584,0.800,37.879,1.400,0.000,1.083
201566,Russell Westbrook,1610612743,75,27.900,1.906,0.321,1.000,0.509,3.200,0.400,0.453,0.800,20.737,0.300,0.100,0.797
1630230,Naji Marshall,1610612742,69,27.800,1.875,0.437,4.375,0.549,2.300,0.500,0.462,0.800,14.410,0.400,0.000,0.893
203471,Dennis Schröder,1610612765,75,28.100,2.842,0.327,2.792,0.486,2.300,0.300,0.363,0.900,51.802,0.100,0.100,0.612
1629060,Rui Hachimura,1610612747,59,31.700,1.750,0.481,1.000,0.597,1.900,0.500,0.537,0.500,16.444,0.800,0.000,0.875
1642259,Alex Sarr,1610612764,67,27.100,1.412,0.363,5.400,0.460,2.000,5.100,0.380,0.800,22.819,0.900,0.000,0.683
201572,Brook Lopez,1610612749,80,31.800,1.636,0.452,2.167,0.593,1.700,3.000,0.504,0.300,25.052,1.200,0.000,0.859
1629021,Moritz Wagner,1610612753,30,18.800,0.875,0.349,0.787,0.620,4.600,3.500,0.572,0.700,20.389,1.300,0.300,1.067
1629640,Keldon Johnson,1610612759,77,23.900,1.600,0.366,2.800,0.535,1.800,0.400,0.454,0.800,17.386,0.500,0.000,0.897
1627763,Malcolm Brogdon,1610612764,24,23.500,2.562,0.487,2.306,0.465,1.900,0.400,0.453,0.600,7.143,0.300,0.000,0.738
1630703,Scoot Henderson,1610612757,66,26.700,1.889,0.354,5.889,0.490,3.700,0.200,0.381,1.000,21.470,0.100,0.000,0.703
1626156,D'Angelo Russell,1610612751,58,25.500,2.684,0.343,1.830,0.477,3.100,0.700,0.276,0.400,32.506,0.000,0.000,0.589
1642258,Zaccharie Risacher,1610612737,75,24.600,1.000,0.429,0.900,0.538,2.300,0.500,0.458,0.600,24.712,0.000,0.000,0.819
1630583,Santi Aldama,1610612763,65,25.500,2.636,0.418,2.373,0.570,1.800,0.500,0.484,0.600,15.142,0.500,0.000,0.836
1629660,Ty Jerome,1610612739,70,19.900,2.615,0.459,1.964,0.614,4.200,0.500,0.492,0.600,11.004,0.200,0.000,0.798
1631099,Keegan Murray,1610612758,76,34.300,1.750,0.390,4.333,0.537,1.500,0.600,0.420,0.600,26.050,0.600,0.200,0.744
1629022,Lonnie Walker IV,1610612755,20,23.800,1.923,0.360,1.731,0.533,1.600,0.200,0.421,0.500,17.153,0.100,0.000,0.667
1630245,Ayo Dosunmu,1610612741,46,30.300,3.000,0.266,2.700,0.556,1.800,0.400,0.455,0.800,22.199,0.000,0.000,0.900
1641731,Bilal Coulibaly,1610612764,59,33.000,1.619,0.273,2.000,0.476,2.800,0.500,0.439,1.000,16.175,0.100,0.000,0.752
1629655,Daniel Gafford,1610612742,57,21.500,1.167,0.630,2.000,0.704,2.400,4.300,0.742,0.900,46.540,1.700,0.000,1.396
203084,Harrison Barnes,1610612759,82,27.200,2.833,0.476,0.667,0.620,1.300,0.800,0.494,0.600,14.123,0.500,0.000,0.877
1631095,Jabari Smith Jr.,1610612745,57,30.100,1.000,0.404,1.000,0.530,1.500,0.700,0.442,0.500,22.392,0.600,0.000,0.689
1630183,Jaden McDaniels,1610612750,82,31.900,1.667,0.404,1.667,0.539,3.000,0.400,0.466,0.800,24.702,0.300,0.000,0.816
1627747,Caris LeVert,1610612737,64,24.900,2.833,0.543,1.917,0.559,3.300,0.200,0.488,0.900,28.725,0.200,0.000,0.833
1631166,Drew Timme,1610612751,9,28.200,1.294,0.381,1.350,0.487,1.600,1.800,0.434,0.400,5.368,1.100,0.300,0.770
1630174,Aaron Nesmith,1610612754,45,24.900,1.500,0.433,1.350,0.625,1.900,0.400,0.506,0.700,32.531,0.300,0.200,0.854
1630598,Aaron Wiggins,1610612760,76,22.900,2.000,0.384,1.800,0.578,2.700,0.600,0.498,0.800,20.051,0.200,0.000,0.854
203497,Rudy Gobert,1610612750,72,33.200,1.500,0.531,0.455,0.662,1.900,5.200,0.692,0.400,31.222,1.600,0.000,1.336
1631106,Tari Eason,1610612745,57,24.900,1.364,0.383,0.000,0.546,3.600,0.200,0.491,1.400,21.747,0.700,0.000,0.877
203114,Khris Middleton,1610612764,37,22.800,2.733,0.263,0.908,0.544,2.600,0.400,0.478,0.800,50.173,0.500,0.300,0.579
1631105,Jalen Duren,1610612765,78,26.100,1.588,0.696,0.720,0.686,1.900,5.000,0.755,0.500,55.639,2.400,0.000,1.377
1641764,Brandin Podziemski,1610612744,64,26.800,2.833,0.381,0.667,0.541,2.800,0.800,0.445,0.900,11.445,0.200,0.400,0.697
1628978,Donte DiVincenzo,1610612750,62,25.900,2.250,0.383,4.167,0.563,3.500,0.500,0.407,0.800,19.137,0.200,0.000,0.682
1630557,Corey Kispert,1610612764,61,26.300,1.700,0.395,1.530,0.559,1.300,0.700,0.433,0.600,19.284,0.200,0.000,0.778
1631110,Jeremy Sochan,1610612759,54,25.300,1.500,0.420,1.350,0.557,2.300,2.900,0.589,0.800,22.120,0.500,0.000,1.025
1641739,Toumani Camara,1610612757,78,32.700,1.571,0.400,0.538,0.549,3.000,1.300,0.453,0.800,31.283,0.400,0.400,0.809
1628392,Isaiah Hartenstein,1610612760,57,27.900,2.235,0.564,5.778,0.583,3.000,5.600,0.608,0.700,41.160,2.300,0.000,1.002
1627741,Buddy Hield,1610612744,82,22.700,1.455,0.341,1.309,0.547,2.800,0.300,0.417,0.600,16.311,0.100,0.000,0.672
1629018,Gary Trent Jr.,1610612749,74,25.600,2.000,0.339,0.556,0.562,3.100,0.200,0.411,0.400,14.173,0.000,0.000,0.642
201950,Jrue Holiday,1610612738,62,30.600,3.250,0.388,4.125,0.538,2.500,0.800,0.466,0.900,21.234,0.200,0.000,0.753
1631117,Walker Kessler,1610612762,58,30.000,1.133,0.606,2.125,0.674,1.900,3.500,0.673,0.800,33.903,2.500,0.000,1.317
1629130,Duncan Robinson,1610612748,74,24.100,2.000,0.339,1.773,0.578,2.100,1.100,0.436,0.400,23.206,0.200,0.200,0.716
1627824,Guerschon Yabusele,1610612755,70,27.100,1.750,0.436,1.727,0.594,2.600,3.200,0.477,0.700,24.845,1.200,0.200,0.903
203915,Spencer Dinwiddie,1610612742,79,27.000,3.385,0.342,1.667,0.500,1.500,0.500,0.382,0.500,19.211,0.300,0.000,0.675
203501,Tim Hardaway Jr.,1610612765,77,28.000,2.667,0.349,3.111,0.534,1.000,1.100,0.393,0.500,14.245,0.100,0.300,0.629
1641729,Brice Sensabaugh,1610612762,71,20.200,1.000,0.371,1.000,0.595,2.100,0.300,0.445,0.700,16.709,0.300,0.000,0.721
203992,Bogdan Bogdanović,1610612746,54,25.000,1.929,0.408,0.529,0.533,2.700,0.700,0.459,0.500,50.842,0.300,0.000,0.691
1641722,Jordan Hawkins,1610612740,56,23.600,1.200,0.330,0.170,0.475,1.500,0.300,0.360,0.500,10.060,0.100,0.000,0.544
1630527,Brandon Boston,1610612740,42,23.600,1.833,0.364,1.650,0.505,3.100,0.400,0.486,0.500,31.331,0.000,0.000,0.669
1631107,Nikola Jović,1610612748,46,25.100,2.154,0.410,2.000,0.555,1.800,0.800,0.440,0.600,31.765,0.400,0.000,0.793
1628960,Grayson Allen,1610612756,64,24.100,1.750,0.440,1.500,0.599,2.000,0.500,0.447,0.900,21.956,0.200,0.000,0.726
1630553,Keon Johnson,1610612751,79,24.400,1.467,0.369,0.879,0.465,2.700,0.400,0.405,0.900,24.294,0.100,0.100,0.667
1626179,Terry Rozier,1610612748,64,25.900,2.167,0.309,2.429,0.465,1.500,0.400,0.346,0.800,11.161,0.000,0.000,0.651
1630167,Obi Toppin,1610612754,79,19.600,1.778,0.386,1.600,0.618,2.100,1.400,0.540,0.600,20.635,0.700,0.000,0.950
1629684,Grant Williams,1610612766,16,29.900,1.278,0.460,2.889,0.552,2.000,2.900,0.488,0.800,39.012,0.800,0.400,0.719
1642377,Jaylen Wells,1610612763,79,25.900,1.889,0.326,1.000,0.517,1.300,0.200,0.408,0.600,16.787,0.100,0.100,0.698
202685,Jonas Valančiūnas,1610612758,81,18.800,1.333,0.595,0.255,0.565,1.700,5.100,0.556,0.400,98.698,2.600,0.000,1.026
1630534,Ochai Agbaji,1610612761,64,27.200,1.875,0.306,1.800,0.602,2.800,0.500,0.502,0.500,24.636,0.200,0.000,0.887
1629001,De'Anthony Melton,1610612751,6,20.200,1.647,0.350,1.482,0.533,4.500,0.600,0.450,0.900,3.000,0.600,0.000,0.500
1630529,Herbert Jones,1610612740,20,32.400,1.833,0.392,4.000,0.506,5.100,1.000,0.415,0.500,35.853,0.200,0.200,0.744
1630631,Jose Alvarado,1610612740,56,24.400,3.067,0.352,8.778,0.495,3.900,0.300,0.384,1.000,11.892,0.000,0.100,0.633
1629645,Kevin Porter Jr.,1610612749,75,19.800,1.889,0.366,0.395,0.489,3.400,0.200,0.481,0.900,41.752,0.400,0.000,0.769
1629651,Nic Claxton,1610612751,70,26.900,1.833,0.493,1.000,0.574,2.300,4.000,0.628,0.600,18.639,1.000,0.000,1.069
1630198,Isaiah Joe,1610612760,74,21.700,3.200,0.346,2.880,0.608,2.300,0.800,0.467,0.900,18.892,0.100,0.400,0.683
1630570,Trendon Watford,1610612751,44,20.700,1.368,0.318,0.590,0.506,2.500,0.600,0.419,0.900,23.517,0.300,0.100,0.876
1626145,Tyus Jones,1610612756,81,26.800,4.818,0.375,7.800,0.571,2.100,0.500,0.457,0.500,8.390,0.100,0.000,0.688
1641709,Ausar Thompson,1610612765,59,22.500,1.643,0.414,0.500,0.551,5.700,1.100,0.565,1.300,23.237,0.100,0.000,1.048
1627884,Derrick Jones Jr.,1610612746,77,24.300,0.889,0.434,2.800,0.592,2.700,1.100,0.544,0.800,29.496,0.300,0.000,0.972
1642348,Justin Edwards,1610612755,44,26.200,1.455,0.342,1.309,0.547,3.100,0.400,0.411,0.700,32.228,0.400,0.000,0.722
1631232,Keion Brooks Jr.,1610612740,14,23.700,1.000,0.461,0.900,0.551,2.100,0.200,0.447,0.400,11.568,0.300,0.000,0.826
1629652,Luguentz Dort,1610612760,71,29.200,2.286,0.412,2.000,0.571,2.800,0.900,0.453,0.900,28.484,0.200,0.100,0.679
1629614,Andrew Nembhard,1610612754,65,28.900,2.941,0.405,1.480,0.506,2.400,0.300,0.370,0.600,25.682,0.100,0.100,0.711
1628449,Chris Boucher,1610612761,50,17.200,1.167,0.485,2.000,0.581,1.900,0.200,0.489,0.600,23.713,0.800,0.100,0.862
1630533,Ziaire Williams,1610612751,63,24.500,1.182,0.308,0.688,0.506,3.900,0.400,0.418,0.600,29.361,0.300,0.000,0.698
1627777,Georges Niang,1610612737,79,21.500,1.400,0.400,2.125,0.596,1.600,1.600,0.425,0.600,65.386,0.400,0.100,0.728
1630577,Julian Champagnie,1610612759,82,23.600,1.556,0.349,0.000,0.556,2.200,0.500,0.420,0.500,22.503,0.200,0.000,0.683
1628989,Kevin Huerter,1610612741,69,24.300,2.300,0.510,2.070,0.528,3.000,0.700,0.461,0.500,48.217,0.200,0.000,0.751
1641733,Nick Smith Jr.,1610612766,60,22.800,1.714,0.427,0.700,0.479,0.900,0.600,0.348,0.600,12.272,0.000,0.000,0.566
1630590,Scotty Pippen Jr.,1610612763,79,21.300,2.588,0.430,3.429,0.553,4.500,0.200,0.481,1.200,28.330,0.100,0.100,0.858
1642267,Bub Carrington,1610612764,82,30.000,2.588,0.329,2.385,0.500,1.500,0.400,0.390,0.600,29.580,0.200,0.000,0.584
1630541,Moses Moody,1610612744,74,22.300,1.857,0.451,1.857,0.539,4.000,0.400,0.409,0.800,18.161,0.200,0.100,0.733
1629599,Amir Coffey,1610612746,72,24.300,1.833,0.390,2.000,0.563,1.700,0.500,0.478,0.500,25.827,0.200,0.100,0.734
1642271,Kyle Filipowski,1610612762,72,21.100,1.357,0.522,0.750,0.576,2.500,2.300,0.476,0.600,33.537,0.900,0.000,0.897
1631108,Max Christie,1610612742,78,27.300,1.727,0.397,1.000,0.520,1.500,0.600,0.437,0.400,47.489,0.100,0.000,0.650
1630592,Jalen Wilson,1610612751,79,25.700,1.800,0.415,2.000,0.494,1.200,0.400,0.408,0.600,29.117,0.500,0.000,0.679
1630540,Miles McBride,1610612752,64,24.900,4.833,0.373,0.000,0.518,2.900,0.500,0.409,0.800,19.936,0.200,0.000,0.601
1641787,Tosan Evbuomwan,1610612751,28,23.700,1.429,0.321,1.964,0.487,2.700,0.400,0.407,0.700,13.740,0.200,0.100,0.725
1641710,Anthony Black,1610612753,78,24.200,1.722,0.396,0.455,0.481,3.500,0.400,0.422,0.700,27.324,0.200,0.000,0.741
1641715,Cam Whitmore,1610612745,51,16.200,1.111,0.339,1.000,0.525,2.500,0.100,0.441,1.000,11.721,0.300,0.000,0.769
1630175,Cole Anthony,1610612763,67,18.400,1.933,0.350,2.955,0.488,2.800,0.500,0.450,1.100,3.000,0.200,0.100,0.500
1629622,Max Strus,1610612739,50,25.500,2.909,0.400,1.312,0.593,1.300,1.000,0.450,1.000,34.386,0.400,0.100,0.733
1629638,Nickeil Alexander-Walker,1610612750,82,25.300,2.250,0.356,3.250,0.553,3.000,0.400,0.440,0.700,25.947,0.200,0.100,0.709
1641774,Tristan Vukcevic,1610612764,35,14.600,0.917,0.416,1.000,0.572,2.700,2.900,0.536,0.400,18.733,1.000,0.300,0.806
1642276,Kel'el Ware,1610612748,64,22.200,1.000,0.403,0.200,0.582,1.800,3.200,0.575,0.500,36.364,1.000,0.000,1.022
1630208,Nick Richards,1610612756,57,22.000,0.643,0.628,0.333,0.590,1.100,5.400,0.638,0.700,77.861,2.300,0.100,1.147
1641744,Zach Edey,1610612763,66,21.500,0.769,0.441,0.000,0.598,1.200,3.900,0.592,1.000,53.681,2.900,0.000,1.116
1630639,A.J. Lawson,1610612761,26,18.700,2.000,0.400,0.000,0.514,1.900,0.600,0.396,0.500,7.980,0.200,0.000,0.755
1642261,Dalton Knecht,1610612747,78,19.200,1.600,0.372,0.333,0.577,0.900,0.300,0.459,0.400,21.709,0.200,0.000,0.750
1641730,Noah Clowney,1610612751,46,22.700,0.900,0.226,2.421,0.475,2.100,1.000,0.383,0.500,32.588,0.500,0.200,0.590
1626220,Royce O'Neale,1610612756,75,24.500,2.444,0.336,9.000,0.579,2.200,0.700,0.436,0.700,31.510,0.300,0.000,0.675
204456,T.J. McConnell,1610612754,79,17.900,3.143,0.480,2.829,0.532,4.200,0.000,0.488,1.100,14.657,0.000,0.200,0.853
1628976,Wendell Carter Jr.,1610612753,68,25.900,1.818,0.431,1.636,0.493,1.800,3.000,0.461,0.700,39.968,1.500,0.000,0.814
1642274,Yves Missi,1610612740,73,26.800,1.273,0.506,1.444,0.552,1.400,4.700,0.578,0.800,39.356,1.000,0.000,1.083
201143,Al Horford,1610612738,60,27.600,2.625,0.356,3.200,0.552,1.700,2.100,0.426,0.400,23.345,1.000,0.000,0.711
203110,Draymond Green,1610612744,68,29.200,2.154,0.433,1.707,0.507,3.300,2.300,0.423,0.800,45.612,1.100,0.300,0.727
1630215,Jared Butler,1610612755,60,17.400,2.846,0.408,2.562,0.513,3.300,0.100,0.432,0.800,32.209,0.100,0.100,0.677
1631124,Julian Strawther,1610612743,65,21.300,1.444,0.358,1.300,0.520,2.200,0.700,0.414,0.600,39.945,0.100,0.000,0.698
1630165,Killian Hayes,1610612751,6,27.100,3.467,0.201,0.667,0.507,2.900,0.200,0.458,0.400,10.143,0.200,0.400,0.721
203935,Marcus Smart,1610612764,34,20.000,2.000,0.475,1.800,0.487,4.200,0.400,0.409,1.200,40.315,0.300,0.300,0.706
1630172,Patrick Williams,1610612741,63,25.000,1.429,0.305,0.500,0.494,2.500,0.900,0.399,0.600,19.670,0.400,0.000,0.650
203991,Clint Capela,1610612737,55,21.400,1.222,0.405,2.000,0.563,1.800,3.700,0.575,0.900,29.720,1.800,0.300,1.116
1630548,Johnny Juzang,1610612762,64,19.800,1.833,0.415,1.650,0.554,1.900,0.500,0.416,0.700,34.114,0.200,0.100,0.673
203994,Jusuf Nurkić,1610612766,51,20.800,1.211,0.466,0.000,0.522,3.300,5.800,0.509,1.400,83.206,2.300,0.000,0.936
1628379,Luke Kennard,1610612763,65,22.600,3.000,0.410,2.700,0.614,2.200,0.500,0.489,0.500,12.941,0.100,0.000,0.727
101108,Chris Paul,1610612759,82,28.000,4.625,0.385,4.000,0.542,3.100,0.800,0.405,1.000,25.316,0.100,0.000,0.569
1630551,Justin Champagnie,1610612764,62,21.600,1.111,0.435,1.000,0.606,2.900,0.200,0.538,0.700,26.134,0.400,0.000,0.924
1629004,Svi Mykhailiuk,1610612762,38,20.000,1.429,0.346,1.286,0.506,2.700,0.500,0.430,0.700,26.515,0.100,0.000,0.631
203957,Danté Exum,1610612742,20,18.600,2.545,0.393,0.000,0.567,1.400,0.800,0.544,0.500,97.015,0.200,0.200,0.816
1641726,Dereck Lively II,1610612742,36,23.100,2.182,0.774,1.964,0.698,2.400,4.200,0.719,0.600,57.439,1.700,0.000,1.394
1627827,Dorian Finney-Smith,1610612747,63,28.900,1.556,0.356,1.636,0.594,2.000,1.300,0.440,0.600,47.046,0.300,0.000,0.725
1642268,Isaiah Collier,1610612762,71,25.900,2.172,0.331,1.485,0.462,2.100,0.500,0.401,0.700,22.727,0.100,0.100,0.771
1630702,Jaden Hardy,1610612742,57,15.900,1.000,0.297,0.000,0.527,1.900,0.200,0.410,1.100,24.138,0.200,0.100,0.683
203482,Kelly Olynyk,1610612740,44,20.200,1.706,0.483,0.000,0.557,3.900,1.900,0.506,0.500,92.804,0.700,0.200,0.900
203484,Kentavious Caldwell-Pope,1610612763,77,29.600,2.250,0.350,2.025,0.542,2.500,0.700,0.450,0.700,3.000,0.100,0.000,0.500
1642273,Kyshawn George,1610612764,68,26.500,1.786,0.348,2.000,0.481,2.800,0.400,0.359,1.000,44.907,0.300,0.000,0.621
1629052,Oshae Brissett,1610612755,6,23.700,0.538,0.700,0.485,0.569,3.500,2.000,0.429,0.300,25.641,0.800,0.500,0.896
1631213,Tyrese Martin,1610612751,60,21.900,1.667,0.312,2.438,0.519,1.800,0.400,0.397,0.700,13.294,0.300,0.000,0.655
1642266,Ja'Kobe Walter,1610612761,52,21.200,1.600,0.435,0.000,0.493,3.000,0.600,0.418,0.900,23.975,0.200,0.100,0.666
1631170,Jaime Jaquez Jr.,1610612748,66,20.700,1.667,0.303,3.833,0.500,2.900,0.400,0.432,1.000,22.046,0.500,0.000,0.867
1641824,Matas Buzelis,1610612741,80,18.900,1.111,0.379,0.500,0.551,1.500,0.700,0.456,0.600,31.766,0.300,0.000,0.808
1626204,Larry Nance Jr.,1610612737,24,19.300,2.286,0.378,2.057,0.615,3.900,2.200,0.530,0.700,16.671,1.300,0.600,0.888
1630573,Sam Hauser,1610612738,71,21.700,3.000,0.476,2.700,0.619,2.400,0.700,0.422,0.700,20.053,0.200,0.000,0.687
1641717,Cason Wallace,1610612760,68,27.600,2.778,0.421,4.143,0.549,4.700,1.100,0.462,1.200,32.771,0.200,0.000,0.845
1631197,Jared Rhoden,1610612761,14,16.200,1.833,0.332,1.000,0.556,2.700,0.500,0.526,0.000,7.709,0.200,0.000,0.936
1629669,Jaylen Nowell,1610612740,8,21.000,2.300,0.187,1.345,0.418,2.000,0.400,0.370,0.400,4.255,0.200,0.000,0.575
1629634,Brandon Clarke,1610612763,64,18.900,1.667,0.500,1.500,0.627,3.000,2.100,0.650,0.800,44.912,0.800,0.100,1.176
1630314,Brandon Williams,1610612742,33,14.800,1.917,0.583,1.725,0.588,3.700,0.400,0.491,1.500,19.248,0.100,0.000,0.920
1628971,Bruce Brown,1610612740,41,22.500,2.000,0.353,1.800,0.473,2.800,0.700,0.484,0.600,32.132,0.500,0.000,0.692
1630625,Dalano Banton,1610612757,67,16.700,1.846,0.391,3.000,0.467,2.800,0.200,0.387,0.500,14.036,0.200,0.000,0.681
1631165,Keon Ellis,1610612758,80,24.400,1.667,0.381,1.000,0.629,5.200,0.800,0.482,0.800,37.289,0.100,0.000,0.780
1630188,Jalen Smith,1610612741,64,15.000,1.667,0.489,1.500,0.555,0.900,2.900,0.459,0.700,30.825,1.500,0.100,0.831
201144,Mike Conley,1610612750,71,24.700,4.091,0.350,2.941,0.530,2.900,0.300,0.434,0.600,24.448,0.200,0.100,0.633
1627752,Taurean Prince,1610612749,80,27.100,1.900,0.406,0.500,0.594,2.600,0.200,0.491,0.400,33.826,0.200,0.100,0.753
1631212,Peyton Watson,1610612743,68,24.300,1.750,0.407,0.333,0.532,2.100,0.800,0.493,0.800,40.143,0.100,0.000,0.876
1642366,Quinten Post,1610612744,42,16.300,1.625,0.391,0.000,0.577,1.800,1.800,0.461,0.600,36.518,1.100,0.000,0.740
1628997,Caleb Martin,1610612742,45,27.100,1.750,0.636,1.500,0.485,2.600,0.600,0.400,0.800,114.907,0.100,0.100,0.624
1630558,Davion Mitchell,1610612748,74,27.400,2.882,0.328,3.667,0.555,2.500,0.400,0.458,0.700,56.529,0.100,0.200,0.892
1630549,Day'Ron Sharpe,1610612751,50,18.100,1.385,0.514,1.246,0.540,2.900,3.900,0.528,0.800,29.574,2.300,0.000,0.999
1630623,Tyson Etienne,1610612751,7,21.600,1.545,0.125,1.688,0.453,2.900,0.000,0.318,0.200,6.409,0.200,0.000,0.510
1642354,KJ Simpson,1610612766,36,23.400,1.938,0.296,1.333,0.399,3.000,0.800,0.327,0.800,11.535,0.100,0.000,0.596
1631255,Karlo Matković,1610612740,42,18.800,1.100,0.500,0.259,0.616,2.800,3.300,0.568,0.900,59.928,1.600,0.000,1.075
1629611,Terance Mann,1610612737,67,21.100,2.571,0.522,2.314,0.573,2.900,0.900,0.532,0.500,47.009,0.300,0.000,0.899
1642358,AJ Johnson,1610612764,29,22.000,2.167,0.343,2.000,0.438,1.500,0.100,0.393,0.500,20.584,0.000,0.000,0.709
1628366,Lonzo Ball,1610612741,35,22.200,2.750,0.301,2.923,0.500,3.800,0.500,0.337,0.900,21.614,0.300,0.000,0.556
1631131,Oscar Tshiebwe,1610612762,14,18.200,0.857,0.499,1.643,0.600,3.100,6.100,0.638,1.300,10.000,2.500,0.100,1.186
1629726,Garrison Mathews,1610612737,47,17.600,1.857,0.422,1.671,0.564,2.000,0.300,0.404,0.500,35.693,0.200,0.400,0.609
1629680,Matisse Thybulle,1610612757,15,20.800,2.111,0.444,2.036,0.593,6.900,0.800,0.517,0.700,9.464,0.100,0.000,0.824
1631260,AJ Green,1610612749,73,22.700,3.000,0.337,2.700,0.612,1.500,0.600,0.436,0.700,31.965,0.200,0.100,0.624
1630182,Josh Green,1610612766,68,27.800,1.600,0.410,1.000,0.532,2.400,0.700,0.445,0.800,30.885,0.100,0.000,0.706
1626158,Richaun Holmes,1610612764,31,17.200,2.000,0.523,1.800,0.644,2.000,5.000,0.657,0.700,51.396,0.900,0.000,1.267
202692,Alec Burks,1610612748,49,17.600,1.833,0.448,0.000,0.582,2.100,0.400,0.425,0.400,18.051,0.100,0.000,0.633
203083,Andre Drummond,1610612755,40,18.800,0.643,0.318,2.000,0.500,3.200,4.500,0.527,0.800,49.298,2.300,0.000,0.981
1641878,Damion Baugh,1610612766,15,24.700,1.762,0.273,3.000,0.368,3.500,0.400,0.269,0.600,4.194,0.400,0.000,0.584
1641741,Ricky Council IV,1610612755,73,17.100,1.857,0.303,2.000,0.444,2.600,0.500,0.356,0.600,11.642,0.400,0.000,0.666
1631342,Daeqwon Plowden,1610612737,6,11.900,0.429,0.667,4.167,0.821,0.600,0.000,0.591,0.600,2.885,0.600,0.000,0.500
1641713,GG Jackson,1610612763,29,15.800,0.909,0.273,0.000,0.457,1.900,0.500,0.378,0.800,37.846,0.200,0.000,0.636
1629048,Goga Bitadze,1610612753,70,20.400,2.000,0.576,1.800,0.625,2.900,4.200,0.643,0.700,43.044,1.800,0.000,1.199
1641772,Nae'Qwan Tomlin,1610612739,5,12.700,1.000,0.350,0.000,0.438,0.600,1.300,0.474,0.600,4.076,1.900,0.000,0.781
1630241,Sam Merrill,1610612739,71,19.700,3.000,0.204,2.700,0.558,2.600,0.800,0.404,0.500,31.056,0.100,0.200,0.643
1630200,Tre Jones,1610612741,46,19.700,5.250,0.539,4.725,0.577,2.700,0.200,0.680,0.600,34.522,0.100,0.100,1.072
1641783,Tristan da Silva,1610612753,74,22.000,1.875,0.415,1.688,0.500,1.700,0.500,0.425,0.600,24.923,0.400,0.000,0.710
1630249,Vít Krejčí,1610612737,57,20.200,2.889,0.375,2.000,0.647,1.800,0.300,0.483,0.700,48.733,0.100,0.000,0.811
1627936,Alex Caruso,1610612760,54,19.300,3.571,0.230,0.511,0.543,6.400,1.100,0.452,0.900,30.682,0.300,0.300,0.777
1641720,Jalen Hood-Schifino,1610612755,15,21.000,2.083,0.323,1.875,0.454,1.800,0.500,0.393,0.500,23.923,0.100,0.000,0.505
1642347,Jamal Shead,1610612761,75,19.600,2.625,0.372,1.212,0.478,3.100,0.200,0.361,0.600,27.845,0.100,0.200,0.678
1642419,Jamison Battle,1610612761,59,17.700,1.800,0.365,1.620,0.576,1.100,0.400,0.419,0.500,19.808,0.200,0.000,0.670
1629006,Josh Okogie,1610612766,40,15.600,1.000,0.438,0.900,0.528,4.800,0.400,0.333,1.400,46.458,0.600,0.000,0.668
1630543,Isaiah Jackson,1610612754,5,16.800,1.000,0.350,0.900,0.609,2.600,3.900,0.650,0.900,86.957,0.900,0.000,0.500
1631301,Jaylen Sims,1610612766,6,18.600,1.538,0.375,4.900,0.532,1.300,0.600,0.353,0.300,3.066,0.000,0.000,0.714
1630288,Jeff Dowtin Jr.,1610612755,41,15.100,4.750,0.328,0.000,0.545,3.000,0.300,0.455,0.500,6.336,0.100,0.000,0.755
1630585,Marcus Garrett,1610612766,4,19.800,2.200,0.300,2.579,0.471,3.600,0.000,0.429,0.000,6.349,0.000,0.000,0.723
1641810,Antonio Reeves,1610612740,44,15.000,1.286,0.359,1.157,0.571,1.800,0.100,0.468,0.700,20.130,0.100,0.000,0.727
