PLAYER_ID,PLAYER_NAME,TEAM_ID,GP,MIN,ast_tov_ratio_percentile,late_clock_efficiency_percentile,clutch_ast_tov_percentile,efg_pct_percentile,deflections_per_36_percentile,screen_assists_per_36_percentile,quick_decision_efficiency_percentile,loose_balls_per_36_percentile,shooting_foul_pct_percentile,successful_boxouts_per_36_percentile,composite_iq_percentile,iq_rank
1628983,Shai Gilgeous-Alexander,1610612760,76,34.2,85.0,56.333333333333336,71.33333333333334,67.0,72.33333333333334,16.0,87.0,88.66666666666667,77.0,29.333333333333332,69.46666666666668,15.0
203507,Giannis Antetokounmpo,1610612749,67,34.2,68.33333333333333,89.33333333333333,89.66666666666666,88.33333333333333,18.0,83.0,98.33333333333333,42.66666666666667,88.0,78.33333333333333,76.51666666666668,3.0
203999,Nikola Jokić,1610612743,70,36.7,93.66666666666667,82.0,76.0,94.66666666666667,90.33333333333333,94.0,92.33333333333333,10.333333333333334,82.0,93.66666666666667,84.21666666666668,1.0
1629029,Luka Dončić,1610612747,50,35.4,69.33333333333334,48.66666666666667,82.0,41.333333333333336,87.0,5.0,35.0,10.333333333333334,60.0,29.333333333333332,54.2,98.0
1630162,Anthony Edwards,1610612750,79,36.3,21.666666666666668,32.0,23.0,50.66666666666667,39.666666666666664,5.0,53.666666666666664,24.666666666666668,92.66666666666666,6.333333333333334,37.9,241.0
1628369,Jayson Tatum,1610612738,72,36.4,65.66666666666666,49.666666666666664,87.66666666666667,45.33333333333333,39.666666666666664,25.333333333333336,71.33333333333334,24.666666666666668,92.0,50.33333333333333,60.083333333333336,62.0
201142,Kevin Durant,1610612756,62,36.5,18.333333333333332,94.66666666666667,73.33333333333333,85.0,10.666666666666668,25.333333333333336,75.66666666666667,1.3333333333333335,88.66666666666667,50.33333333333333,57.31666666666667,76.0
1630178,Tyrese Maxey,1610612755,52,37.7,81.33333333333333,37.0,79.66666666666666,26.0,56.00000000000001,5.0,17.0,24.666666666666668,87.0,6.333333333333334,49.550000000000004,137.0
1630595,Cade Cunningham,1610612765,70,35.0,65.33333333333333,75.33333333333333,26.666666666666668,33.0,45.666666666666664,16.0,57.666666666666664,42.66666666666667,76.0,50.33333333333333,49.666666666666664,135.0
1628973,Jalen Brunson,1610612752,65,35.4,91.0,76.66666666666667,90.33333333333333,52.0,10.666666666666668,16.0,59.333333333333336,42.66666666666667,86.66666666666667,29.333333333333332,62.73333333333334,45.0
1631094,Paolo Banchero,1610612753,46,34.4,32.666666666666664,35.66666666666667,26.666666666666668,20.0,5.666666666666666,63.66666666666667,72.66666666666667,24.666666666666668,75.0,50.33333333333333,37.733333333333334,243.0
1626164,Devin Booker,1610612756,75,37.3,80.0,65.0,92.0,33.666666666666664,10.666666666666668,25.333333333333336,43.333333333333336,63.0,80.33333333333333,6.333333333333334,55.51666666666666,83.0
1630163,LaMelo Ball,1610612766,47,32.0,65.0,4.0,88.33333333333333,14.333333333333334,84.0,40.0,10.0,88.66666666666667,83.33333333333334,29.333333333333332,51.18333333333334,123.0
203081,Damian Lillard,1610612749,58,36.1,81.0,16.333333333333332,61.33333333333333,53.666666666666664,75.66666666666667,5.0,21.333333333333336,10.333333333333334,83.66666666666667,29.333333333333332,51.33333333333333,121.0
203076,Anthony Davis,1610612742,51,33.4,32.33333333333333,22.0,36.333333333333336,43.666666666666664,48.333333333333336,88.66666666666667,75.33333333333333,77.33333333333333,2.0,92.0,44.51666666666667,183.0
202681,Kyrie Irving,1610612742,50,36.1,68.0,70.0,49.0,51.66666666666667,84.0,40.0,81.0,77.33333333333333,86.0,6.333333333333334,63.583333333333336,41.0
1629627,Zion Williamson,1610612740,30,28.6,47.333333333333336,91.0,46.666666666666664,69.33333333333334,84.0,73.0,97.33333333333334,97.33333333333334,50.66666666666667,74.0,69.01666666666668,20.0
201939,Stephen Curry,1610612744,70,32.2,65.66666666666666,67.0,38.0,70.66666666666667,56.00000000000001,63.66666666666667,70.66666666666667,63.0,89.0,6.333333333333334,61.06666666666667,54.0
1626157,Karl-Anthony Towns,1610612752,72,35.0,12.0,90.0,63.66666666666667,80.66666666666666,39.666666666666664,84.0,86.0,42.66666666666667,39.33333333333333,95.33333333333334,60.050000000000004,63.0
2544,LeBron James,1610612747,70,34.9,73.66666666666667,67.66666666666666,81.66666666666667,70.66666666666667,28.000000000000004,69.33333333333334,87.66666666666667,42.66666666666667,94.0,61.33333333333333,70.30000000000001,13.0
1641705,Victor Wembanyama,1610612759,46,33.2,12.333333333333334,43.333333333333336,26.666666666666668,64.0,90.33333333333333,78.0,76.66666666666667,42.66666666666667,66.66666666666666,68.33333333333333,52.6,113.0
1630532,Franz Wagner,1610612753,60,33.7,64.33333333333333,29.333333333333332,24.0,23.666666666666668,52.666666666666664,25.333333333333336,65.0,42.66666666666667,73.33333333333333,50.33333333333333,44.74999999999999,180.0
1629027,Trae Young,1610612737,76,36.0,80.33333333333333,10.0,75.0,12.333333333333334,35.0,5.0,11.0,24.666666666666668,82.66666666666667,0.0,40.5,216.0
1630560,Cam Thomas,1610612751,25,31.2,28.000000000000004,37.666666666666664,6.666666666666667,27.0,2.0,16.0,7.666666666666666,24.666666666666668,63.0,6.333333333333334,22.633333333333336,296.0
1628378,Donovan Mitchell,1610612739,71,31.4,78.33333333333333,28.000000000000004,35.0,36.333333333333336,68.33333333333333,5.0,27.333333333333332,77.33333333333333,85.33333333333334,29.333333333333332,48.93333333333333,146.0
1629639,Tyler Herro,1610612748,77,35.4,69.0,66.0,55.333333333333336,67.0,15.333333333333332,16.0,38.0,42.66666666666667,95.33333333333334,6.333333333333334,53.416666666666664,107.0
203954,Joel Embiid,1610612755,19,30.2,19.333333333333332,50.33333333333333,11.666666666666666,9.333333333333334,21.666666666666668,87.0,28.666666666666668,63.0,64.66666666666666,88.66666666666667,34.516666666666666,264.0
1628368,De'Aaron Fox,1610612759,62,36.1,74.33333333333333,64.66666666666666,44.0,26.333333333333332,79.0,16.0,31.666666666666664,42.66666666666667,8.666666666666668,6.333333333333334,43.35,191.0
203897,Zach LaVine,1610612758,74,35.2,25.666666666666664,35.66666666666667,14.666666666666666,88.66666666666667,8.666666666666668,40.0,91.0,10.333333333333334,30.0,6.333333333333334,38.71666666666667,230.0
1629630,Ja Morant,1610612763,50,30.4,60.66666666666667,55.00000000000001,61.0,20.666666666666668,63.33333333333333,1.3333333333333335,24.0,42.66666666666667,83.0,6.333333333333334,46.4,165.0
201935,James Harden,1610612746,79,35.3,64.0,33.666666666666664,26.0,17.666666666666668,60.333333333333336,1.3333333333333335,31.666666666666664,63.0,81.33333333333333,29.333333333333332,41.53333333333334,204.0
1627742,Brandon Ingram,1610612761,18,33.1,20.0,24.666666666666668,40.0,36.333333333333336,3.0,5.0,43.666666666666664,10.333333333333334,97.66666666666667,29.333333333333332,33.583333333333336,269.0
201942,DeMar DeRozan,1610612758,77,35.9,94.0,36.333333333333336,91.33333333333333,24.666666666666668,18.0,5.0,36.0,3.3333333333333335,70.33333333333334,29.333333333333332,49.45,139.0
1628991,Jaren Jackson Jr.,1610612763,74,29.8,5.0,42.66666666666667,19.666666666666664,52.0,87.0,63.66666666666667,55.00000000000001,88.66666666666667,43.0,61.33333333333333,44.95,178.0
1627759,Jaylen Brown,1610612738,63,34.3,44.333333333333336,28.000000000000004,26.666666666666668,27.0,28.000000000000004,16.0,55.00000000000001,77.33333333333333,80.0,61.33333333333333,41.53333333333334,204.0
1626181,Norman Powell,1610612746,60,32.6,12.666666666666668,24.666666666666668,12.0,74.33333333333333,45.666666666666664,1.3333333333333335,58.333333333333336,10.333333333333334,76.33333333333333,50.33333333333333,38.45,235.0
1631114,Jalen Williams,1610612760,69,32.4,77.66666666666666,51.0,92.0,44.333333333333336,92.66666666666666,5.0,78.0,88.66666666666667,72.0,61.33333333333333,69.21666666666667,19.0
202695,Kawhi Leonard,1610612746,37,31.9,36.333333333333336,83.33333333333334,16.333333333333332,64.0,88.0,5.0,84.33333333333334,77.33333333333333,93.66666666666667,50.33333333333333,59.06666666666667,70.0
1627750,Jamal Murray,1610612743,67,36.1,89.66666666666666,66.0,98.33333333333333,47.66666666666667,48.333333333333336,16.0,60.66666666666667,42.66666666666667,64.33333333333333,6.333333333333334,62.53333333333334,47.0
1630530,Trey Murphy III,1610612740,53,35.0,52.0,40.0,26.666666666666668,54.0,52.666666666666664,25.333333333333336,65.0,24.666666666666668,71.0,6.333333333333334,45.583333333333336,170.0
203468,CJ McCollum,1610612740,56,32.7,70.33333333333334,41.66666666666667,75.33333333333333,35.0,15.333333333333332,16.0,20.666666666666668,42.66666666666667,73.66666666666667,6.333333333333334,45.483333333333334,171.0
1629628,RJ Barrett,1610612761,58,32.2,54.0,46.666666666666664,79.33333333333333,32.33333333333333,63.33333333333333,40.0,55.666666666666664,42.66666666666667,60.66666666666667,50.33333333333333,54.13333333333333,99.0
1641706,Brandon Miller,1610612766,27,34.2,16.333333333333332,9.666666666666666,23.333333333333332,23.666666666666668,56.00000000000001,77.0,29.666666666666668,10.333333333333334,79.33333333333333,29.333333333333332,32.8,271.0
1630224,Jalen Green,1610612745,82,32.9,19.0,9.0,22.666666666666664,20.666666666666668,5.666666666666666,1.3333333333333335,42.333333333333336,3.3333333333333335,91.0,6.333333333333334,24.700000000000003,295.0
1629636,Darius Garland,1610612739,75,30.7,85.66666666666667,55.00000000000001,97.0,63.33333333333333,48.333333333333336,16.0,35.0,24.666666666666668,84.33333333333334,0.0,61.2,52.0
1629673,Jordan Poole,1610612764,68,29.4,25.666666666666664,37.666666666666664,72.66666666666667,49.666666666666664,39.666666666666664,52.666666666666664,15.666666666666668,42.66666666666667,61.66666666666667,6.333333333333334,42.75,197.0
1629632,Coby White,1610612741,74,33.1,54.666666666666664,68.33333333333333,39.33333333333333,56.99999999999999,8.666666666666668,25.333333333333336,14.666666666666666,42.66666666666667,78.0,0.0,43.016666666666666,194.0
1628970,Miles Bridges,1610612766,64,31.7,52.666666666666664,17.0,35.66666666666667,15.333333333333332,18.0,52.666666666666664,59.66666666666667,24.666666666666668,87.33333333333333,74.0,41.31666666666667,207.0
1630559,Austin Reaves,1610612747,73,34.9,79.0,17.666666666666668,89.0,56.99999999999999,28.000000000000004,58.333333333333336,50.66666666666667,42.66666666666667,65.33333333333333,6.333333333333334,55.283333333333324,86.0
1627783,Pascal Siakam,1610612754,78,32.7,79.33333333333333,59.0,63.66666666666667,70.66666666666667,48.333333333333336,73.0,81.66666666666667,77.33333333333333,68.66666666666667,78.33333333333333,69.25,18.0
204001,Kristaps Porziņģis,1610612738,42,28.8,35.0,80.0,86.33333333333333,72.0,35.0,84.0,70.66666666666667,24.666666666666668,27.0,74.0,59.400000000000006,67.0
1629014,Anfernee Simons,1610612757,70,32.7,78.66666666666666,23.333333333333332,52.666666666666664,30.333333333333336,5.666666666666666,1.3333333333333335,6.333333333333334,24.666666666666668,74.66666666666667,0.0,36.550000000000004,253.0
1630567,Scottie Barnes,1610612761,65,32.8,66.66666666666666,32.0,37.333333333333336,9.333333333333334,56.00000000000001,63.66666666666667,54.666666666666664,77.33333333333333,89.66666666666666,68.33333333333333,50.699999999999996,128.0
1630217,Desmond Bane,1610612753,69,32.0,73.33333333333333,24.666666666666668,45.666666666666664,63.33333333333333,39.666666666666664,5.0,43.666666666666664,63.0,97.66666666666667,29.333333333333332,52.78333333333333,112.0
1630578,Alperen Sengun,1610612745,76,31.5,56.00000000000001,79.66666666666666,49.333333333333336,25.333333333333336,68.33333333333333,91.0,66.0,77.33333333333333,82.33333333333334,95.66666666666667,62.43333333333333,48.0
1627734,Domantas Sabonis,1610612758,70,34.7,65.66666666666666,88.33333333333333,37.333333333333336,93.66666666666667,28.000000000000004,99.33333333333333,91.66666666666666,42.66666666666667,39.666666666666664,96.0,66.16666666666667,30.0
1628381,John Collins,1610612762,40,30.5,1.6666666666666667,94.0,5.666666666666666,79.66666666666666,28.000000000000004,79.33333333333333,77.33333333333333,63.0,39.0,74.0,47.699999999999996,155.0
1628374,Lauri Markkanen,1610612762,47,31.4,9.0,19.666666666666664,9.0,31.333333333333336,21.666666666666668,77.0,26.0,24.666666666666668,81.66666666666667,74.0,31.083333333333336,277.0
1630552,Jalen Johnson,1610612737,36,35.7,43.666666666666664,4.333333333333334,22.0,42.66666666666667,63.33333333333333,69.33333333333334,85.33333333333334,24.666666666666668,74.0,74.0,47.349999999999994,158.0
1629661,Cameron Johnson,1610612751,57,31.6,61.0,53.0,21.666666666666668,78.0,35.0,52.666666666666664,48.66666666666667,42.66666666666667,72.0,29.333333333333332,51.2,122.0
203944,Julius Randle,1610612750,69,32.3,40.666666666666664,71.0,34.66666666666667,49.0,18.0,80.33333333333333,62.33333333333333,88.66666666666667,61.33333333333333,83.66666666666667,52.55,115.0
1630169,Tyrese Haliburton,1610612754,73,33.6,99.66666666666667,51.33333333333333,97.33333333333334,78.0,79.0,40.0,31.666666666666664,42.66666666666667,85.66666666666667,6.333333333333334,70.46666666666668,12.0
1630596,Evan Mobley,1610612739,71,30.5,32.666666666666664,82.66666666666667,26.666666666666668,87.66666666666667,35.0,84.66666666666667,93.33333333333333,77.33333333333333,44.666666666666664,87.66666666666667,60.1,61.0
202696,Nikola Vučević,1610612741,73,31.2,72.33333333333334,72.0,19.0,81.66666666666667,21.666666666666668,88.66666666666667,83.0,3.3333333333333335,51.0,90.33333333333333,57.833333333333336,74.0
1631101,Shaedon Sharpe,1610612757,72,31.3,17.333333333333336,40.0,15.666666666666668,28.333333333333332,8.666666666666668,1.3333333333333335,31.666666666666664,24.666666666666668,89.33333333333333,29.333333333333332,28.933333333333334,286.0
1629012,Collin Sexton,1610612762,63,27.9,41.0,81.66666666666667,36.666666666666664,46.33333333333333,39.666666666666664,52.666666666666664,55.666666666666664,24.666666666666668,59.66666666666667,6.333333333333334,46.449999999999996,164.0
1629008,Michael Porter Jr.,1610612743,77,33.7,25.666666666666664,55.00000000000001,84.0,86.66666666666667,8.666666666666668,58.333333333333336,79.0,10.333333333333334,57.666666666666664,68.33333333333333,56.333333333333336,79.0
1628389,Bam Adebayo,1610612748,78,34.3,64.66666666666666,68.33333333333333,79.0,28.999999999999996,82.33333333333334,89.66666666666666,78.0,42.66666666666667,67.0,88.66666666666667,66.51666666666668,26.0
203952,Andrew Wiggins,1610612748,60,30.7,28.333333333333332,95.33333333333334,26.666666666666668,36.0,21.666666666666668,16.0,40.666666666666664,42.66666666666667,13.333333333333334,61.33333333333333,36.74999999999999,251.0
1628384,OG Anunoby,1610612752,74,36.6,30.333333333333336,69.0,77.66666666666666,62.0,82.33333333333334,40.0,71.66666666666667,42.66666666666667,53.333333333333336,68.33333333333333,60.68333333333333,58.0
1631093,Jaden Ivey,1610612765,30,29.9,17.333333333333336,77.66666666666666,62.33333333333333,39.666666666666664,35.0,40.0,77.0,94.33333333333334,70.0,29.333333333333332,52.05,118.0
1628969,Mikal Bridges,1610612752,82,37.0,77.33333333333333,64.0,63.66666666666667,68.0,15.333333333333332,25.333333333333336,74.33333333333333,42.66666666666667,90.0,6.333333333333334,59.43333333333334,66.0
1627749,Dejounte Murray,1610612740,31,32.6,71.66666666666667,4.666666666666667,96.0,2.0,92.0,5.0,0.6666666666666667,24.666666666666668,93.0,29.333333333333332,47.43333333333334,157.0
202710,Jimmy Butler III,1610612744,55,31.7,97.66666666666667,47.333333333333336,48.66666666666667,38.0,84.0,75.66666666666667,79.0,88.66666666666667,16.333333333333332,68.33333333333333,61.95,50.0
1628370,Malik Monk,1610612758,65,31.6,78.0,10.666666666666668,78.0,25.333333333333336,28.000000000000004,52.666666666666664,12.333333333333334,42.66666666666667,33.666666666666664,6.333333333333334,40.75,212.0
1630193,Immanuel Quickley,1610612761,33,27.8,95.0,13.333333333333334,85.0,30.333333333333336,35.0,25.333333333333336,22.333333333333332,3.3333333333333335,75.66666666666667,6.333333333333334,47.93333333333334,152.0
203078,Bradley Beal,1610612756,53,32.1,60.333333333333336,86.0,52.666666666666664,68.0,63.33333333333333,16.0,60.333333333333336,63.0,30.666666666666664,6.333333333333334,55.45,84.0
1629631,De'Andre Hunter,1610612739,64,27.2,9.333333333333334,65.66666666666666,26.333333333333332,74.33333333333333,21.666666666666668,40.0,68.0,24.666666666666668,3.0,61.33333333333333,38.63333333333333,232.0
1630166,Deni Avdija,1610612757,72,30.0,23.333333333333332,47.333333333333336,36.666666666666664,54.0,35.0,16.0,29.666666666666668,42.66666666666667,32.0,29.333333333333332,35.89999999999999,259.0
1627826,Ivica Zubac,1610612746,80,32.8,41.333333333333336,94.33333333333334,26.666666666666668,95.0,4.0,91.0,96.0,10.333333333333334,41.0,94.66666666666667,57.78333333333333,75.0
1641718,Keyonte George,1610612762,67,31.5,67.33333333333333,44.666666666666664,22.333333333333332,12.333333333333334,5.666666666666666,40.0,16.666666666666664,10.333333333333334,90.66666666666666,6.333333333333334,33.9,266.0
1628401,Derrick White,1610612738,76,33.9,87.66666666666667,41.66666666666667,82.66666666666667,79.66666666666666,45.666666666666664,25.333333333333336,34.0,63.0,56.333333333333336,0.0,59.68333333333332,65.0
1630170,Devin Vassell,1610612759,64,31.0,66.66666666666666,31.333333333333336,57.333333333333336,42.66666666666667,63.33333333333333,1.3333333333333335,37.666666666666664,42.66666666666667,74.33333333333333,6.333333333333334,48.18333333333333,151.0
1627736,Malik Beasley,1610612765,82,27.8,41.66666666666667,37.666666666666664,44.666666666666664,74.33333333333333,39.666666666666664,25.333333333333336,40.666666666666664,3.3333333333333335,79.66666666666666,6.333333333333334,45.61666666666666,169.0
1630591,Jalen Suggs,1610612753,35,28.6,15.666666666666668,2.0,63.66666666666667,12.333333333333334,90.33333333333333,16.0,10.666666666666668,88.66666666666667,57.99999999999999,29.333333333333332,36.55,254.0
203903,Jordan Clarkson,1610612762,37,26.0,34.66666666666667,30.0,21.0,14.000000000000002,28.000000000000004,58.333333333333336,7.000000000000001,77.33333333333333,91.33333333333333,6.333333333333334,33.18333333333334,270.0
202331,Paul George,1610612755,41,32.5,38.0,70.0,43.666666666666664,27.0,95.66666666666667,16.0,13.666666666666666,98.33333333333333,56.666666666666664,68.33333333333333,49.03333333333333,144.0
1631097,Bennedict Mathurin,1610612754,72,29.9,5.333333333333334,11.0,8.333333333333332,28.999999999999996,10.666666666666668,5.0,83.66666666666667,63.0,49.333333333333336,50.33333333333333,27.78333333333333,292.0
1626167,Myles Turner,1610612754,72,30.2,3.0,73.33333333333333,8.666666666666668,73.66666666666667,18.0,88.66666666666667,73.66666666666667,3.3333333333333335,31.666666666666664,82.0,41.166666666666664,208.0
1631128,Christian Braun,1610612743,79,33.9,83.33333333333334,76.66666666666667,86.33333333333333,96.33333333333334,28.000000000000004,69.33333333333334,91.33333333333333,42.66666666666667,44.0,29.333333333333332,70.96666666666668,9.0
1642272,Jared McCain,1610612755,23,25.7,35.66666666666667,56.333333333333336,0.0,58.666666666666664,18.0,5.0,48.66666666666667,42.66666666666667,95.66666666666667,6.333333333333334,38.71666666666667,230.0
1630228,Jonathan Kuminga,1610612744,47,24.3,24.666666666666668,5.666666666666666,0.0,16.666666666666664,48.333333333333336,40.0,72.66666666666667,77.33333333333333,73.0,68.33333333333333,35.45,261.0
1631109,Mark Williams,1610612766,44,26.6,30.0,99.33333333333333,20.0,85.66666666666667,28.000000000000004,93.0,93.66666666666667,77.33333333333333,30.333333333333336,90.33333333333333,58.516666666666666,71.0
1626162,Kelly Oubre Jr.,1610612755,60,34.6,20.666666666666668,21.666666666666668,44.333333333333336,28.333333333333332,96.0,5.0,59.0,63.0,48.333333333333336,6.333333333333334,40.21666666666666,217.0
1631096,Chet Holmgren,1610612760,32,27.4,10.333333333333334,84.66666666666667,26.666666666666668,54.0,4.0,80.33333333333333,84.0,42.66666666666667,43.333333333333336,78.33333333333333,45.31666666666667,173.0
1628398,Kyle Kuzma,1610612749,65,29.8,8.666666666666668,8.333333333333332,16.333333333333332,16.666666666666664,2.0,16.0,39.666666666666664,1.3333333333333335,16.0,61.33333333333333,16.783333333333335,299.0
203932,Aaron Gordon,1610612743,51,28.4,75.66666666666667,80.33333333333333,70.66666666666667,90.33333333333333,4.0,69.33333333333334,89.0,10.333333333333334,33.0,61.33333333333333,63.18333333333332,42.0
1629023,P.J. Washington,1610612742,57,32.2,9.666666666666666,39.33333333333333,73.66666666666667,32.33333333333333,52.666666666666664,52.666666666666664,62.66666666666667,42.66666666666667,53.666666666666664,68.33333333333333,46.36666666666666,166.0
1642264,Stephon Castle,1610612759,81,26.7,54.333333333333336,14.000000000000002,41.333333333333336,6.333333333333334,52.666666666666664,25.333333333333336,29.333333333333332,77.33333333333333,68.0,0.0,36.833333333333336,249.0
1630581,Josh Giddey,1610612741,70,30.2,80.66666666666666,54.666666666666664,96.33333333333334,37.666666666666664,60.333333333333336,25.333333333333336,52.33333333333333,77.33333333333333,55.00000000000001,29.333333333333332,61.03333333333333,56.0
1629656,Quentin Grimes,1610612755,75,26.8,31.0,82.0,38.666666666666664,66.0,48.333333333333336,16.0,70.0,88.66666666666667,28.333333333333332,50.33333333333333,50.96666666666667,125.0
1627751,Jakob Poeltl,1610612761,57,29.6,25.333333333333336,93.0,16.0,95.0,84.0,95.0,95.0,42.66666666666667,18.333333333333332,90.33333333333333,60.88333333333333,57.0
1629028,Deandre Ayton,1610612757,40,30.1,4.666666666666667,62.66666666666667,63.66666666666667,72.0,15.333333333333332,95.66666666666667,90.0,10.333333333333334,42.333333333333336,86.66666666666667,51.71666666666666,119.0
1641711,Gradey Dick,1610612761,54,29.4,14.000000000000002,6.333333333333334,26.666666666666668,16.666666666666664,52.666666666666664,25.333333333333336,22.333333333333332,42.66666666666667,66.0,6.333333333333334,27.049999999999997,294.0
203924,Jerami Grant,1610612757,47,32.4,25.666666666666664,69.0,20.333333333333332,5.333333333333334,56.00000000000001,5.0,4.0,24.666666666666668,66.33333333333333,6.333333333333334,29.03333333333334,285.0
1630202,Payton Pritchard,1610612738,80,28.4,96.33333333333334,62.0,43.333333333333336,92.66666666666666,21.666666666666668,25.333333333333336,50.66666666666667,77.33333333333333,88.33333333333333,29.333333333333332,63.716666666666676,40.0
1629675,Naz Reid,1610612750,80,27.5,37.0,75.33333333333333,7.333333333333333,61.0,39.666666666666664,78.0,58.333333333333336,42.66666666666667,28.999999999999996,74.0,45.766666666666666,168.0
1641708,Amen Thompson,1610612745,69,32.3,57.333333333333336,90.0,94.0,73.0,82.33333333333334,25.333333333333336,92.66666666666666,77.33333333333333,58.333333333333336,50.33333333333333,73.63333333333333,5.0
1630700,Dyson Daniels,1610612737,76,33.8,72.66666666666667,78.0,62.0,47.0,99.0,40.0,75.66666666666667,94.33333333333334,55.666666666666664,29.333333333333332,66.26666666666667,28.0
1627832,Fred VanVleet,1610612745,60,35.2,97.0,14.000000000000002,90.66666666666666,10.0,79.0,63.66666666666667,5.333333333333334,63.0,65.0,29.333333333333332,53.78333333333334,106.0
1630544,Tre Mann,1610612766,13,24.5,31.0,60.0,18.0,23.666666666666668,21.666666666666668,40.0,9.333333333333334,63.0,71.66666666666667,0.0,32.31666666666667,273.0
1628415,Dillon Brooks,1610612745,75,31.8,41.66666666666667,12.0,50.66666666666667,41.333333333333336,39.666666666666664,58.333333333333336,35.0,1.3333333333333335,45.0,50.33333333333333,38.716666666666676,229.0
202691,Klay Thompson,1610612742,72,27.3,38.333333333333336,51.33333333333333,52.666666666666664,39.666666666666664,15.333333333333332,40.0,29.666666666666668,10.333333333333334,86.33333333333333,6.333333333333334,40.699999999999996,214.0
1642449,Tolu Smith,1610612765,1,22.4,0.0,24.666666666666668,6.333333333333334,97.66666666666667,0.0,99.66666666666667,96.66666666666667,0.0,99.66666666666667,99.66666666666667,47.66666666666667,156.0
1626171,Bobby Portis,1610612749,49,25.4,44.666666666666664,60.333333333333336,49.666666666666664,34.0,45.666666666666664,80.33333333333333,56.99999999999999,10.333333333333334,59.333333333333336,88.66666666666667,50.449999999999996,131.0
202699,Tobias Harris,1610612765,73,31.6,49.333333333333336,33.666666666666664,63.66666666666667,42.66666666666667,28.000000000000004,71.66666666666667,72.33333333333334,24.666666666666668,46.666666666666664,74.0,49.93333333333334,133.0
1628404,Josh Hart,1610612752,77,37.6,87.33333333333333,79.33333333333333,56.00000000000001,73.66666666666667,63.33333333333333,78.66666666666666,78.66666666666666,94.33333333333334,29.333333333333332,61.33333333333333,69.33333333333334,16.0
1628386,Jarrett Allen,1610612739,82,28.0,31.666666666666664,97.0,26.666666666666668,99.33333333333333,48.333333333333336,95.66666666666667,98.66666666666667,63.0,38.0,88.66666666666667,64.21666666666667,37.0
1630168,Onyeka Okongwu,1610612737,74,27.9,58.333333333333336,87.33333333333333,74.0,85.66666666666667,56.00000000000001,87.0,89.33333333333333,63.0,13.666666666666666,88.66666666666667,69.26666666666668,17.0
201566,Russell Westbrook,1610612743,75,27.9,57.99999999999999,12.0,26.666666666666668,24.666666666666668,82.33333333333334,25.333333333333336,46.0,63.0,49.0,50.33333333333333,42.26666666666667,200.0
1630230,Naji Marshall,1610612742,69,27.8,54.666666666666664,74.66666666666667,95.33333333333334,52.0,48.333333333333336,40.0,53.666666666666664,63.0,67.66666666666666,61.33333333333333,62.949999999999996,43.0
203471,Dennis Schröder,1610612765,75,28.1,89.0,14.000000000000002,82.33333333333334,10.666666666666668,48.333333333333336,16.0,5.0,77.33333333333333,5.0,6.333333333333334,39.516666666666666,224.0
1629060,Rui Hachimura,1610612747,59,31.7,44.666666666666664,85.33333333333334,26.666666666666668,85.0,28.000000000000004,40.0,82.33333333333334,10.333333333333334,63.33333333333333,80.33333333333333,55.88333333333334,80.0
1642259,Alex Sarr,1610612764,67,27.1,22.0,33.33333333333333,97.66666666666667,3.3333333333333335,35.0,97.0,7.333333333333333,63.0,42.0,82.0,42.31666666666667,199.0
201572,Brook Lopez,1610612749,80,31.8,36.666666666666664,79.0,73.0,82.33333333333334,18.0,86.33333333333333,74.0,1.3333333333333335,35.0,86.66666666666667,58.11666666666667,73.0
1629021,Moritz Wagner,1610612753,30,18.8,2.666666666666667,23.333333333333332,21.333333333333336,92.66666666666666,97.0,89.66666666666666,87.33333333333333,42.66666666666667,50.33333333333333,87.66666666666667,54.3,97.0
1629640,Keldon Johnson,1610612759,77,23.9,32.666666666666664,35.0,82.66666666666667,42.333333333333336,21.666666666666668,25.333333333333336,47.333333333333336,63.0,60.333333333333336,68.33333333333333,47.91666666666667,153.0
1627763,Malcolm Brogdon,1610612764,24,23.5,82.0,86.66666666666667,74.33333333333333,4.0,28.000000000000004,25.333333333333336,46.0,24.666666666666668,93.33333333333333,50.33333333333333,54.46666666666667,94.0
1630703,Scoot Henderson,1610612757,66,26.7,56.333333333333336,29.333333333333332,98.66666666666667,13.666666666666666,90.33333333333333,5.0,7.666666666666666,88.66666666666667,48.0,6.333333333333334,47.83333333333334,154.0
1626156,D'Angelo Russell,1610612751,58,25.5,86.0,21.0,60.0,7.666666666666666,79.0,58.333333333333336,0.33333333333333337,3.3333333333333335,20.0,0.0,38.166666666666664,237.0
1642258,Zaccharie Risacher,1610612737,75,24.6,5.333333333333334,70.0,24.333333333333336,44.333333333333336,48.333333333333336,40.0,49.666666666666664,24.666666666666668,36.0,0.0,34.733333333333334,262.0
1630583,Santi Aldama,1610612763,65,25.5,84.66666666666667,65.0,75.66666666666667,69.0,21.666666666666668,40.0,64.33333333333333,24.666666666666668,65.66666666666666,68.33333333333333,62.71666666666666,46.0
1629660,Ty Jerome,1610612739,70,19.9,83.66666666666667,80.66666666666666,62.66666666666667,90.66666666666666,94.66666666666667,40.0,69.33333333333334,24.666666666666668,81.0,29.333333333333332,72.81666666666666,7.0
1631099,Keegan Murray,1610612758,76,34.3,44.666666666666664,47.333333333333336,95.0,43.666666666666664,10.666666666666668,52.666666666666664,25.0,24.666666666666668,32.33333333333333,74.0,46.6,163.0
1629022,Lonnie Walker IV,1610612755,20,23.8,59.0,33.0,56.99999999999999,39.666666666666664,15.333333333333332,5.0,25.666666666666664,10.333333333333334,61.0,6.333333333333334,37.93333333333333,239.0
1630245,Ayo Dosunmu,1610612741,46,30.3,91.66666666666666,2.666666666666667,80.0,60.0,21.666666666666668,25.333333333333336,47.66666666666667,63.0,45.33333333333333,0.0,50.89999999999999,127.0
1641731,Bilal Coulibaly,1610612764,59,33.0,35.333333333333336,3.0,63.66666666666667,7.333333333333333,68.33333333333333,40.0,38.0,88.66666666666667,64.0,6.333333333333334,40.03333333333333,220.0
1629655,Daniel Gafford,1610612742,57,21.5,12.666666666666668,97.66666666666667,63.66666666666667,99.0,52.666666666666664,94.0,99.33333333333333,77.33333333333333,8.333333333333332,93.0,65.31666666666666,33.0
203084,Harrison Barnes,1610612759,82,27.2,88.0,84.0,16.333333333333332,92.66666666666666,5.666666666666666,63.66666666666667,70.0,24.666666666666668,69.33333333333334,68.33333333333333,60.28333333333333,60.0
1631095,Jabari Smith Jr.,1610612745,57,30.1,5.333333333333334,56.333333333333336,26.666666666666668,36.333333333333336,10.666666666666668,58.333333333333336,40.33333333333333,10.333333333333334,44.333333333333336,74.0,32.55,272.0
1630183,Jaden McDaniels,1610612750,82,31.9,38.333333333333336,56.333333333333336,52.666666666666664,45.33333333333333,75.66666666666667,25.333333333333336,55.666666666666664,63.0,36.333333333333336,50.33333333333333,49.783333333333324,134.0
1627747,Caris LeVert,1610612737,64,24.9,88.0,93.66666666666667,61.66666666666667,62.66666666666667,84.0,5.0,66.0,77.33333333333333,27.333333333333332,29.333333333333332,64.53333333333333,36.0
1631166,Drew Timme,1610612751,9,28.2,17.0,43.666666666666664,42.333333333333336,11.0,15.333333333333332,79.33333333333333,34.0,3.3333333333333335,96.0,85.66666666666667,37.86666666666667,242.0
1630174,Aaron Nesmith,1610612754,45,24.9,25.666666666666664,72.0,42.333333333333336,94.0,28.000000000000004,25.333333333333336,74.66666666666667,42.66666666666667,19.666666666666664,50.33333333333333,49.65,136.0
1630598,Aaron Wiggins,1610612760,76,22.9,61.0,45.666666666666664,57.99999999999999,77.0,63.33333333333333,52.666666666666664,71.66666666666667,63.0,52.0,29.333333333333332,59.91666666666667,64.0
203497,Rudy Gobert,1610612750,72,33.2,25.666666666666664,92.66666666666666,10.666666666666668,97.33333333333334,28.000000000000004,97.66666666666667,98.0,3.3333333333333335,23.333333333333332,92.0,53.9,104.0
1631106,Tari Eason,1610612745,57,24.9,19.333333333333332,44.666666666666664,0.0,50.33333333333333,89.66666666666666,5.0,68.33333333333333,98.33333333333333,47.0,78.33333333333333,44.5,184.0
203114,Khris Middleton,1610612764,37,22.8,86.33333333333333,2.3333333333333335,25.666666666666664,49.0,60.333333333333336,25.333333333333336,61.66666666666667,63.0,6.0,68.33333333333333,45.016666666666666,177.0
1631105,Jalen Duren,1610612765,78,26.1,32.0,98.66666666666667,19.333333333333332,98.33333333333333,28.000000000000004,96.33333333333334,99.66666666666667,10.333333333333334,4.333333333333334,98.0,55.75,81.0
1641764,Brandin Podziemski,1610612744,64,26.8,88.0,43.666666666666664,16.333333333333332,47.0,68.33333333333333,63.66666666666667,41.333333333333336,77.33333333333333,79.0,29.333333333333332,54.449999999999996,95.0
1628978,Donte DiVincenzo,1610612750,62,25.9,74.33333333333333,44.666666666666664,94.0,65.0,88.0,40.0,17.0,63.0,55.333333333333336,29.333333333333332,62.11666666666667,49.0
1630557,Corey Kispert,1610612764,61,26.3,41.66666666666667,51.33333333333333,48.333333333333336,62.66666666666667,5.666666666666666,58.333333333333336,33.666666666666664,24.666666666666668,54.0,29.333333333333332,42.98333333333333,195.0
1631110,Jeremy Sochan,1610612759,54,25.3,25.666666666666664,66.0,42.333333333333336,61.0,48.333333333333336,85.0,89.66666666666666,63.0,45.666666666666664,68.33333333333333,55.13333333333333,88.0
1641739,Toumani Camara,1610612757,78,32.7,30.333333333333336,53.0,14.333333333333334,52.0,75.66666666666667,76.0,46.0,63.0,23.0,61.33333333333333,44.283333333333324,186.0
1628392,Isaiah Hartenstein,1610612760,57,27.9,74.0,95.0,98.0,79.66666666666666,75.66666666666667,98.33333333333333,92.0,42.66666666666667,11.0,96.33333333333334,76.98333333333335,2.0
1627741,Buddy Hield,1610612744,82,22.7,24.0,19.666666666666664,40.33333333333333,50.66666666666667,68.33333333333333,16.0,22.333333333333332,24.666666666666668,63.66666666666667,6.333333333333334,37.0,246.0
1629018,Gary Trent Jr.,1610612749,74,25.6,61.0,18.666666666666668,15.0,64.0,79.0,5.0,20.0,3.3333333333333335,69.0,0.0,40.083333333333336,218.0
201950,Jrue Holiday,1610612738,62,30.6,95.33333333333334,47.0,93.33333333333333,44.333333333333336,56.00000000000001,63.66666666666667,55.666666666666664,77.33333333333333,48.66666666666667,29.333333333333332,64.19999999999999,38.0
1631117,Walker Kessler,1610612762,58,30.0,11.666666666666666,96.66666666666667,72.0,98.0,28.000000000000004,89.66666666666666,97.0,63.0,17.666666666666668,98.33333333333333,63.73333333333334,39.0
1629130,Duncan Robinson,1610612748,74,24.1,61.0,18.666666666666668,57.666666666666664,77.0,39.666666666666664,73.0,36.0,3.3333333333333335,41.66666666666667,29.333333333333332,48.233333333333334,150.0
1627824,Guerschon Yabusele,1610612755,70,27.1,44.666666666666664,74.33333333333333,56.666666666666664,83.33333333333334,60.333333333333336,87.66666666666667,61.33333333333333,42.66666666666667,35.66666666666667,86.66666666666667,61.71666666666667,51.0
203915,Spencer Dinwiddie,1610612742,79,27.0,95.66666666666667,20.333333333333332,52.666666666666664,17.666666666666668,10.666666666666668,40.0,8.333333333333332,10.333333333333334,54.666666666666664,50.33333333333333,39.33333333333333,226.0
203501,Tim Hardaway Jr.,1610612765,77,28.0,85.0,23.333333333333332,88.0,41.333333333333336,2.0,73.0,11.0,10.333333333333334,68.33333333333333,6.333333333333334,47.1,160.0
1641729,Brice Sensabaugh,1610612762,71,20.2,5.333333333333334,37.0,26.666666666666668,84.33333333333334,39.666666666666664,16.0,41.333333333333336,42.66666666666667,62.33333333333333,50.33333333333333,40.93333333333334,210.0
203992,Bogdan Bogdanović,1610612746,54,25.0,59.333333333333336,59.0,14.000000000000002,39.666666666666664,63.33333333333333,58.333333333333336,50.66666666666667,10.333333333333334,5.666666666666666,50.33333333333333,40.76666666666666,211.0
1641722,Jordan Hawkins,1610612740,56,23.6,14.000000000000002,16.0,6.0,6.333333333333334,10.666666666666668,16.0,4.0,10.333333333333334,84.66666666666667,6.333333333333334,17.116666666666664,298.0
1630527,Brandon Boston,1610612740,42,23.6,49.333333333333336,33.666666666666664,52.0,20.333333333333332,79.0,25.333333333333336,65.0,10.333333333333334,22.666666666666664,0.0,40.06666666666666,219.0
1631107,Nikola Jović,1610612748,46,25.1,69.66666666666667,60.333333333333336,63.66666666666667,58.666666666666664,21.666666666666668,63.66666666666667,38.666666666666664,24.666666666666668,22.0,61.33333333333333,50.55,129.0
1628960,Grayson Allen,1610612756,64,24.1,44.666666666666664,76.0,47.0,86.66666666666667,35.0,40.0,42.66666666666667,77.33333333333333,46.33333333333333,29.333333333333332,54.083333333333336,102.0
1630553,Keon Johnson,1610612751,79,24.4,24.666666666666668,36.333333333333336,23.666666666666668,4.0,63.33333333333333,25.333333333333336,15.666666666666668,77.33333333333333,37.333333333333336,6.333333333333334,28.566666666666666,288.0
1626179,Terry Rozier,1610612748,64,25.9,70.66666666666667,9.0,77.0,4.0,10.666666666666668,25.333333333333336,2.3333333333333335,63.0,80.66666666666666,0.0,37.43333333333333,245.0
1630167,Obi Toppin,1610612754,79,19.6,47.66666666666667,46.33333333333333,50.0,92.0,39.666666666666664,77.0,83.33333333333334,24.666666666666668,49.666666666666664,78.33333333333333,59.35,68.0
1629684,Grant Williams,1610612766,16,29.9,16.0,81.0,84.66666666666667,56.00000000000001,35.0,85.0,66.0,63.0,13.0,80.33333333333333,54.41666666666667,96.0
1642377,Jaylen Wells,1610612763,79,25.9,56.333333333333336,13.666666666666666,26.666666666666668,28.999999999999996,5.666666666666666,5.0,18.0,24.666666666666668,62.0,6.333333333333334,28.53333333333333,289.0
202685,Jonas Valančiūnas,1610612758,81,18.8,17.333333333333336,96.33333333333334,7.666666666666666,66.66666666666666,18.0,97.0,85.66666666666667,3.3333333333333335,0.33333333333333337,99.0,43.75,189.0
1630534,Ochai Agbaji,1610612761,64,27.2,54.666666666666664,8.0,57.99999999999999,87.66666666666667,68.33333333333333,40.0,72.66666666666667,10.333333333333334,36.666666666666664,29.333333333333332,52.59999999999999,114.0
1629001,De'Anthony Melton,1610612751,6,20.2,37.666666666666664,24.666666666666668,46.0,39.666666666666664,96.33333333333334,52.666666666666664,43.666666666666664,77.33333333333333,97.66666666666667,74.0,54.93333333333334,91.0
1630529,Herbert Jones,1610612740,20,32.4,49.333333333333336,49.666666666666664,92.0,20.666666666666668,98.0,71.66666666666667,21.333333333333336,10.333333333333334,15.333333333333332,29.333333333333332,48.300000000000004,149.0
1630631,Jose Alvarado,1610612740,56,24.4,93.33333333333333,28.000000000000004,99.33333333333333,16.333333333333332,92.66666666666666,16.0,9.0,88.66666666666667,76.66666666666667,0.0,57.21666666666667,77.0
1629645,Kevin Porter Jr.,1610612749,75,19.8,56.333333333333336,35.0,10.333333333333334,12.333333333333334,87.0,5.0,63.0,77.33333333333333,10.666666666666668,61.33333333333333,38.6,233.0
1629651,Nic Claxton,1610612751,70,26.9,49.333333333333336,87.66666666666667,26.666666666666668,73.0,48.333333333333336,92.66666666666666,93.0,24.666666666666668,57.333333333333336,83.66666666666667,61.03333333333334,55.0
1630198,Isaiah Joe,1610612760,74,21.7,94.66666666666667,22.333333333333332,84.33333333333334,89.33333333333333,48.333333333333336,63.66666666666667,56.99999999999999,77.33333333333333,56.00000000000001,6.333333333333334,65.98333333333333,31.0
1630570,Trendon Watford,1610612751,44,20.7,20.0,11.0,15.333333333333332,20.666666666666668,56.00000000000001,52.666666666666664,24.0,77.33333333333333,40.33333333333333,50.33333333333333,30.550000000000004,279.0
1626145,Tyus Jones,1610612756,81,26.8,98.66666666666667,40.0,99.0,69.33333333333334,39.666666666666664,40.0,48.66666666666667,10.333333333333334,90.33333333333333,6.333333333333334,64.75,35.0
1641709,Ausar Thompson,1610612765,59,22.5,37.0,62.0,12.0,54.0,98.66666666666667,73.0,86.33333333333333,97.33333333333334,41.333333333333336,6.333333333333334,53.11666666666667,109.0
1627884,Derrick Jones Jr.,1610612746,77,24.3,3.3333333333333335,73.0,82.66666666666667,81.66666666666667,63.33333333333333,73.0,84.33333333333334,63.0,26.0,50.33333333333333,59.133333333333326,69.0
1642348,Justin Edwards,1610612755,44,26.2,24.0,20.333333333333332,40.33333333333333,50.66666666666667,79.0,25.333333333333336,20.0,42.66666666666667,20.333333333333332,61.33333333333333,37.68333333333333,244.0
1631232,Keion Brooks Jr.,1610612740,14,23.7,5.333333333333334,81.33333333333333,24.333333333333336,54.0,39.666666666666664,5.0,42.66666666666667,3.3333333333333335,78.33333333333333,50.33333333333333,39.68333333333333,223.0
1629652,Luguentz Dort,1610612760,71,29.2,75.66666666666667,61.66666666666667,63.66666666666667,69.33333333333334,68.33333333333333,69.33333333333334,46.0,77.33333333333333,27.666666666666668,29.333333333333332,60.466666666666676,59.0
1629614,Andrew Nembhard,1610612754,65,28.9,91.33333333333333,57.666666666666664,45.33333333333333,20.666666666666668,52.666666666666664,16.0,5.666666666666666,24.666666666666668,34.0,6.333333333333334,40.949999999999996,209.0
1628449,Chris Boucher,1610612761,50,17.2,12.666666666666668,86.33333333333333,63.66666666666667,78.66666666666666,28.000000000000004,5.0,67.33333333333333,24.666666666666668,40.0,80.33333333333333,50.916666666666664,126.0
1630533,Ziaire Williams,1610612751,63,24.5,13.666666666666666,8.333333333333332,18.333333333333332,20.666666666666668,92.66666666666666,25.333333333333336,23.333333333333332,24.666666666666668,26.333333333333332,50.33333333333333,27.98333333333333,291.0
1627777,Georges Niang,1610612737,79,21.5,21.333333333333336,53.0,72.0,84.66666666666667,15.333333333333332,78.66666666666666,27.333333333333332,24.666666666666668,2.666666666666667,61.33333333333333,44.76666666666666,179.0
1630577,Julian Champagnie,1610612759,82,23.6,29.333333333333332,23.333333333333332,0.0,60.0,45.666666666666664,40.0,25.0,10.333333333333334,43.666666666666664,29.333333333333332,31.149999999999995,276.0
1628989,Kevin Huerter,1610612741,69,24.3,76.66666666666667,90.66666666666666,71.66666666666667,35.0,75.66666666666667,58.333333333333336,52.33333333333333,10.333333333333334,7.000000000000001,29.333333333333332,54.966666666666676,90.0
1641733,Nick Smith Jr.,1610612766,60,22.8,43.0,69.66666666666667,18.666666666666668,8.333333333333332,1.0,52.666666666666664,2.666666666666667,24.666666666666668,75.33333333333333,0.0,29.233333333333334,283.0
1630590,Scotty Pippen Jr.,1610612763,79,21.3,82.66666666666667,71.0,90.0,56.99999999999999,96.33333333333334,5.0,63.0,96.33333333333334,28.000000000000004,6.333333333333334,65.66666666666667,32.0
1642267,Bub Carrington,1610612764,82,30.0,82.66666666666667,15.666666666666668,76.0,17.666666666666668,10.666666666666668,25.333333333333336,10.333333333333334,24.666666666666668,25.333333333333336,29.333333333333332,36.616666666666674,252.0
1630541,Moses Moody,1610612744,74,22.3,52.666666666666664,78.66666666666666,60.333333333333336,45.33333333333333,94.33333333333334,25.333333333333336,18.666666666666668,63.0,58.666666666666664,29.333333333333332,54.666666666666664,92.0
1629599,Amir Coffey,1610612746,72,24.3,49.333333333333336,47.333333333333336,63.66666666666667,65.0,18.0,40.0,61.66666666666667,10.333333333333334,33.33333333333333,29.333333333333332,46.71666666666667,162.0
1642271,Kyle Filipowski,1610612762,72,21.1,18.666666666666668,91.66666666666666,20.333333333333332,74.33333333333333,56.00000000000001,83.0,60.66666666666667,24.666666666666668,18.666666666666668,82.0,49.18333333333334,141.0
1631108,Max Christie,1610612742,78,27.3,44.0,52.666666666666664,26.666666666666668,31.333333333333336,10.666666666666668,52.666666666666664,37.333333333333336,3.3333333333333335,7.333333333333333,6.333333333333334,29.216666666666665,284.0
1630592,Jalen Wilson,1610612751,79,25.7,48.333333333333336,62.66666666666667,63.66666666666667,15.333333333333332,4.0,25.333333333333336,18.0,24.666666666666668,26.666666666666668,68.33333333333333,36.150000000000006,256.0
1630540,Miles McBride,1610612752,64,24.9,99.0,39.33333333333333,0.0,30.0,72.33333333333334,40.0,18.666666666666668,63.0,52.33333333333333,29.333333333333332,44.23333333333333,187.0
1641787,Tosan Evbuomwan,1610612751,28,23.7,22.333333333333332,12.0,62.66666666666667,11.0,63.33333333333333,25.333333333333336,17.0,42.66666666666667,70.66666666666667,29.333333333333332,35.56666666666666,260.0
1641710,Anthony Black,1610612753,78,24.2,43.333333333333336,52.33333333333333,10.666666666666668,8.666666666666668,88.0,25.333333333333336,26.0,42.66666666666667,29.666666666666668,29.333333333333332,33.866666666666674,267.0
1641715,Cam Whitmore,1610612745,51,16.2,10.333333333333334,18.666666666666668,26.666666666666668,34.0,56.00000000000001,1.3333333333333335,39.666666666666664,88.66666666666667,77.33333333333333,50.33333333333333,36.83333333333334,248.0
1630175,Cole Anthony,1610612763,67,18.4,59.66666666666667,24.666666666666668,86.0,12.0,68.33333333333333,40.0,43.666666666666664,94.33333333333334,97.66666666666667,29.333333333333332,55.26666666666667,87.0
1629622,Max Strus,1610612739,50,25.5,90.66666666666666,53.0,41.0,82.33333333333334,5.666666666666666,71.66666666666667,43.666666666666664,88.66666666666667,17.0,61.33333333333333,55.11666666666666,89.0
1629638,Nickeil Alexander-Walker,1610612750,82,25.3,74.33333333333333,30.0,89.0,56.99999999999999,75.66666666666667,25.333333333333336,38.666666666666664,42.66666666666667,32.666666666666664,29.333333333333332,55.61666666666667,82.0
1641774,Tristan Vukcevic,1610612764,35,14.6,4.333333333333334,64.0,26.666666666666668,70.66666666666667,63.33333333333333,85.0,82.0,3.3333333333333335,56.99999999999999,83.66666666666667,50.48333333333333,130.0
1642276,Kel'el Ware,1610612748,64,22.2,5.333333333333334,55.00000000000001,7.000000000000001,79.0,21.666666666666668,87.66666666666667,87.66666666666667,10.333333333333334,15.0,83.66666666666667,40.71666666666667,213.0
1630208,Nick Richards,1610612756,57,22.0,1.0,97.33333333333334,9.0,81.33333333333333,3.0,98.0,94.0,42.66666666666667,2.3333333333333335,96.33333333333334,45.21666666666667,176.0
1641744,Zach Edey,1610612763,66,21.5,1.6666666666666667,76.33333333333333,0.0,85.66666666666667,4.0,91.66666666666666,90.66666666666666,88.66666666666667,4.666666666666667,99.33333333333333,44.650000000000006,181.0
1630639,A.J. Lawson,1610612761,26,18.7,61.0,53.0,0.0,27.0,28.000000000000004,52.666666666666664,12.666666666666668,10.333333333333334,91.66666666666666,29.333333333333332,36.35,255.0
1642261,Dalton Knecht,1610612747,78,19.2,32.666666666666664,37.666666666666664,9.0,76.0,1.0,16.0,50.66666666666667,3.3333333333333335,47.333333333333336,29.333333333333332,33.74999999999999,268.0
1641730,Noah Clowney,1610612751,46,22.7,3.6666666666666665,1.3333333333333335,76.66666666666667,6.333333333333334,39.666666666666664,71.66666666666667,8.666666666666668,10.333333333333334,19.333333333333332,68.33333333333333,27.416666666666664,293.0
1626220,Royce O'Neale,1610612756,75,24.5,79.66666666666666,18.0,99.66666666666667,77.66666666666666,45.666666666666664,58.333333333333336,36.0,42.66666666666667,22.333333333333332,50.33333333333333,58.316666666666656,72.0
204456,T.J. McConnell,1610612754,79,17.9,94.0,85.0,83.66666666666667,38.0,94.66666666666667,0.0,66.0,94.33333333333334,67.33333333333333,0.0,68.36666666666667,22.0
1628976,Wendell Carter Jr.,1610612753,68,25.9,49.0,71.66666666666667,51.0,14.333333333333334,21.666666666666668,86.33333333333333,52.33333333333333,42.66666666666667,12.0,90.33333333333333,43.88333333333333,188.0
1642274,Yves Missi,1610612740,73,26.8,15.333333333333332,89.66666666666666,45.0,56.00000000000001,8.666666666666668,95.0,88.66666666666667,63.0,12.666666666666668,83.66666666666667,49.5,138.0
201143,Al Horford,1610612738,60,27.6,84.0,30.0,88.66666666666667,56.00000000000001,18.0,82.0,28.666666666666668,3.3333333333333335,40.666666666666664,83.66666666666667,54.48333333333333,93.0
203110,Draymond Green,1610612744,68,29.2,69.66666666666667,72.0,55.666666666666664,23.0,84.0,83.0,27.0,63.0,9.333333333333334,85.66666666666667,53.06666666666666,110.0
1630215,Jared Butler,1610612755,60,17.4,89.33333333333333,59.0,78.0,26.333333333333332,84.0,1.3333333333333335,31.666666666666664,63.0,20.666666666666668,6.333333333333334,52.116666666666674,117.0
1631124,Julian Strawther,1610612743,65,21.3,23.333333333333332,31.333333333333336,39.666666666666664,31.333333333333336,45.666666666666664,58.333333333333336,20.666666666666668,24.666666666666668,12.333333333333334,6.333333333333334,29.616666666666667,282.0
1630165,Killian Hayes,1610612751,6,27.1,96.0,0.6666666666666667,16.333333333333332,23.0,72.33333333333334,5.0,49.666666666666664,3.3333333333333335,84.0,29.333333333333332,42.85,196.0
203935,Marcus Smart,1610612764,34,20.0,61.0,83.66666666666667,57.99999999999999,11.0,94.66666666666667,25.333333333333336,18.666666666666668,96.33333333333334,11.333333333333332,50.33333333333333,48.93333333333334,145.0
1630172,Patrick Williams,1610612741,63,25.0,22.333333333333332,7.666666666666666,12.0,15.333333333333332,56.00000000000001,69.33333333333334,13.333333333333334,24.666666666666668,53.0,61.33333333333333,28.216666666666672,290.0
203991,Clint Capela,1610612737,55,21.4,15.0,57.666666666666664,63.66666666666667,65.0,21.666666666666668,90.66666666666666,87.66666666666667,77.33333333333333,25.0,93.66666666666667,53.833333333333336,105.0
1630548,Johnny Juzang,1610612762,64,19.8,49.333333333333336,62.66666666666667,52.0,58.333333333333336,28.000000000000004,40.0,22.0,42.66666666666667,17.333333333333336,29.333333333333332,42.55,198.0
203994,Jusuf Nurkić,1610612766,51,20.8,14.666666666666666,82.66666666666667,0.0,33.0,84.0,98.66666666666667,76.33333333333333,98.33333333333333,1.6666666666666667,96.33333333333334,46.28333333333334,167.0
1628379,Luke Kennard,1610612763,65,22.6,91.66666666666666,60.333333333333336,80.0,90.66666666666666,45.666666666666664,40.0,67.33333333333333,10.333333333333334,72.66666666666667,6.333333333333334,66.78333333333333,25.0
101108,Chris Paul,1610612759,82,28.0,98.0,46.0,92.0,47.66666666666667,79.0,63.66666666666667,15.666666666666668,88.66666666666667,34.66666666666667,6.333333333333334,61.116666666666674,53.0
1630551,Justin Champagnie,1610612764,62,21.6,10.333333333333334,73.33333333333333,26.666666666666668,88.66666666666667,72.33333333333334,5.0,82.66666666666667,42.66666666666667,31.333333333333336,61.33333333333333,50.266666666666666,132.0
1629004,Svi Mykhailiuk,1610612762,38,20.0,22.333333333333332,22.333333333333332,39.0,20.666666666666668,63.33333333333333,40.0,31.333333333333336,42.66666666666667,31.0,6.333333333333334,31.55,274.0
203957,Danté Exum,1610612742,20,18.6,81.66666666666667,50.33333333333333,0.0,67.0,8.666666666666668,63.66666666666667,84.33333333333334,10.333333333333334,0.6666666666666667,29.333333333333332,41.866666666666674,202.0
1641726,Dereck Lively II,1610612742,36,23.1,72.0,99.66666666666667,62.66666666666667,98.66666666666667,52.666666666666664,93.33333333333333,99.0,24.666666666666668,3.6666666666666665,93.0,71.05000000000001,8.0
1627827,Dorian Finney-Smith,1610612747,63,28.9,29.333333333333332,30.0,51.0,83.33333333333334,35.0,76.0,38.666666666666664,24.666666666666668,7.666666666666666,50.33333333333333,43.23333333333333,192.0
1642268,Isaiah Collier,1610612762,71,25.9,71.33333333333334,16.333333333333332,46.33333333333333,3.6666666666666665,39.666666666666664,40.0,14.333333333333334,42.66666666666667,42.66666666666667,6.333333333333334,33.95,265.0
1630702,Jaden Hardy,1610612742,57,15.9,5.333333333333334,5.333333333333334,0.0,34.66666666666667,28.000000000000004,5.0,19.666666666666664,94.33333333333334,37.666666666666664,29.333333333333332,21.500000000000004,297.0
203482,Kelly Olynyk,1610612740,44,20.2,42.66666666666667,85.66666666666667,0.0,61.0,92.66666666666666,80.33333333333333,74.66666666666667,10.333333333333334,1.0,78.33333333333333,49.400000000000006,140.0
203484,Kentavious Caldwell-Pope,1610612763,77,29.6,74.33333333333333,24.666666666666668,70.0,47.66666666666667,56.00000000000001,58.333333333333336,43.666666666666664,42.66666666666667,97.66666666666667,6.333333333333334,56.36666666666667,78.0
1642273,Kyshawn George,1610612764,68,26.5,48.0,23.0,63.66666666666667,8.666666666666668,68.33333333333333,25.333333333333336,3.6666666666666665,88.66666666666667,10.0,50.33333333333333,36.766666666666666,250.0
1629052,Oshae Brissett,1610612755,6,23.7,0.6666666666666667,99.0,11.333333333333332,68.0,88.0,81.66666666666667,29.666666666666668,1.3333333333333335,34.333333333333336,80.33333333333333,45.26666666666667,175.0
1631213,Tyrese Martin,1610612751,60,21.9,38.333333333333336,10.0,77.33333333333333,30.333333333333336,21.666666666666668,25.333333333333336,13.0,42.66666666666667,71.33333333333334,50.33333333333333,39.416666666666664,225.0
1642266,Ja'Kobe Walter,1610612761,52,21.2,32.666666666666664,73.33333333333333,0.0,14.333333333333334,75.66666666666667,52.666666666666664,23.333333333333332,77.33333333333333,38.333333333333336,29.333333333333332,36.083333333333336,257.0
1631170,Jaime Jaquez Jr.,1610612748,66,20.7,38.333333333333336,7.000000000000001,91.66666666666666,17.666666666666668,72.33333333333334,25.333333333333336,31.666666666666664,88.66666666666667,46.0,68.33333333333333,46.96666666666667,161.0
1641824,Matas Buzelis,1610612741,80,18.9,10.333333333333334,42.66666666666667,12.0,54.0,10.666666666666668,58.333333333333336,48.333333333333336,24.666666666666668,21.666666666666668,50.33333333333333,30.45,280.0
1626204,Larry Nance Jr.,1610612737,24,19.3,75.66666666666667,42.333333333333336,70.66666666666667,91.33333333333333,92.66666666666666,82.66666666666667,80.66666666666666,42.66666666666667,62.66666666666667,87.66666666666667,74.13333333333334,4.0
1630573,Sam Hauser,1610612738,71,21.7,91.66666666666666,84.0,80.0,92.33333333333333,52.666666666666664,58.333333333333336,26.0,42.66666666666667,51.66666666666667,29.333333333333332,67.55000000000001,23.0
1641717,Cason Wallace,1610612760,68,27.6,87.0,67.0,93.66666666666667,52.0,97.33333333333334,73.0,53.666666666666664,96.33333333333334,19.0,29.333333333333332,68.53333333333333,21.0
1631197,Jared Rhoden,1610612761,14,16.2,49.333333333333336,17.0,26.666666666666668,60.0,63.33333333333333,40.0,79.66666666666666,0.0,92.33333333333333,29.333333333333332,49.1,142.0
1629669,Jaylen Nowell,1610612740,8,21.0,76.66666666666667,0.33333333333333337,42.0,0.6666666666666667,35.0,25.333333333333336,5.666666666666666,3.3333333333333335,96.33333333333334,29.333333333333332,34.53333333333333,263.0
1629634,Brandon Clarke,1610612763,64,18.9,38.333333333333336,88.33333333333333,47.0,95.0,75.66666666666667,82.0,95.33333333333334,63.0,9.666666666666666,80.33333333333333,65.21666666666668,34.0
1630314,Brandon Williams,1610612742,33,14.8,58.333333333333336,96.0,56.333333333333336,81.0,90.33333333333333,25.333333333333336,68.33333333333333,99.66666666666667,54.333333333333336,6.333333333333334,66.81666666666666,24.0
1628971,Bruce Brown,1610612740,41,22.5,61.0,28.999999999999996,57.99999999999999,6.0,68.33333333333333,58.333333333333336,64.33333333333333,24.666666666666668,21.0,68.33333333333333,44.58333333333333,182.0
1630625,Dalano Banton,1610612757,67,16.7,52.33333333333333,48.66666666666667,86.33333333333333,5.0,68.33333333333333,5.0,9.666666666666666,10.333333333333334,69.66666666666667,29.333333333333332,43.416666666666664,190.0
1631165,Keon Ellis,1610612758,80,24.4,38.333333333333336,43.666666666666664,26.666666666666668,96.0,98.33333333333333,63.66666666666667,63.66666666666667,63.0,14.333333333333334,6.333333333333334,52.800000000000004,111.0
1630188,Jalen Smith,1610612741,64,15.0,38.333333333333336,87.0,47.0,58.666666666666664,1.0,85.0,50.66666666666667,42.66666666666667,24.333333333333336,90.33333333333333,48.800000000000004,147.0
201144,Mike Conley,1610612750,71,24.7,97.33333333333334,24.666666666666668,85.66666666666667,36.333333333333336,72.33333333333334,16.0,34.0,24.666666666666668,37.0,29.333333333333332,53.20000000000001,108.0
1627752,Taurean Prince,1610612749,80,27.1,57.333333333333336,58.333333333333336,12.0,83.33333333333334,60.333333333333336,5.0,68.33333333333333,3.3333333333333335,18.0,29.333333333333332,45.28333333333334,174.0
1631212,Peyton Watson,1610612743,68,24.3,44.666666666666664,58.666666666666664,9.0,38.0,39.666666666666664,63.66666666666667,69.66666666666667,63.0,11.666666666666666,6.333333333333334,38.36666666666667,236.0
1642366,Quinten Post,1610612744,42,16.3,35.66666666666667,48.66666666666667,0.0,76.0,21.666666666666668,79.33333333333333,52.33333333333333,24.666666666666668,14.666666666666666,85.66666666666667,39.96666666666667,221.0
1628997,Caleb Martin,1610612742,45,27.1,44.666666666666664,98.0,47.0,10.333333333333334,60.333333333333336,52.666666666666664,13.666666666666666,63.0,0.0,6.333333333333334,38.6,233.0
1630558,Davion Mitchell,1610612748,74,27.4,90.0,15.0,91.0,58.666666666666664,56.00000000000001,25.333333333333336,49.666666666666664,42.66666666666667,4.0,6.333333333333334,52.13333333333333,116.0
1630549,Day'Ron Sharpe,1610612751,50,18.1,20.666666666666668,91.0,38.333333333333336,46.33333333333333,72.33333333333334,91.66666666666666,80.33333333333333,63.0,25.666666666666664,96.33333333333334,55.28333333333334,85.0
1630623,Tyson Etienne,1610612751,7,21.6,28.999999999999996,0.0,54.666666666666664,2.3333333333333335,72.33333333333334,0.0,1.0,1.0,94.33333333333334,29.333333333333332,31.18333333333334,275.0
1642354,KJ Simpson,1610612766,36,23.4,60.0,5.0,41.66666666666667,0.33333333333333337,75.66666666666667,63.66666666666667,1.3333333333333335,63.0,78.66666666666666,6.333333333333334,38.016666666666666,238.0
1631255,Karlo Matković,1610612740,42,18.8,10.0,88.33333333333333,8.0,91.66666666666666,68.33333333333333,88.33333333333333,86.66666666666667,77.33333333333333,3.3333333333333335,92.0,54.0,103.0
1629611,Terance Mann,1610612737,67,21.1,82.33333333333334,91.66666666666666,74.66666666666667,72.0,72.33333333333334,69.33333333333334,81.33333333333333,10.333333333333334,8.0,50.33333333333333,66.18333333333332,29.0
1642358,AJ Johnson,1610612764,29,22.0,70.66666666666667,21.0,63.66666666666667,1.0,10.666666666666668,1.3333333333333335,11.0,10.333333333333334,50.0,0.0,30.15,281.0
1628366,Lonzo Ball,1610612741,35,22.2,86.66666666666667,6.333333333333334,85.33333333333334,17.666666666666668,92.0,40.0,2.0,77.33333333333333,47.66666666666667,50.33333333333333,51.63333333333333,120.0
1631131,Oscar Tshiebwe,1610612762,14,18.2,2.3333333333333335,88.0,51.66666666666667,87.33333333333333,79.0,99.0,94.0,97.33333333333334,85.0,98.33333333333333,70.53333333333333,11.0
1629726,Garrison Mathews,1610612737,47,17.6,52.666666666666664,67.66666666666666,54.333333333333336,66.0,35.0,16.0,15.0,10.333333333333334,15.666666666666668,29.333333333333332,42.06666666666666,201.0
1629680,Matisse Thybulle,1610612757,15,20.8,68.66666666666667,77.33333333333333,70.33333333333334,82.33333333333334,99.66666666666667,63.66666666666667,77.66666666666666,42.66666666666667,87.66666666666667,6.333333333333334,73.06666666666668,6.0
1631260,AJ Green,1610612749,73,22.7,91.66666666666666,18.333333333333332,80.0,90.0,10.666666666666668,52.666666666666664,36.0,42.66666666666667,21.333333333333336,29.333333333333332,54.11666666666667,101.0
1630182,Josh Green,1610612766,68,27.8,32.666666666666664,60.333333333333336,26.666666666666668,38.0,52.666666666666664,58.333333333333336,41.333333333333336,63.0,24.0,6.333333333333334,38.81666666666666,228.0
1626158,Richaun Holmes,1610612764,31,17.2,61.0,92.33333333333333,57.99999999999999,96.66666666666667,35.0,96.33333333333334,96.33333333333334,42.66666666666667,5.333333333333334,82.0,66.30000000000001,27.0
202692,Alec Burks,1610612748,49,17.6,49.333333333333336,78.0,0.0,79.0,39.666666666666664,25.333333333333336,27.333333333333332,3.3333333333333335,59.0,6.333333333333334,41.4,206.0
203083,Andre Drummond,1610612755,40,18.8,1.0,11.0,63.66666666666667,17.666666666666668,82.33333333333334,94.66666666666667,80.0,63.0,6.333333333333334,96.33333333333334,43.01666666666667,193.0
1641878,Damion Baugh,1610612766,15,24.7,47.0,3.0,86.33333333333333,0.0,88.0,25.333333333333336,0.0,24.666666666666668,96.66666666666667,61.33333333333333,44.33333333333333,185.0
1641741,Ricky Council IV,1610612755,73,17.1,52.666666666666664,7.000000000000001,63.66666666666667,1.6666666666666667,60.333333333333336,40.0,3.3333333333333335,24.666666666666668,77.66666666666666,61.33333333333333,38.833333333333336,227.0
1631342,Daeqwon Plowden,1610612737,6,11.9,0.33333333333333337,98.33333333333333,94.0,99.66666666666667,0.33333333333333337,0.0,90.33333333333333,24.666666666666668,99.33333333333333,74.0,62.86666666666667,44.0
1641713,GG Jackson,1610612763,29,15.8,4.0,3.0,0.0,3.0,28.000000000000004,40.0,6.333333333333334,63.0,14.000000000000002,29.333333333333332,12.800000000000002,300.0
1629048,Goga Bitadze,1610612753,70,20.4,61.0,95.66666666666667,57.99999999999999,94.0,72.33333333333334,93.33333333333333,94.66666666666667,42.66666666666667,10.333333333333334,93.66666666666667,70.73333333333335,10.0
1641772,Nae'Qwan Tomlin,1610612739,5,12.7,5.333333333333334,24.666666666666668,0.0,1.0,0.33333333333333337,76.0,59.66666666666667,24.666666666666668,97.0,94.66666666666667,28.883333333333336,287.0
1630241,Sam Merrill,1610612739,71,19.7,91.66666666666666,1.0,80.0,62.0,60.333333333333336,63.66666666666667,15.0,10.333333333333334,23.666666666666668,6.333333333333334,49.06666666666666,143.0
1630200,Tre Jones,1610612741,46,19.7,99.33333333333333,93.33333333333333,95.66666666666667,76.0,63.33333333333333,5.0,97.33333333333334,24.666666666666668,16.666666666666664,6.333333333333334,69.51666666666667,14.0
1641783,Tristan da Silva,1610612753,74,22.0,54.666666666666664,62.66666666666667,54.666666666666664,17.666666666666668,18.0,40.0,27.333333333333332,24.666666666666668,35.333333333333336,61.33333333333333,39.68333333333334,222.0
1630249,Vít Krejčí,1610612737,57,20.2,90.33333333333333,40.0,63.66666666666667,97.0,21.666666666666668,16.0,64.0,42.66666666666667,6.666666666666667,6.333333333333334,54.133333333333326,100.0
1627936,Alex Caruso,1610612760,54,19.3,96.66666666666667,1.6666666666666667,13.666666666666666,48.66666666666667,99.33333333333333,73.0,45.666666666666664,77.33333333333333,24.666666666666668,50.33333333333333,51.01666666666667,124.0
1641720,Jalen Hood-Schifino,1610612755,15,21.0,67.66666666666666,13.0,60.66666666666667,2.666666666666667,21.666666666666668,40.0,11.0,10.333333333333334,38.666666666666664,6.333333333333334,30.916666666666668,278.0
1642347,Jamal Shead,1610612761,75,19.6,84.0,37.666666666666664,36.0,8.0,79.0,5.0,4.666666666666667,24.666666666666668,28.666666666666668,6.333333333333334,36.0,258.0
1642419,Jamison Battle,1610612761,59,17.7,48.333333333333336,34.66666666666667,50.33333333333333,74.33333333333333,3.0,25.333333333333336,24.0,10.333333333333334,52.666666666666664,29.333333333333332,40.63333333333333,215.0
1629006,Josh Okogie,1610612766,40,15.6,5.333333333333334,75.0,24.333333333333336,35.0,97.66666666666667,25.333333333333336,1.6666666666666667,98.33333333333333,9.0,74.0,37.916666666666664,240.0
1630543,Isaiah Jackson,1610612754,5,16.8,5.333333333333334,24.666666666666668,24.333333333333336,89.66666666666666,60.333333333333336,91.66666666666666,95.33333333333334,77.33333333333333,1.3333333333333335,82.0,48.616666666666674,148.0
1631301,Jaylen Sims,1610612766,6,18.6,28.666666666666668,40.0,96.66666666666667,38.0,5.666666666666666,52.666666666666664,3.0,1.3333333333333335,97.33333333333334,0.0,41.800000000000004,203.0
1630288,Jeff Dowtin Jr.,1610612755,41,15.1,98.33333333333333,15.0,0.0,49.666666666666664,75.66666666666667,16.0,47.66666666666667,10.333333333333334,95.0,6.333333333333334,47.16666666666666,159.0
1630585,Marcus Garrett,1610612766,4,19.8,72.66666666666667,5.666666666666666,78.66666666666666,5.333333333333334,89.66666666666666,0.0,29.666666666666668,0.0,94.66666666666667,0.0,45.46666666666667,172.0
1641810,Antonio Reeves,1610612740,44,15.0,16.333333333333332,32.0,35.333333333333336,69.33333333333334,21.666666666666668,1.3333333333333335,57.666666666666664,42.66666666666667,51.33333333333333,6.333333333333334,36.93333333333334,247.0
