PLAYER_ID,PLAYER_NAME,TEAM_ID,POSITION,GP,MIN,ast_tov_ratio_percentile,late_clock_efficiency_percentile,clutch_ast_tov_percentile,efg_pct_percentile,deflections_per_36_percentile,screen_assists_per_36_percentile,shooting_foul_pct_percentile,personal_foul_rate_percentile,age_percentile,ast_pct_percentile,composite_weighted_iq,rank_weighted_iq
1630169,Tyrese Haliburton,1610612754,PG,73,33.6,99.7,66.7,92.6,93.1,91.3,86.2,80.7,97.7,29.7,98.0,143.0,1
203999,Nikola Jokić,1610612743,C,70,36.7,93.7,45.8,77.8,81.6,98.0,93.9,95.9,69.3,74.3,99.3,140.0,2
2544,LeBron James,1610612747,SF,70,34.9,73.7,77.4,85.9,74.1,62.7,88.9,98.1,96.0,99.7,98.3,137.0,3
201939,Stephen Curry,1610612744,PG,70,32.2,65.7,84.2,21.5,89.7,77.3,96.6,87.7,96.0,97.3,92.7,135.0,4
1626145,Tyus Jones,1610612756,PG,81,26.8,98.7,50.9,97.3,87.9,38.7,77.6,89.5,99.7,67.7,88.7,134.0,5
203507,Giannis Antetokounmpo,1610612749,PF,67,34.2,68.3,90.0,92.6,80.8,43.0,90.4,84.6,61.7,79.7,96.0,132.0,6
1628983,Shai Gilgeous-Alexander,1610612760,PG,76,34.2,85.0,75.4,85.9,84.5,90.3,43.1,63.2,66.0,50.3,92.7,130.0,7
1628973,Jalen Brunson,1610612752,PG,65,35.4,91.0,89.5,91.9,75.9,33.7,51.7,82.5,69.3,67.7,94.0,130.0,8
1629660,Ty Jerome,1610612739,SG,70,19.9,83.7,90.5,62.0,94.3,79.0,34.5,78.6,50.7,60.7,80.3,129.0,9
1629680,Matisse Thybulle,1610612757,SG,15,20.8,68.7,83.3,79.1,87.4,98.7,77.0,83.3,94.7,60.7,39.7,129.0,10
1629636,Darius Garland,1610612739,PG,75,30.7,85.7,71.9,98.7,82.8,64.0,25.9,78.9,69.3,40.7,93.7,128.0,11
1630202,Payton Pritchard,1610612738,PG,80,28.4,96.3,78.9,62.0,96.6,30.0,60.3,86.0,85.7,60.7,61.7,128.0,12
202710,Jimmy Butler III,1610612744,SF,55,31.7,97.7,50.9,62.0,35.2,93.0,94.4,69.8,99.0,96.3,82.0,128.0,13
1627750,Jamal Murray,1610612743,PG,67,36.1,89.7,82.5,99.7,70.7,80.7,69.0,45.6,85.7,60.7,77.7,127.0,14
101108,Chris Paul,1610612759,PG,82,28.0,98.0,57.9,92.3,70.7,83.3,93.1,22.8,61.7,99.3,95.7,127.0,15
202681,Kyrie Irving,1610612742,SG,50,36.1,68.0,77.4,42.1,56.3,95.0,78.2,82.1,80.0,88.3,69.3,125.0,16
1628379,Luke Kennard,1610612763,SG,65,22.6,91.7,66.7,83.2,94.3,31.7,58.6,67.9,97.7,67.7,64.0,125.0,17
1628404,Josh Hart,1610612752,SG,77,37.6,87.3,89.3,42.1,80.5,91.0,98.9,22.6,58.3,74.3,70.7,124.0,18
1630581,Josh Giddey,1610612741,PG,70,30.2,80.7,70.2,92.6,63.8,75.7,74.1,40.4,75.0,12.7,94.3,124.0,19
1629639,Tyler Herro,1610612748,SG,77,35.4,69.0,71.4,54.9,75.9,44.3,41.4,92.9,99.0,40.7,84.7,124.0,20
203081,Damian Lillard,1610612749,PG,58,36.1,81.0,29.8,62.0,77.6,92.3,19.0,75.4,92.3,94.3,91.3,124.0,21
204456,T.J. McConnell,1610612754,PG,79,17.9,94.0,93.0,84.8,65.5,72.3,1.7,49.1,80.0,88.3,97.7,123.0,22
1630178,Tyrese Maxey,1610612755,PG,52,37.7,81.3,45.6,80.8,51.7,87.0,39.7,84.2,75.0,29.7,89.3,123.0,23
1628401,Derrick White,1610612738,SG,76,33.9,87.7,51.2,80.8,86.2,70.0,60.9,47.6,85.7,79.7,68.3,123.0,24
1628969,Mikal Bridges,1610612752,SF,82,37.0,77.3,73.6,85.9,68.5,50.7,55.6,94.3,96.0,67.7,46.7,122.0,25
201950,Jrue Holiday,1610612738,PG,62,30.6,95.3,59.6,85.9,69.0,73.0,94.8,31.6,85.7,94.3,59.7,122.0,26
1627734,Domantas Sabonis,1610612758,C,70,34.7,65.7,62.5,46.5,77.6,57.7,98.0,65.3,19.3,67.7,84.0,121.0,27
1630288,Jeff Dowtin Jr.,1610612755,PG,41,15.1,98.3,24.6,97.0,74.1,45.7,12.1,98.2,92.3,60.7,66.3,121.0,28
1630559,Austin Reaves,1610612747,SG,73,34.9,79.0,19.0,92.6,58.6,61.0,94.3,59.5,75.0,50.3,81.0,120.0,29
1641764,Brandin Podziemski,1610612744,SG,64,26.8,88.0,52.4,21.5,48.3,70.7,93.1,75.0,80.0,6.0,64.7,120.0,30
1631128,Christian Braun,1610612743,SG,79,33.9,83.3,82.1,85.9,97.7,58.3,95.4,36.9,66.0,19.3,27.7,120.0,31
1630595,Cade Cunningham,1610612765,PG,70,35.0,65.3,87.7,21.5,58.6,71.7,63.8,59.6,34.0,19.3,98.7,119.0,32
1626164,Devin Booker,1610612756,SG,75,37.3,80.0,70.2,98.0,29.9,37.3,66.7,77.4,50.7,67.7,92.0,119.0,33
1629029,Luka Dončić,1610612747,PG,50,35.4,69.3,61.4,85.9,67.2,95.7,24.1,43.9,50.7,40.7,96.7,118.0,34
1641708,Amen Thompson,1610612745,SF,69,32.3,57.3,92.5,62.0,75.9,91.3,53.7,60.4,43.7,12.7,58.7,118.0,35
1630631,Jose Alvarado,1610612740,PG,56,24.4,93.3,38.6,98.7,36.2,87.0,34.5,61.4,61.7,50.3,87.7,118.0,36
1630200,Tre Jones,1610612741,PG,46,19.7,99.3,96.5,97.6,91.4,36.0,10.3,10.5,69.3,40.7,90.0,118.0,37
1630193,Immanuel Quickley,1610612761,PG,33,27.8,95.0,17.5,85.5,56.9,38.7,69.0,57.9,61.7,40.7,93.3,118.0,38
1628978,Donte DiVincenzo,1610612750,SG,62,25.9,74.3,54.8,85.9,71.3,85.0,58.6,44.0,50.7,67.7,68.3,118.0,39
1627832,Fred VanVleet,1610612745,PG,60,35.2,97.0,19.3,92.6,20.7,93.7,98.3,47.4,61.7,79.7,72.3,117.0,40
1629627,Zion Williamson,1610612740,PF,30,28.6,47.3,92.0,54.9,59.6,86.7,59.6,48.1,19.3,29.7,97.0,117.0,41
1631114,Jalen Williams,1610612760,SG,69,32.4,77.7,58.3,92.6,44.8,96.7,18.4,66.7,58.3,19.3,78.7,117.0,42
1627763,Malcolm Brogdon,1610612764,PG,24,23.5,82.0,94.7,78.5,6.9,18.7,39.7,94.7,85.7,88.3,88.3,116.0,43
1630700,Dyson Daniels,1610612737,SG,76,33.8,72.7,85.7,46.5,48.3,99.7,71.3,45.2,58.3,6.0,61.0,116.0,44
1630163,LaMelo Ball,1610612766,PG,47,32.0,65.0,5.3,92.6,34.5,92.0,81.0,73.7,11.3,19.3,99.0,116.0,45
1627783,Pascal Siakam,1610612754,PF,78,32.7,79.3,50.0,62.0,61.5,68.0,65.4,71.2,43.7,79.7,53.7,116.0,46
1630314,Brandon Williams,1610612742,PG,33,14.8,58.3,98.2,58.2,94.8,60.7,22.4,36.8,61.7,40.7,77.7,116.0,47
1628369,Jayson Tatum,1610612738,PF,72,36.4,65.7,38.0,82.8,40.4,70.7,21.2,92.3,69.3,50.3,86.7,115.0,48
1630590,Scotty Pippen Jr.,1610612763,PG,79,21.3,82.7,86.0,92.6,79.3,88.7,12.1,17.5,5.7,29.7,87.0,115.0,49
1630230,Naji Marshall,1610612742,SF,69,27.8,54.7,86.8,85.9,51.9,58.3,51.9,71.7,80.0,60.7,54.0,114.0,50
1630165,Killian Hayes,1610612751,PG,6,27.1,96.0,1.8,91.6,46.6,74.0,20.7,77.2,34.0,19.3,90.0,114.0,51
202695,Kawhi Leonard,1610612746,SF,37,31.9,36.3,90.6,11.1,66.7,94.3,5.6,96.2,92.3,92.7,55.0,114.0,52
1629630,Ja Morant,1610612763,PG,50,30.4,60.7,71.9,79.1,44.8,76.7,5.2,71.9,43.7,40.7,96.0,114.0,53
1628392,Isaiah Hartenstein,1610612760,C,57,27.9,74.0,79.2,92.6,53.1,79.3,91.8,24.5,10.0,50.3,62.3,114.0,54
201144,Mike Conley,1610612750,PG,71,24.7,97.3,36.8,92.6,62.1,65.3,34.5,24.6,66.0,98.7,80.3,114.0,55
1626204,Larry Nance Jr.,1610612737,PF,24,19.3,75.7,26.0,76.4,84.6,74.0,71.2,63.5,34.0,88.3,33.3,114.0,56
1628389,Bam Adebayo,1610612748,C,78,34.3,64.7,25.0,62.0,10.2,93.3,75.5,93.9,69.3,60.7,68.0,114.0,57
201142,Kevin Durant,1610612756,PF,62,36.5,18.3,98.0,85.9,75.0,35.0,21.2,86.5,92.3,97.3,66.3,113.0,58
1629027,Trae Young,1610612737,PG,76,36.0,80.3,14.0,80.8,27.6,67.7,25.9,70.2,85.7,50.3,99.7,113.0,59
1627749,Dejounte Murray,1610612740,PG,31,32.6,71.7,7.0,98.0,1.7,96.0,25.9,93.0,69.3,67.7,95.3,113.0,60
1641718,Keyonte George,1610612762,PG,67,31.5,67.3,56.1,21.5,27.6,16.3,81.0,91.2,85.7,6.0,86.3,113.0,61
1627747,Caris LeVert,1610612737,SG,64,24.9,88.0,97.6,62.0,67.8,78.0,9.2,20.2,69.3,79.7,61.7,112.0,62
1629628,RJ Barrett,1610612761,SF,58,32.2,54.0,49.1,79.1,27.8,82.0,57.4,64.2,50.7,29.7,87.7,112.0,63
1628368,De'Aaron Fox,1610612759,PG,62,36.1,74.3,80.7,54.9,53.4,94.0,48.3,3.5,50.7,60.7,87.3,112.0,64
1641717,Cason Wallace,1610612760,SG,68,27.6,87.0,72.6,62.0,57.5,97.3,96.6,14.3,39.3,6.0,35.0,112.0,65
203084,Harrison Barnes,1610612759,PF,82,27.2,88.0,78.0,21.5,92.3,10.0,42.3,73.1,98.7,88.3,19.0,112.0,66
1628386,Jarrett Allen,1610612739,C,82,28.0,31.7,87.5,21.5,98.0,57.3,83.7,61.2,80.0,50.3,24.7,112.0,67
1630552,Jalen Johnson,1610612737,SF,36,35.7,43.7,3.8,15.8,44.4,88.3,92.6,81.1,85.7,19.3,69.3,111.0,68
1628378,Donovan Mitchell,1610612739,SG,71,31.4,78.3,31.0,21.5,34.5,82.7,23.0,81.0,66.0,67.7,79.3,111.0,69
1630530,Trey Murphy III,1610612740,SF,53,35.0,52.0,45.3,21.5,53.7,81.3,64.8,77.4,69.3,29.7,54.3,111.0,70
1630198,Isaiah Joe,1610612760,SG,74,21.7,94.7,25.0,85.2,92.0,28.0,75.9,46.4,58.3,40.7,26.0,111.0,71
203078,Bradley Beal,1610612756,SG,53,32.1,60.3,94.0,62.0,77.0,83.0,32.2,25.0,34.0,84.7,60.0,111.0,72
201935,James Harden,1610612746,PG,79,35.3,64.0,43.9,21.5,37.9,86.0,3.4,68.4,75.0,96.3,97.3,110.0,73
1630578,Alperen Sengun,1610612745,C,76,31.5,56.0,41.7,62.0,8.2,83.7,71.4,87.8,28.7,12.7,79.7,110.0,74
1630217,Desmond Bane,1610612753,SG,69,32.0,73.3,50.0,42.1,69.0,59.7,23.0,50.0,43.7,50.3,79.0,110.0,75
1629632,Coby White,1610612741,SG,74,33.1,54.7,75.0,46.5,58.6,24.7,50.6,73.8,66.0,29.7,66.0,110.0,76
1629611,Terance Mann,1610612737,SG,67,21.1,82.3,96.4,78.8,79.3,49.7,86.2,3.6,22.0,67.7,36.0,110.0,77
203484,Kentavious Caldwell-Pope,1610612763,SG,77,29.6,74.3,50.0,75.8,50.6,69.0,90.8,50.0,75.0,84.7,19.7,110.0,78
202696,Nikola Vučević,1610612741,C,73,31.2,72.3,29.2,21.5,59.2,40.7,59.2,81.6,50.7,94.3,59.0,110.0,79
1630567,Scottie Barnes,1610612761,PF,65,32.8,66.7,18.0,21.5,7.7,76.3,51.9,88.5,85.7,19.3,88.7,109.0,80
203468,CJ McCollum,1610612740,PG,56,32.7,70.3,54.4,85.9,60.3,33.7,25.9,56.1,61.7,92.7,70.3,109.0,81
1630540,Miles McBride,1610612752,PG,64,24.9,99.0,49.1,0.0,55.2,66.3,69.0,35.1,61.7,29.7,52.3,109.0,82
201942,DeMar DeRozan,1610612758,SF,77,35.9,94.0,39.6,85.9,20.4,52.7,14.8,73.6,80.0,96.3,64.7,109.0,83
1630583,Santi Aldama,1610612763,PF,65,25.5,84.7,58.0,80.5,57.7,22.7,13.5,67.3,94.7,29.7,51.7,109.0,84
1630558,Davion Mitchell,1610612748,PG,74,27.4,90.0,24.6,62.0,81.0,64.0,60.3,0.0,22.0,50.3,80.0,109.0,85
1630598,Aaron Wiggins,1610612760,SG,76,22.9,61.0,56.0,58.9,83.9,54.3,64.4,42.9,75.0,50.3,31.3,108.0,86
203915,Spencer Dinwiddie,1610612742,PG,79,27.0,95.7,33.3,46.5,37.9,16.7,79.3,38.6,80.0,84.7,75.3,108.0,87
1629012,Collin Sexton,1610612762,SG,63,27.9,41.0,91.7,21.5,47.1,44.3,78.2,51.2,34.0,50.3,81.3,108.0,88
1630573,Sam Hauser,1610612738,PF,71,21.7,91.7,78.0,83.2,90.4,33.0,25.0,50.0,80.0,60.7,3.0,108.0,89
1629661,Cameron Johnson,1610612751,PF,57,31.6,61.0,40.0,11.1,65.4,54.3,28.8,75.0,75.0,67.7,64.0,108.0,90
203932,Aaron Gordon,1610612743,PF,51,28.4,75.7,72.0,76.4,82.7,7.3,51.9,26.9,80.0,74.3,50.7,108.0,91
1627826,Ivica Zubac,1610612746,C,80,32.8,41.3,77.1,21.5,83.7,14.7,77.6,69.4,66.0,60.7,40.0,108.0,92
1629622,Max Strus,1610612739,SF,50,25.5,90.7,60.4,62.0,88.9,6.7,81.5,11.3,34.0,67.7,52.3,108.0,93
203110,Draymond Green,1610612744,PF,68,29.2,69.7,70.0,62.0,25.0,87.0,86.5,7.7,8.3,94.3,84.7,108.0,94
1630532,Franz Wagner,1610612753,SF,60,33.7,64.3,34.0,21.5,16.7,76.0,48.1,79.2,50.7,19.3,85.3,108.0,95
1630596,Evan Mobley,1610612739,PF,71,30.5,32.7,76.0,21.5,78.8,52.3,92.3,38.5,66.0,19.3,51.3,108.0,96
1626156,D'Angelo Russell,1610612751,PG,58,25.5,86.0,35.1,54.9,15.5,74.7,89.7,12.3,39.3,67.7,92.3,107.0,97
1628366,Lonzo Ball,1610612741,PG,35,22.2,86.7,10.5,92.6,37.9,81.7,56.9,28.1,58.3,60.7,65.3,107.0,98
203944,Julius Randle,1610612750,PF,69,32.3,40.7,68.0,21.5,44.2,37.0,84.6,61.5,39.3,79.7,76.0,107.0,99
1630245,Ayo Dosunmu,1610612741,SG,46,30.3,91.7,3.6,83.2,64.4,38.0,50.6,38.1,43.7,40.7,68.3,107.0,100
1627751,Jakob Poeltl,1610612761,C,57,29.6,25.3,75.0,11.1,83.7,89.3,87.8,36.7,11.3,74.3,47.3,107.0,101
1641726,Dereck Lively II,1610612742,C,36,23.1,72.0,97.9,61.6,93.9,40.7,53.1,12.2,5.7,1.0,46.3,107.0,102
1627936,Alex Caruso,1610612760,SG,54,19.3,96.7,2.4,9.1,51.7,96.3,90.8,19.0,16.3,79.7,56.3,106.0,103
1628960,Grayson Allen,1610612756,SG,64,24.1,44.7,81.0,62.0,88.5,28.0,50.6,39.3,69.3,74.3,38.7,105.0,104
1627736,Malik Beasley,1610612765,SG,82,27.8,41.7,45.2,51.5,81.6,48.0,48.3,76.2,80.0,67.7,21.3,105.0,105
1629652,Luguentz Dort,1610612760,SF,71,29.2,75.7,67.9,62.0,72.2,77.3,87.0,26.4,13.7,40.7,7.3,105.0,106
1626158,Richaun Holmes,1610612764,PF,31,17.2,61.0,94.0,58.9,96.2,9.0,96.2,3.8,22.0,84.7,37.3,105.0,107
201566,Russell Westbrook,1610612743,PG,75,27.9,58.0,15.8,21.5,50.0,84.0,55.2,33.3,25.0,97.3,91.0,105.0,108
1630162,Anthony Edwards,1610612750,SG,79,36.3,21.7,36.9,17.2,54.0,73.3,18.4,90.5,85.7,19.3,71.0,105.0,109
1629638,Nickeil Alexander-Walker,1610612750,SG,82,25.3,74.3,32.1,75.8,58.6,70.7,46.0,26.2,61.7,50.3,50.7,105.0,110
203957,Danté Exum,1610612742,PG,20,18.6,81.7,64.9,0.0,84.5,3.0,81.0,8.8,22.0,74.3,73.7,105.0,111
1629130,Duncan Robinson,1610612748,SF,74,24.1,61.0,20.8,46.5,83.3,29.0,81.5,39.6,43.7,79.7,48.7,104.0,112
1629651,Nic Claxton,1610612751,C,70,26.9,49.3,58.3,21.5,44.9,49.7,61.2,85.7,34.0,40.7,43.0,104.0,113
1628989,Kevin Huerter,1610612741,SG,69,24.3,76.7,95.2,77.1,32.2,68.3,81.6,1.2,50.7,50.3,39.0,104.0,114
1629008,Michael Porter Jr.,1610612743,SF,77,33.7,25.7,62.3,62.0,94.4,26.0,77.8,58.5,69.3,50.3,19.7,104.0,115
202691,Klay Thompson,1610612742,SF,72,27.3,38.3,56.6,62.0,38.9,19.3,63.0,92.5,96.0,94.3,31.7,104.0,116
1629614,Andrew Nembhard,1610612754,SG,65,28.9,91.3,63.1,42.1,16.1,65.3,39.1,29.8,34.0,40.7,76.0,104.0,117
1629673,Jordan Poole,1610612764,SG,68,29.4,25.7,45.2,21.5,52.9,54.0,83.9,53.6,13.7,40.7,82.7,103.0,118
1626220,Royce O'Neale,1610612756,SF,75,24.5,79.7,18.9,77.8,85.2,37.3,66.7,20.8,31.7,84.7,38.3,103.0,119
1630170,Devin Vassell,1610612759,SG,64,31.0,66.7,34.5,46.5,43.7,78.0,9.2,69.0,80.0,29.7,44.3,103.0,120
1631093,Jaden Ivey,1610612765,SG,30,29.9,17.3,84.5,54.9,37.9,46.7,66.7,64.3,43.7,12.7,67.0,103.0,121
203903,Jordan Clarkson,1610612762,SG,37,26.0,34.7,32.1,17.2,11.5,26.3,88.5,86.9,85.7,88.3,77.0,103.0,122
203501,Tim Hardaway Jr.,1610612765,SG,77,28.0,85.0,27.4,62.0,42.5,3.7,97.7,61.9,94.7,88.3,12.3,103.0,123
1628370,Malik Monk,1610612758,SG,65,31.6,78.0,13.1,62.0,18.4,50.7,85.1,28.6,39.3,50.3,83.3,103.0,124
1629048,Goga Bitadze,1610612753,C,70,20.4,61.0,81.2,58.9,79.6,49.0,34.7,22.4,11.3,40.7,49.7,103.0,125
1627759,Jaylen Brown,1610612738,SF,63,34.3,44.3,32.1,21.5,22.2,56.3,38.9,90.6,50.7,67.7,73.3,102.0,126
203897,Zach LaVine,1610612758,SG,74,35.2,25.7,42.9,11.1,90.8,27.3,81.6,23.8,92.3,74.3,62.3,102.0,127
1629014,Anfernee Simons,1610612757,SG,70,32.7,78.7,27.4,62.0,25.3,18.7,4.6,70.2,91.7,40.7,78.3,102.0,128
1629656,Quentin Grimes,1610612755,SG,75,26.8,31.0,92.9,62.0,73.6,49.7,31.0,21.4,58.3,29.7,60.7,102.0,129
1631109,Mark Williams,1610612766,C,44,26.6,30.0,95.8,15.8,65.3,29.0,63.3,53.1,25.0,19.3,55.3,102.0,130
1642272,Jared McCain,1610612755,SG,23,25.7,35.7,61.9,0.0,63.2,26.3,16.1,94.0,66.0,1.0,57.0,102.0,131
1629060,Rui Hachimura,1610612747,PF,59,31.7,44.7,82.0,52.2,75.0,48.7,26.9,65.4,80.0,50.3,5.0,102.0,132
1629001,De'Anthony Melton,1610612751,SG,6,20.2,37.7,50.0,46.1,37.9,85.0,50.6,50.0,0.3,50.3,72.0,102.0,133
1630703,Scoot Henderson,1610612757,PG,66,26.7,56.3,42.1,85.9,32.8,89.7,15.5,29.8,12.3,1.0,89.7,102.0,134
1630541,Moses Moody,1610612744,SG,74,22.3,52.7,88.1,56.9,46.0,85.7,35.6,48.8,58.3,12.7,16.3,102.0,135
1642354,KJ Simpson,1610612766,PG,36,23.4,60.0,8.8,42.1,0.0,63.7,91.4,64.9,61.7,12.7,67.3,102.0,136
1641709,Ausar Thompson,1610612765,SF,59,22.5,37.0,69.8,0.0,53.7,97.0,77.8,37.7,4.0,12.7,46.7,101.0,137
203935,Marcus Smart,1610612764,PG,34,20.0,61.0,91.2,58.9,24.1,79.3,34.5,7.0,39.3,79.7,74.7,101.0,138
203497,Rudy Gobert,1610612750,C,72,33.2,25.7,72.9,11.1,87.8,54.3,95.9,40.8,43.7,88.3,11.3,101.0,139
202331,Paul George,1610612755,PF,41,32.5,38.0,66.0,21.5,26.9,98.3,9.6,57.7,43.7,94.3,71.0,101.0,140
1630175,Cole Anthony,1610612763,PG,67,18.4,59.7,50.0,80.8,25.9,39.7,43.1,50.0,4.0,29.7,82.0,101.0,141
1631165,Keon Ellis,1610612758,SG,80,24.4,38.3,52.4,21.5,96.6,97.3,87.4,10.7,22.0,40.7,15.0,101.0,142
1630215,Jared Butler,1610612755,SG,60,17.4,89.3,64.3,82.5,19.5,52.7,3.4,15.5,22.0,29.7,94.7,101.0,143
1641878,Damion Baugh,1610612766,SG,15,24.7,47.0,4.8,10.4,0.0,82.0,35.6,96.4,75.0,29.7,75.7,101.0,144
1630249,Vít Krejčí,1610612737,PG,57,20.2,90.3,50.9,62.0,98.3,13.0,15.5,5.3,22.0,29.7,55.3,100.0,145
1628970,Miles Bridges,1610612766,PF,64,31.7,52.7,12.0,46.5,11.5,33.3,40.4,82.7,92.3,50.3,74.7,100.0,146
1631197,Jared Rhoden,1610612761,SG,14,16.2,49.3,17.9,0.0,64.4,56.3,50.6,89.3,25.0,40.7,31.0,100.0,147
1641706,Brandon Miller,1610612766,SF,27,34.2,16.3,11.3,17.2,16.7,80.0,96.3,88.7,34.0,12.7,62.3,100.0,148
1629669,Jaylen Nowell,1610612740,SG,8,21.0,76.7,0.0,77.1,1.1,23.7,41.4,95.2,85.7,40.7,52.3,100.0,149
1630544,Tre Mann,1610612766,PG,13,24.5,31.0,77.2,17.2,48.3,20.7,56.9,54.4,43.7,19.3,72.3,100.0,150
1642267,Bub Carrington,1610612764,PG,82,30.0,82.7,28.1,85.9,37.9,22.7,63.8,15.8,39.3,0.0,72.3,100.0,151
1626171,Bobby Portis,1610612749,PF,49,25.4,44.7,52.0,52.2,32.7,41.7,76.9,59.6,43.7,74.3,40.7,100.0,152
1628384,OG Anunoby,1610612752,PF,74,36.6,30.3,62.0,62.0,55.8,94.7,30.8,53.8,66.0,60.7,17.3,100.0,153
1627824,Guerschon Yabusele,1610612755,C,70,27.1,44.7,33.3,62.0,63.3,64.0,34.7,59.2,28.7,74.3,35.7,100.0,154
1630534,Ochai Agbaji,1610612761,SG,64,27.2,54.7,9.5,57.6,89.7,70.3,65.5,31.0,50.7,29.7,13.3,99.0,155
1631105,Jalen Duren,1610612765,C,78,26.1,32.0,93.8,11.1,91.8,30.0,81.6,14.3,4.0,6.0,48.7,99.0,156
1630167,Obi Toppin,1610612754,PF,79,19.6,47.7,32.0,53.2,88.5,14.0,51.9,46.2,58.3,50.3,36.3,99.0,157
202692,Alec Burks,1610612748,SG,49,17.6,49.3,85.7,0.0,85.1,10.7,26.4,50.0,96.0,92.7,23.0,99.0,158
1630585,Marcus Garrett,1610612766,SG,4,19.8,72.7,7.1,50.0,5.7,66.3,0.0,91.7,2.3,50.3,81.3,99.0,159
1630168,Onyeka Okongwu,1610612737,C,74,27.9,58.3,56.2,62.0,65.3,63.3,40.8,30.6,19.3,29.7,34.0,99.0,160
1630557,Corey Kispert,1610612764,SF,61,26.3,41.7,56.6,51.5,64.8,9.0,72.2,56.6,69.3,40.7,26.0,99.0,161
1642268,Isaiah Collier,1610612762,PG,71,25.9,71.3,29.8,42.1,5.2,41.7,74.1,26.3,34.0,1.0,95.0,99.0,162
1631107,Nikola Jović,1610612748,PF,46,25.1,69.7,52.0,85.9,51.9,21.7,38.5,19.2,50.7,6.0,56.3,98.0,163
1626157,Karl-Anthony Towns,1610612752,C,72,35.0,12.0,66.7,46.5,55.1,69.0,42.9,63.3,13.7,74.3,44.3,98.0,164
203471,Dennis Schröder,1610612765,PG,75,28.1,89.0,19.3,80.8,22.4,59.0,25.9,1.8,28.7,84.7,90.7,98.0,165
1630529,Herbert Jones,1610612740,SF,20,32.4,49.3,54.7,98.7,11.1,99.3,90.7,9.4,12.3,50.3,44.3,98.0,166
1642264,Stephon Castle,1610612759,PG,81,26.7,54.3,19.3,54.9,13.8,56.3,51.7,50.9,43.7,1.0,76.7,98.0,167
1626179,Terry Rozier,1610612748,PG,64,25.9,70.7,12.3,62.0,6.9,14.3,63.8,66.7,94.7,79.7,49.7,98.0,168
1631094,Paolo Banchero,1610612753,PF,46,34.4,32.7,22.0,21.5,21.2,22.7,50.0,78.8,69.3,12.7,84.0,97.0,169
1631110,Jeremy Sochan,1610612759,PF,54,25.3,25.7,60.0,44.4,53.8,45.7,88.5,40.4,16.3,6.0,43.0,97.0,170
1630625,Dalano Banton,1610612757,PG,67,16.7,52.3,61.4,85.9,10.3,28.0,6.9,52.6,85.7,40.7,73.7,97.0,171
1631260,AJ Green,1610612749,SG,73,22.7,91.7,20.2,83.2,93.1,9.0,66.7,7.1,19.3,40.7,17.3,97.0,172
1630241,Sam Merrill,1610612739,SG,71,19.7,91.7,1.2,83.2,66.7,30.0,70.1,16.7,25.0,67.7,25.3,97.0,173
1631131,Oscar Tshiebwe,1610612762,C,14,18.2,2.3,60.4,50.0,71.4,41.7,65.3,98.0,19.3,40.7,2.0,97.0,174
1641733,Nick Smith Jr.,1610612766,SG,60,22.8,43.0,76.2,21.5,8.0,1.7,71.3,71.4,75.0,1.0,57.0,97.0,175
1641705,Victor Wembanyama,1610612759,C,46,33.2,12.3,12.5,21.5,32.7,95.3,12.2,91.8,58.3,6.0,62.3,97.0,176
1626181,Norman Powell,1610612746,SG,60,32.6,12.7,29.8,11.1,81.6,67.3,13.8,72.6,75.0,84.7,28.7,96.0,177
1630639,A.J. Lawson,1610612761,SG,26,18.7,61.0,60.7,58.9,20.7,13.7,50.6,88.1,22.0,29.7,23.0,96.0,178
1631117,Walker Kessler,1610612762,C,58,30.0,11.7,85.4,39.1,89.8,43.7,57.1,34.7,43.7,19.3,16.3,96.0,179
1630527,Brandon Boston,1610612740,SG,42,23.6,49.3,40.5,54.2,14.9,69.0,41.4,58.3,50.7,19.3,43.0,96.0,180
201143,Al Horford,1610612738,C,60,27.6,84.0,6.2,80.1,22.4,24.7,16.3,67.3,91.7,99.0,30.7,96.0,181
1629634,Brandon Clarke,1610612763,PF,64,18.9,38.3,86.0,46.5,94.2,40.0,69.2,9.6,5.7,67.7,10.3,96.0,182
1641731,Bilal Coulibaly,1610612764,SF,59,33.0,35.3,1.9,62.0,1.9,86.3,70.4,67.9,50.7,1.0,50.3,96.0,183
1642347,Jamal Shead,1610612761,PG,75,19.6,84.0,47.4,42.1,17.2,52.7,6.9,19.3,10.0,12.7,91.7,96.0,184
1627752,Taurean Prince,1610612749,SF,80,27.1,57.3,64.2,21.5,90.7,66.0,3.7,13.2,43.7,79.7,24.3,95.0,185
1629018,Gary Trent Jr.,1610612749,SG,74,25.6,61.0,21.4,0.0,70.1,75.3,16.1,63.1,61.7,50.3,5.0,95.0,186
1629022,Lonnie Walker IV,1610612755,SG,20,23.8,59.0,39.3,58.6,37.9,16.7,9.2,52.4,80.0,50.3,55.3,95.0,187
1642449,Tolu Smith,1610612765,PF,1,22.4,0.0,50.0,0.0,98.1,0.0,98.1,98.1,1.7,29.7,0.0,95.0,188
203992,Bogdan Bogdanović,1610612746,SG,54,25.0,59.3,64.3,0.0,37.9,62.7,78.2,0.0,19.3,88.3,51.7,95.0,189
1629052,Oshae Brissett,1610612755,SF,6,23.7,0.7,98.1,10.8,68.5,80.0,96.3,34.0,16.3,50.3,0.3,95.0,190
1641710,Anthony Black,1610612753,PG,78,24.2,43.3,68.4,21.5,19.0,81.0,48.3,21.1,25.0,6.0,65.7,95.0,191
203114,Khris Middleton,1610612764,SF,37,22.8,86.3,0.0,21.5,48.1,46.3,22.2,3.8,25.0,92.7,85.7,94.0,192
1631301,Jaylen Sims,1610612766,SG,6,18.6,28.7,48.8,0.0,35.6,2.3,50.6,97.6,25.0,50.3,52.3,94.0,193
202699,Tobias Harris,1610612765,PF,73,31.6,49.3,20.0,62.0,36.5,48.0,61.5,42.3,69.3,88.3,27.3,94.0,194
1629021,Moritz Wagner,1610612753,C,30,18.8,2.7,4.2,18.5,75.5,84.7,20.4,79.6,16.3,60.7,43.0,94.0,195
1629684,Grant Williams,1610612766,PF,16,29.9,16.0,74.0,92.6,50.0,46.7,94.2,11.5,16.3,50.3,33.3,94.0,196
1628381,John Collins,1610612762,PF,40,30.5,1.7,96.0,8.4,69.2,44.3,80.8,30.8,19.3,60.7,32.7,94.0,197
1630166,Deni Avdija,1610612757,SF,72,30.0,23.3,50.9,46.5,53.7,50.7,24.1,32.1,39.3,29.7,67.7,94.0,198
1628971,Bruce Brown,1610612740,PG,41,22.5,61.0,40.4,58.9,12.1,55.7,87.9,14.0,39.3,67.7,40.0,93.0,199
203954,Joel Embiid,1610612755,C,19,30.2,19.3,14.6,11.1,2.0,38.7,44.9,89.8,50.7,79.7,82.7,93.0,200
201572,Brook Lopez,1610612749,C,80,31.8,36.7,39.6,21.5,61.2,35.0,51.0,57.1,61.7,97.3,13.0,93.0,201
1629599,Amir Coffey,1610612746,SG,72,24.3,49.3,57.1,62.0,71.3,14.7,63.2,27.4,58.3,60.7,4.3,93.0,202
1627884,Derrick Jones Jr.,1610612746,SF,77,24.3,3.3,83.0,18.9,87.0,59.0,85.2,22.6,34.0,60.7,1.3,93.0,203
1630591,Jalen Suggs,1610612753,PG,35,28.6,15.7,3.5,62.0,27.6,92.3,43.1,42.1,16.3,19.3,74.3,92.0,204
1631342,Daeqwon Plowden,1610612737,SG,6,11.9,0.3,98.8,50.0,98.9,0.3,0.0,98.8,1.0,50.3,0.3,92.0,205
1629655,Daniel Gafford,1610612742,C,57,21.5,12.7,91.7,21.5,95.9,31.3,44.9,20.4,3.0,50.3,28.7,92.0,206
1641729,Brice Sensabaugh,1610612762,SF,71,20.2,5.3,41.5,46.5,92.6,17.3,13.0,66.0,39.3,6.0,37.0,92.0,207
1641739,Toumani Camara,1610612757,PF,78,32.7,30.3,40.0,21.5,48.1,90.0,71.2,21.2,25.0,29.7,25.3,92.0,208
1627742,Brandon Ingram,1610612761,SF,18,33.1,20.0,50.0,46.5,33.3,12.3,18.5,50.0,43.7,60.7,85.7,92.0,209
1627741,Buddy Hield,1610612744,SG,82,22.7,24.0,22.6,41.4,54.0,56.0,27.6,57.1,50.7,88.3,31.7,91.0,210
1630560,Cam Thomas,1610612751,SG,25,31.2,28.0,45.2,9.1,20.7,5.0,41.4,56.0,80.0,19.3,77.0,91.0,211
1631166,Drew Timme,1610612751,PF,9,28.2,17.0,28.0,39.7,9.6,19.3,78.8,94.2,31.7,29.7,41.7,91.0,212
1631213,Tyrese Martin,1610612751,SG,60,21.9,38.3,11.9,85.9,25.3,15.7,28.7,65.5,75.0,40.7,47.7,91.0,213
1628997,Caleb Martin,1610612742,SF,45,27.1,44.7,96.2,62.0,3.7,65.0,66.7,0.0,50.7,74.3,31.7,91.0,214
1641783,Tristan da Silva,1610612753,SF,74,22.0,54.7,71.7,57.6,7.4,10.3,38.9,54.7,75.0,19.3,30.0,91.0,215
1629028,Deandre Ayton,1610612757,C,40,30.1,4.7,20.8,62.0,40.8,26.3,89.8,73.5,50.7,50.3,17.3,91.0,216
1631170,Jaime Jaquez Jr.,1610612748,SF,66,20.7,38.3,5.7,92.6,7.4,50.7,25.9,45.3,75.0,19.3,61.0,90.0,217
1630183,Jaden McDaniels,1610612750,PF,82,31.9,38.3,46.0,62.0,40.4,88.0,19.2,28.8,28.7,29.7,22.7,90.0,218
1630182,Josh Green,1610612766,SG,68,27.8,32.7,66.7,21.5,35.6,61.0,89.7,17.9,28.7,29.7,15.7,90.0,219
1630174,Aaron Nesmith,1610612754,SF,45,24.9,25.7,81.1,44.4,98.1,23.7,44.4,15.1,12.3,40.7,6.3,90.0,220
204001,Kristaps Porziņģis,1610612738,C,42,28.8,35.0,43.8,62.0,40.8,44.3,22.4,49.0,16.3,74.3,34.0,89.0,221
1629640,Keldon Johnson,1610612759,SF,77,23.9,32.7,37.7,45.5,42.6,19.3,25.9,62.3,66.0,40.7,28.7,89.0,222
1629023,P.J. Washington,1610612742,PF,57,32.2,9.7,24.0,85.9,30.8,72.0,34.6,55.8,50.7,50.3,27.7,89.0,223
1629726,Garrison Mathews,1610612737,SG,47,17.6,52.7,73.8,56.9,73.6,11.3,23.0,11.9,16.3,67.7,24.0,89.0,224
203076,Anthony Davis,1610612742,C,51,33.4,32.3,2.1,46.5,14.3,72.7,67.3,8.2,75.0,84.7,62.3,89.0,225
1631101,Shaedon Sharpe,1610612757,SG,72,31.3,17.3,48.8,15.8,23.0,19.3,13.8,84.5,85.7,6.0,46.0,89.0,226
1642259,Alex Sarr,1610612764,C,67,27.1,22.0,8.3,62.0,0.0,36.0,83.7,71.4,34.0,0.0,45.3,89.0,227
1628415,Dillon Brooks,1610612745,SF,75,31.8,41.7,15.1,21.5,40.7,61.0,75.9,43.4,13.7,74.3,10.3,88.0,228
203952,Andrew Wiggins,1610612748,SF,60,30.7,28.3,94.3,21.5,31.5,38.0,31.5,7.5,80.0,74.3,42.7,88.0,229
1628374,Lauri Markkanen,1610612762,PF,47,31.4,9.0,14.0,11.1,28.8,40.0,75.0,80.8,85.7,60.7,11.3,88.0,230
1631232,Keion Brooks Jr.,1610612740,SF,14,23.7,5.3,88.7,19.5,53.7,43.0,7.4,86.8,22.0,29.7,2.7,88.0,231
1631255,Karlo Matković,1610612740,PF,42,18.8,10.0,86.0,0.0,86.5,35.0,82.7,1.9,2.0,19.3,19.0,88.0,232
1642419,Jamison Battle,1610612761,SF,59,17.7,48.3,35.8,53.5,77.8,1.7,16.7,52.8,25.0,19.3,8.3,88.0,233
1630551,Justin Champagnie,1610612764,SF,62,21.6,10.3,84.9,0.0,96.3,61.0,1.9,30.2,31.7,19.3,6.7,88.0,234
1629645,Kevin Porter Jr.,1610612749,SG,75,19.8,56.3,41.7,9.1,10.3,59.7,12.6,8.3,34.0,29.7,83.7,88.0,235
1641741,Ricky Council IV,1610612755,SF,73,17.1,52.7,5.7,0.0,0.0,29.7,35.2,84.9,85.7,19.3,34.0,88.0,236
1630577,Julian Champagnie,1610612759,SF,82,23.6,29.3,30.2,0.0,63.0,31.7,48.1,41.5,75.0,19.3,13.3,87.0,237
1642266,Ja'Kobe Walter,1610612761,SG,52,21.2,32.7,78.6,0.0,12.6,57.7,60.9,34.5,28.7,1.0,28.7,87.0,238
1630548,Johnny Juzang,1610612762,SG,64,19.8,49.3,69.0,54.2,62.1,12.3,46.0,13.1,13.7,19.3,13.3,87.0,239
1641787,Tosan Evbuomwan,1610612751,SF,28,23.7,22.3,15.1,46.5,5.6,54.3,35.2,75.5,31.7,19.3,40.7,86.0,240
203924,Jerami Grant,1610612757,PF,47,32.4,25.7,62.0,11.1,3.8,76.7,3.8,69.2,50.7,79.7,24.7,86.0,241
1627827,Dorian Finney-Smith,1610612747,PF,63,28.9,29.3,16.0,62.0,71.2,46.7,67.3,5.8,43.7,84.7,7.3,86.0,242
1630224,Jalen Green,1610612745,SG,82,32.9,19.0,10.7,21.5,16.1,20.7,8.0,85.7,92.3,12.7,54.7,86.0,243
1642261,Dalton Knecht,1610612747,SF,78,19.2,32.7,43.4,45.5,81.5,1.3,7.4,47.2,69.3,19.3,5.7,86.0,244
1641720,Jalen Hood-Schifino,1610612755,SG,15,21.0,67.7,14.3,60.9,3.4,13.0,35.6,35.7,34.0,6.0,57.0,86.0,245
1630549,Day'Ron Sharpe,1610612751,C,50,18.1,20.7,68.8,40.1,16.3,33.7,22.4,46.9,3.0,19.3,58.0,86.0,246
1642358,AJ Johnson,1610612764,SG,29,22.0,70.7,23.8,61.3,2.3,15.7,4.6,40.5,39.3,1.0,59.0,85.0,247
1642271,Kyle Filipowski,1610612762,C,72,21.1,18.7,70.8,15.8,49.0,36.0,10.2,38.8,8.3,6.0,45.3,85.0,248
203482,Kelly Olynyk,1610612740,C,44,20.2,42.7,52.1,0.0,28.6,74.7,2.0,2.0,1.0,92.7,69.3,85.0,249
1631108,Max Christie,1610612742,SG,78,27.3,44.0,59.5,21.5,27.6,17.7,74.7,2.4,85.7,6.0,23.7,85.0,250
1642348,Justin Edwards,1610612755,SF,44,26.2,24.0,24.5,41.4,50.0,78.7,38.9,17.0,28.7,6.0,21.3,84.0,251
1626162,Kelly Oubre Jr.,1610612755,SF,60,34.6,20.7,26.4,21.5,24.1,99.0,20.4,49.1,28.7,74.3,13.3,84.0,252
1641810,Antonio Reeves,1610612740,SG,44,15.0,16.3,36.9,39.4,78.2,7.0,2.3,41.7,69.3,29.7,20.3,84.0,253
1629675,Naz Reid,1610612750,C,80,27.5,37.0,35.4,0.0,28.6,46.7,4.1,51.0,28.7,40.7,39.0,84.0,254
1631212,Peyton Watson,1610612743,SF,68,24.3,44.7,66.0,11.1,35.2,31.7,74.1,5.7,43.7,12.7,8.0,83.0,255
1630228,Jonathan Kuminga,1610612744,PF,47,24.3,24.7,4.0,0.0,17.3,41.7,17.3,76.9,39.3,12.7,47.7,83.0,256
1629631,De'Andre Hunter,1610612739,SF,64,27.2,9.3,75.5,21.2,77.8,27.3,57.4,1.9,25.0,60.7,11.3,83.0,257
1642258,Zaccharie Risacher,1610612737,SF,75,24.6,5.3,79.2,19.5,46.3,43.7,46.3,35.8,34.0,0.0,8.3,83.0,258
1630172,Patrick Williams,1610612741,PF,63,25.0,22.3,6.0,21.5,11.5,52.7,46.2,51.9,80.0,19.3,30.0,83.0,259
1629004,Svi Mykhailiuk,1610612762,SF,38,20.0,22.3,28.3,40.7,11.1,40.7,31.5,28.3,80.0,60.7,48.7,83.0,260
1630623,Tyson Etienne,1610612751,PG,7,21.6,29.0,0.0,45.1,3.4,50.7,0.0,96.5,7.7,40.7,36.3,83.0,261
1642366,Quinten Post,1610612744,PF,42,16.3,35.7,36.0,0.0,63.5,4.3,57.7,13.5,4.0,29.7,38.0,83.0,262
1642273,Kyshawn George,1610612764,SG,68,26.5,48.0,26.2,62.0,9.2,68.3,39.1,6.0,8.3,6.0,42.3,82.0,263
203994,Jusuf Nurkić,1610612766,C,51,20.8,14.7,47.9,0.0,12.2,61.0,73.5,6.1,4.0,79.7,58.0,82.0,264
1641711,Gradey Dick,1610612761,SG,54,29.4,14.0,8.3,21.5,13.8,66.3,48.3,60.7,43.7,6.0,21.3,82.0,265
202685,Jonas Valančiūnas,1610612758,C,81,18.8,17.3,83.3,8.4,36.7,6.0,49.0,0.0,5.7,88.3,60.0,82.0,266
1631099,Keegan Murray,1610612758,PF,76,34.3,44.7,34.0,52.2,38.5,30.0,34.6,25.0,50.7,29.7,2.3,81.0,267
1631106,Tari Eason,1610612745,PF,57,24.9,19.3,30.0,0.0,46.2,84.3,1.9,44.2,19.3,19.3,17.3,81.0,268
1628449,Chris Boucher,1610612761,PF,50,17.2,12.7,84.0,62.0,67.3,6.0,0.0,32.7,39.3,88.3,3.3,81.0,269
1626167,Myles Turner,1610612754,C,72,30.2,3.0,31.2,11.1,46.9,31.7,55.1,55.1,31.7,67.7,8.3,81.0,270
1630553,Keon Johnson,1610612751,SG,79,24.4,24.7,44.0,21.5,4.6,59.7,32.2,32.1,10.0,12.7,47.7,81.0,271
1641774,Tristan Vukcevic,1610612764,C,35,14.6,4.3,22.9,21.5,38.8,17.7,6.1,83.7,8.3,6.0,41.3,81.0,272
1627777,Georges Niang,1610612737,PF,79,21.5,21.3,40.0,40.4,73.1,8.0,63.5,0.0,5.7,84.7,20.3,81.0,273
1641715,Cam Whitmore,1610612745,SF,51,16.2,10.3,20.8,21.5,29.6,21.3,0.0,83.0,85.7,1.0,21.3,81.0,274
1628991,Jaren Jackson Jr.,1610612763,C,74,29.8,5.0,10.4,21.5,18.4,90.7,0.0,75.5,7.3,40.7,27.7,81.0,275
1642377,Jaylen Wells,1610612763,SG,79,25.9,56.3,15.5,21.5,24.1,8.0,18.4,54.8,50.7,6.0,17.0,80.0,276
1630570,Trendon Watford,1610612751,PF,44,20.7,20.0,10.0,11.1,23.1,34.7,15.4,34.6,12.3,29.7,71.7,80.0,277
1631096,Chet Holmgren,1610612760,C,32,27.4,10.3,50.0,21.5,20.4,7.3,14.3,77.6,31.7,12.7,26.0,79.0,278
1642274,Yves Missi,1610612740,C,73,26.8,15.3,64.6,21.5,22.4,11.3,79.6,28.6,43.7,1.0,9.3,79.0,279
1630188,Jalen Smith,1610612741,C,64,15.0,38.3,54.2,46.5,26.5,1.0,8.2,42.9,13.7,29.7,26.0,79.0,280
1630592,Jalen Wilson,1610612751,PF,79,25.7,48.3,56.0,62.0,11.5,4.3,11.5,23.1,34.0,29.7,32.7,79.0,281
1628976,Wendell Carter Jr.,1610612753,C,68,25.9,49.0,27.1,53.9,4.1,25.3,28.6,26.5,7.7,40.7,35.0,78.0,282
1629006,Josh Okogie,1610612766,SG,40,15.6,5.3,79.8,19.5,32.2,73.3,18.4,4.8,43.7,50.3,13.3,78.0,283
1641722,Jordan Hawkins,1610612740,SG,56,23.6,14.0,16.7,21.5,6.9,10.7,28.7,79.8,97.7,12.7,10.0,78.0,284
1630208,Nick Richards,1610612756,C,57,22.0,1.0,89.6,11.1,57.1,2.7,69.4,10.2,8.3,60.7,3.3,77.0,285
1641824,Matas Buzelis,1610612741,SF,80,18.9,10.3,47.2,21.5,53.7,3.7,57.4,18.9,31.7,1.0,9.3,77.0,286
1631124,Julian Strawther,1610612743,SG,65,21.3,23.3,34.5,41.1,27.6,23.7,71.3,9.5,10.0,12.7,12.3,76.0,287
1631095,Jabari Smith Jr.,1610612745,PF,57,30.1,5.3,46.0,19.5,34.6,21.7,44.2,36.5,50.7,6.0,1.7,76.0,288
1630533,Ziaire Williams,1610612751,SF,63,24.5,13.7,9.4,21.5,11.1,89.0,29.6,24.5,16.3,19.3,17.3,74.0,289
203991,Clint Capela,1610612737,C,55,21.4,15.0,18.8,21.5,34.7,11.3,30.6,44.9,25.0,79.7,10.3,74.0,290
1630543,Isaiah Jackson,1610612754,C,5,16.8,5.3,50.0,19.5,73.5,18.3,18.4,4.1,0.0,19.3,15.3,74.0,291
1641772,Nae'Qwan Tomlin,1610612739,PF,5,12.7,5.3,50.0,0.0,0.0,0.3,30.8,96.2,0.7,29.7,1.0,73.0,292
1631097,Bennedict Mathurin,1610612754,SF,72,29.9,5.3,13.2,9.1,25.9,21.7,7.4,50.9,43.7,12.7,20.3,72.0,293
1641713,GG Jackson,1610612763,PF,29,15.8,4.0,2.0,19.2,1.9,5.7,5.8,90.4,61.7,1.0,15.7,72.0,294
1642276,Kel'el Ware,1610612748,C,64,22.2,5.3,16.7,0.0,51.0,14.7,26.5,32.7,39.3,1.0,5.7,71.0,295
1641744,Zach Edey,1610612763,C,66,21.5,1.7,37.5,0.0,65.3,3.3,34.7,16.3,2.3,12.7,4.3,70.0,296
1630702,Jaden Hardy,1610612742,SG,57,15.9,5.3,6.0,0.0,31.0,8.7,4.6,33.3,13.7,12.7,42.0,69.0,297
1628398,Kyle Kuzma,1610612749,PF,65,29.8,8.7,8.0,21.5,17.3,5.0,5.8,15.4,69.3,74.3,37.3,68.0,298
203083,Andre Drummond,1610612755,C,40,18.8,1.0,0.0,62.0,6.1,49.3,32.7,18.4,3.0,84.7,6.7,66.0,299
1641730,Noah Clowney,1610612751,PF,46,22.7,3.7,0.0,21.5,5.8,25.7,46.2,17.3,13.7,1.0,3.3,62.0,300
