PLAYER_ID,PLAYER_NAME,NICKNAME,TEAM_ID,TEAM_ABBREVIATION,AGE,GP,W,L,W_PCT,MIN,FGM,FGA,FG_PCT,FG3M,FG3A,FG3_PCT,FTM,FTA,FT_PCT,OREB,DREB,REB,AST,TOV,STL,BLK,BLKA,PF,PFD,PTS,PLUS_MINUS,NBA_FANTASY_PTS,DD2,TD3,WNBA_FANTASY_PTS,GP_RANK,W_RANK,L_RANK,W_PCT_RANK,MIN_RANK,FGM_RANK,FGA_RANK,FG_PCT_RANK,FG3M_RANK,FG3A_RANK,FG3_PCT_RANK,FTM_RANK,FTA_RANK,FT_PCT_RANK,OREB_RANK,DREB_RANK,REB_RANK,AST_RANK,TOV_RANK,STL_RANK,BLK_RANK,BLKA_RANK,PF_RANK,PFD_RANK,PTS_RANK,PLUS_MINUS_RANK,NBA_FANTASY_PTS_RANK,DD2_RANK,TD3_RANK,WNBA_FANTASY_PTS_RANK,TEAM_COUNT
1628983,Shai Gilgeous-Alexander,Shai,1610612760,OKC,26.0,76,63,13,0.829,34.2,11.3,21.8,0.519,2.1,5.7,0.375,7.9,8.8,0.898,0.9,4.1,5.0,6.4,2.4,1.7,1.0,1.0,2.2,6.1,32.7,12.1,54.1,6,0,51.7,51,2,403,23,35,2,1,93,73,80,155,1,3,44,230,97,128,19,55,11,41,29,132,4,1,1,4,93,44,5,1
203507,Giannis Antetokounmpo,Giannis,1610612749,MIL,30.0,67,40,27,0.597,34.2,11.8,19.7,0.601,0.2,0.9,0.222,6.5,10.6,0.617,2.2,9.7,11.9,6.5,3.1,0.9,1.2,1.1,2.3,7.6,30.4,5.0,57.4,55,11,53.0,147,89,222,177,36,1,9,39,448,440,463,3,1,477,50,4,6,18,15,169,31,14,95,1,2,36,2,5,2,2,1
203999,Nikola Jokić,Nikola,1610612743,DEN,30.0,70,46,24,0.657,36.7,11.2,19.5,0.576,2.0,4.7,0.417,5.2,6.4,0.8,2.9,9.9,12.7,10.2,3.3,1.8,0.6,0.9,2.3,5.9,29.6,8.5,64.3,59,34,59.4,118,45,271,93,5,3,10,52,90,127,46,17,13,212,24,2,3,2,10,6,104,43,100,6,3,3,1,2,1,1,1
1629029,Luka Dončić,Luka,1610612747,LAL,26.0,50,31,19,0.62,35.4,9.2,20.5,0.45,3.5,9.6,0.368,6.2,7.9,0.782,0.8,7.4,8.2,7.7,3.6,1.8,0.4,0.6,2.5,5.9,28.2,6.9,52.5,21,5,51.9,283,186,329,138,19,8,5,276,6,6,181,7,6,245,262,14,29,7,7,7,207,127,55,5,4,13,5,28,8,3,2
1630162,Anthony Edwards,Anthony,1610612750,MIN,23.0,79,48,31,0.608,36.3,9.1,20.4,0.447,4.1,10.3,0.395,5.3,6.3,0.837,0.8,4.9,5.7,4.5,3.2,1.2,0.6,0.7,1.9,4.3,27.6,3.7,43.4,7,0,45.4,23,30,158,160,9,12,6,288,2,4,104,16,16,126,271,63,94,62,14,66,103,97,196,26,5,73,16,87,44,11,1
1628369,Jayson Tatum,Jayson,1610612738,BOS,27.0,72,53,19,0.736,36.4,9.2,20.3,0.452,3.5,10.1,0.343,5.0,6.1,0.814,0.7,8.0,8.7,6.0,2.9,1.1,0.5,0.8,2.2,4.3,26.8,7.4,48.0,31,2,48.1,95,17,329,60,8,10,7,272,8,5,266,18,17,184,309,9,24,27,25,88,139,67,126,28,6,8,7,18,15,6,1
201142,Kevin Durant,Kevin,1610612756,PHX,36.0,62,33,29,0.532,36.5,9.5,18.1,0.527,2.6,6.0,0.43,4.9,5.8,0.839,0.4,5.7,6.0,4.2,3.1,0.8,1.2,0.5,1.7,5.3,26.6,-0.6,43.2,5,0,43.5,192,166,188,244,7,6,22,85,37,61,35,20,19,120,441,38,80,77,16,195,27,167,253,13,7,294,18,106,44,15,1
1630178,Tyrese Maxey,Tyrese,1610612755,PHI,24.0,52,20,32,0.385,37.7,9.2,21.0,0.437,3.1,9.2,0.337,4.9,5.6,0.879,0.3,3.1,3.3,6.1,2.4,1.8,0.4,1.2,2.2,4.3,26.3,-2.4,43.6,8,1,43.2,267,296,143,400,1,11,3,322,15,8,290,21,23,69,479,189,263,22,57,9,215,11,117,27,8,435,15,77,20,16,1
1630595,Cade Cunningham,Cade,1610612765,DET,23.0,70,38,32,0.543,35.0,9.8,20.8,0.469,2.1,6.0,0.356,4.5,5.3,0.846,0.8,5.3,6.1,9.1,4.4,1.0,0.8,1.4,2.8,4.0,26.1,2.5,48.0,31,9,47.0,118,110,143,236,23,4,4,212,75,63,219,24,26,115,262,47,78,4,2,99,76,3,26,36,9,105,8,18,5,8,1
1628973,Jalen Brunson,Jalen,1610612752,NYK,28.0,65,40,25,0.615,35.4,9.0,18.5,0.488,2.3,6.1,0.383,5.7,6.9,0.821,0.4,2.5,2.9,7.3,2.5,0.9,0.1,0.8,2.1,6.3,26.0,2.2,41.0,14,0,40.6,162,89,256,144,17,13,18,158,53,57,129,11,11,163,423,274,320,11,47,142,437,70,145,2,10,113,28,40,44,24,1
1631094,Paolo Banchero,Paolo,1610612753,ORL,22.0,46,21,25,0.457,34.4,9.0,19.8,0.452,1.9,5.9,0.32,6.1,8.4,0.727,1.1,6.4,7.5,4.8,3.0,0.8,0.6,1.1,2.1,5.8,25.9,-0.5,43.3,11,0,42.8,307,280,256,333,30,14,8,270,102,68,341,8,4,349,161,26,45,56,20,208,116,17,148,7,11,279,17,55,44,18,1
1626164,Devin Booker,Devin,1610612756,PHX,28.0,75,35,40,0.467,37.3,8.7,18.9,0.461,2.4,7.3,0.332,5.8,6.4,0.894,1.0,3.1,4.1,7.1,2.9,0.9,0.2,0.8,2.6,5.4,25.6,-2.4,41.5,16,0,41.4,59,149,59,319,3,19,12,239,46,29,307,10,14,49,182,190,187,15,22,154,351,57,42,10,12,434,26,35,44,22,1
1630163,LaMelo Ball,LaMelo,1610612766,CHA,23.0,47,16,31,0.34,32.0,8.6,21.3,0.405,3.8,11.2,0.339,4.1,4.9,0.843,1.0,3.9,4.9,7.4,3.6,1.1,0.3,0.9,3.3,4.7,25.2,-2.8,42.9,13,0,44.1,298,340,158,434,68,21,2,433,5,1,282,29,34,118,183,107,132,9,8,67,288,37,3,20,13,448,20,46,44,14,1
203081,Damian Lillard,Damian,1610612749,MIL,34.0,58,32,26,0.552,36.1,7.7,17.1,0.448,3.4,9.0,0.376,6.2,6.8,0.921,0.5,4.2,4.7,7.1,2.8,1.2,0.2,0.7,1.7,5.2,24.9,0.9,42.5,14,2,42.9,223,179,237,228,12,38,31,287,10,11,147,6,12,30,378,89,146,14,35,56,393,79,255,14,14,174,21,40,15,17,1
203076,Anthony Davis,Anthony,1610612742,DAL,32.0,51,30,21,0.588,33.4,9.2,17.8,0.516,0.7,2.4,0.282,5.6,7.2,0.775,2.6,8.9,11.6,3.5,2.2,1.2,2.2,0.8,1.9,5.4,24.7,0.5,51.7,36,1,47.2,275,196,297,186,43,9,27,97,329,305,407,12,9,263,30,6,7,102,62,65,4,72,187,11,15,194,6,14,20,7,2
202681,Kyrie Irving,Kyrie,1610612742,DAL,33.0,50,28,22,0.56,36.1,8.9,18.9,0.473,2.9,7.2,0.401,3.9,4.3,0.916,1.2,3.6,4.8,4.6,2.2,1.3,0.5,0.8,2.0,3.3,24.7,2.5,40.5,0,0,40.5,283,220,288,221,13,16,13,201,26,32,76,32,45,32,144,126,141,61,61,41,177,61,167,60,16,108,31,281,44,25,1
1629627,Zion Williamson,Zion,1610612740,NOP,24.0,30,10,20,0.333,28.6,9.6,16.9,0.567,0.1,0.4,0.231,5.3,8.0,0.656,2.5,4.7,7.2,5.3,3.0,1.2,0.9,2.0,2.7,5.7,24.6,-1.4,44.6,8,2,41.4,409,419,318,437,118,5,34,58,476,488,456,14,5,455,33,74,52,42,17,51,61,1,35,8,17,378,14,77,15,21,1
201939,Stephen Curry,Stephen,1610612744,GSW,37.0,70,41,29,0.586,32.2,8.1,18.0,0.448,4.4,11.2,0.397,4.0,4.3,0.933,0.6,3.9,4.4,6.0,2.9,1.1,0.4,0.7,1.4,3.5,24.5,4.3,40.7,9,0,42.6,118,83,188,194,66,31,24,280,1,2,96,31,46,26,345,110,162,26,29,69,201,103,345,49,18,58,29,71,44,19,1
1626157,Karl-Anthony Towns,Karl-Anthony,1610612752,NYK,29.0,72,46,26,0.639,35.0,8.9,16.9,0.526,2.0,4.7,0.42,4.7,5.7,0.829,2.9,9.8,12.8,3.1,2.7,1.0,0.7,1.2,3.5,4.8,24.4,5.3,46.8,58,1,45.6,95,45,237,106,25,17,37,87,89,130,43,22,21,144,20,3,2,125,39,114,89,13,2,19,19,34,10,4,20,10,1
2544,LeBron James,LeBron,1610612747,LAL,40.0,70,44,26,0.629,34.9,9.3,18.1,0.513,2.1,5.7,0.376,3.7,4.7,0.782,1.0,6.8,7.8,8.2,3.7,1.0,0.6,0.7,1.4,3.8,24.4,-0.8,47.1,32,10,45.7,118,62,237,125,27,7,21,104,75,85,146,41,37,244,177,23,39,6,5,101,126,83,332,41,20,312,9,17,3,9,1
1641705,Victor Wembanyama,Victor,1610612759,SAS,21.0,46,21,25,0.457,33.2,8.9,18.6,0.476,3.1,8.8,0.352,3.4,4.1,0.836,1.8,9.2,11.0,3.7,3.2,1.1,3.8,0.6,2.3,4.9,24.3,2.2,54.6,28,1,51.9,307,280,256,333,44,18,15,192,16,13,240,51,54,128,74,5,8,99,12,70,1,136,102,18,21,115,3,22,20,4,1
1630532,Franz Wagner,Franz,1610612753,ORL,23.0,60,33,27,0.55,33.7,9.0,19.4,0.463,1.7,5.9,0.295,4.5,5.2,0.871,0.9,4.8,5.7,4.7,2.3,1.3,0.4,1.3,2.5,4.2,24.2,4.1,40.6,3,0,39.5,206,166,222,231,40,15,11,232,130,71,388,23,27,82,216,68,93,58,59,49,244,7,63,31,23,61,30,134,44,30,1
1629027,Trae Young,Trae,1610612737,ATL,26.0,76,36,40,0.474,36.0,7.4,18.1,0.411,2.9,8.4,0.34,6.5,7.4,0.875,0.5,2.6,3.1,11.6,4.7,1.2,0.2,0.9,1.9,5.7,24.2,0.4,44.7,51,0,44.5,51,136,59,309,14,44,23,414,27,18,280,4,7,76,400,246,292,1,1,59,406,49,192,9,22,198,13,6,44,13,1
1630560,Cam Thomas,Cam,1610612751,BKN,23.0,25,8,17,0.32,31.2,8.0,18.2,0.438,2.7,7.8,0.349,5.3,6.0,0.881,0.6,2.7,3.3,3.8,2.5,0.6,0.1,1.1,1.8,4.6,24.0,-3.7,33.1,1,0,35.1,427,445,360,446,85,33,20,315,33,24,250,13,18,66,335,232,268,92,49,303,480,16,228,23,24,486,74,198,44,55,1
1628378,Donovan Mitchell,Donovan,1610612739,CLE,28.0,71,55,16,0.775,31.4,8.2,18.6,0.443,3.3,8.9,0.368,4.2,5.1,0.823,0.8,3.7,4.5,5.0,2.1,1.3,0.2,0.7,2.0,3.9,24.0,7.4,39.5,6,0,39.9,108,11,369,49,82,26,16,303,11,12,180,28,31,158,261,117,154,52,67,38,325,94,177,39,25,9,38,93,44,29,1
1629639,Tyler Herro,Tyler,1610612748,MIA,25.0,77,37,40,0.481,35.4,8.5,17.9,0.472,3.3,8.7,0.375,3.7,4.2,0.878,0.5,4.7,5.2,5.5,2.6,0.9,0.2,1.0,1.1,2.9,23.9,1.3,39.2,9,0,40.1,43,124,59,307,18,23,25,204,12,14,156,40,49,73,408,72,115,37,42,153,339,33,397,74,26,149,39,71,44,28,1
203954,Joel Embiid,Joel,1610612755,PHI,31.0,19,8,11,0.421,30.2,7.4,16.6,0.444,1.2,4.1,0.299,7.8,8.9,0.882,1.9,6.3,8.2,4.5,3.3,0.7,0.9,0.7,2.2,6.2,23.8,-3.0,42.1,7,1,41.0,457,445,425,372,96,48,40,293,207,169,383,2,2,65,61,31,33,66,11,231,54,82,122,3,27,457,22,87,20,23,1
1628368,De'Aaron Fox,De'Aaron,1610612759,SAS,27.0,62,27,35,0.435,36.1,8.7,18.8,0.463,1.9,6.1,0.31,4.2,5.1,0.827,0.9,3.9,4.8,6.3,2.8,1.5,0.4,0.9,2.6,4.2,23.5,-1.1,41.6,9,0,40.3,192,232,116,361,10,20,14,229,99,56,363,26,29,149,234,108,139,20,34,27,216,41,41,30,28,353,25,71,44,26,2
203897,Zach LaVine,Zach,1610612758,SAC,30.0,74,32,42,0.432,35.2,8.4,16.5,0.511,3.2,7.2,0.446,3.2,3.9,0.825,0.3,4.0,4.3,4.2,2.8,0.8,0.2,0.6,1.6,3.1,23.3,-0.9,34.7,6,0,36.9,71,179,47,363,22,24,41,105,13,31,18,63,68,153,474,104,173,80,33,207,402,110,268,67,29,328,65,93,44,45,2
1629630,Ja Morant,Ja,1610612763,MEM,25.0,50,30,20,0.6,30.4,8.1,17.8,0.454,1.8,5.7,0.309,5.3,6.4,0.824,0.7,3.4,4.1,7.3,3.7,1.2,0.2,1.0,2.3,5.0,23.2,4.5,39.7,13,1,39.2,283,196,318,168,93,30,28,263,121,81,364,15,15,154,304,145,185,12,6,52,323,28,107,17,30,48,37,46,20,31,1
201935,James Harden,James,1610612746,LAC,35.0,79,50,29,0.633,35.3,6.7,16.4,0.41,3.0,8.5,0.352,6.4,7.3,0.874,0.7,5.1,5.8,8.7,4.3,1.5,0.7,0.8,2.1,4.7,22.8,4.4,45.0,38,3,44.6,23,23,188,113,20,62,42,416,23,17,242,5,8,79,295,55,89,5,3,24,87,58,162,21,31,56,12,11,11,12,1
1627742,Brandon Ingram,Brandon,1610612761,TOR,27.0,18,5,13,0.278,33.1,8.6,18.5,0.465,2.4,6.4,0.374,2.6,3.1,0.855,0.9,4.6,5.6,5.2,3.8,0.9,0.6,1.2,2.5,3.7,22.2,-7.1,37.3,0,0,38.3,462,485,403,470,47,22,17,225,49,46,157,79,95,102,212,77,105,44,4,158,115,12,57,45,32,551,47,281,44,36,1
201942,DeMar DeRozan,DeMar,1610612758,SAC,35.0,77,38,39,0.494,35.9,8.1,17.0,0.477,1.1,3.3,0.328,4.9,5.7,0.857,0.6,3.2,3.9,4.4,1.4,0.8,0.4,0.7,1.9,4.1,22.2,1.4,35.8,3,0,34.1,43,110,68,288,15,29,33,187,239,222,314,19,20,95,322,168,205,70,164,196,211,80,183,32,33,141,57,134,44,62,1
1628991,Jaren Jackson Jr.,Jaren,1610612763,MEM,25.0,74,42,32,0.568,29.8,8.0,16.4,0.488,2.0,5.3,0.375,4.2,5.4,0.781,1.2,4.4,5.6,2.0,2.1,1.2,1.5,1.2,3.5,4.5,22.2,4.5,38.2,6,0,37.3,71,81,143,216,106,32,43,155,88,98,149,27,24,247,139,85,100,208,70,50,13,10,1,24,35,50,42,93,44,40,1
1627759,Jaylen Brown,Jaylen,1610612738,BOS,28.0,63,46,17,0.73,34.3,8.2,17.7,0.463,1.8,5.7,0.324,3.9,5.1,0.764,1.3,4.5,5.8,4.5,2.6,1.2,0.3,1.1,2.4,4.6,22.2,6.4,37.8,5,0,37.3,185,45,360,64,33,27,29,230,111,82,332,34,30,284,126,82,88,63,42,63,271,23,65,22,34,20,43,106,44,39,1
1626181,Norman Powell,Norman,1610612746,LAC,32.0,60,39,21,0.65,32.6,7.6,15.8,0.484,3.0,7.1,0.418,3.6,4.4,0.804,0.4,2.8,3.2,2.1,1.8,1.2,0.2,0.9,1.9,3.5,21.8,5.9,31.0,1,0,32.7,206,100,297,99,57,39,48,168,21,34,44,43,40,208,451,217,285,201,95,53,415,50,194,52,36,27,90,198,44,70,1
1631114,Jalen Williams,Jalen,1610612760,OKC,24.0,69,55,14,0.797,32.4,8.2,16.9,0.484,1.8,4.9,0.365,3.4,4.3,0.789,0.9,4.5,5.3,5.1,2.2,1.6,0.7,0.9,2.3,3.6,21.6,6.6,40.4,3,0,38.4,129,11,392,36,60,28,36,167,114,118,193,52,42,236,241,84,108,46,64,16,96,52,99,48,37,17,32,134,44,35,1
202695,Kawhi Leonard,Kawhi,1610612746,LAC,34.0,37,26,11,0.703,31.9,8.4,16.8,0.498,2.1,5.1,0.411,2.6,3.3,0.81,0.9,5.0,5.9,3.1,1.9,1.6,0.5,0.3,1.5,3.3,21.5,8.0,37.5,5,0,36.8,361,240,425,70,70,25,38,137,79,104,58,76,84,197,210,60,83,122,82,17,178,304,313,58,38,4,46,106,44,47,1
1627750,Jamal Murray,Jamal,1610612743,DEN,28.0,67,41,26,0.612,36.1,7.9,16.7,0.474,2.3,5.9,0.393,3.3,3.7,0.886,0.7,3.2,3.9,6.0,2.1,1.4,0.5,0.7,1.9,3.1,21.4,4.9,38.6,5,0,37.4,147,83,237,152,11,36,39,198,55,67,108,61,72,58,308,167,202,25,73,35,161,99,190,64,39,37,41,106,44,38,1
1630530,Trey Murphy III,Trey,1610612740,NOP,25.0,53,14,39,0.264,35.0,7.2,15.8,0.454,3.0,8.3,0.361,3.8,4.3,0.887,0.9,4.2,5.1,3.5,1.9,1.1,0.7,0.5,2.1,3.5,21.2,-7.2,36.0,2,0,36.4,263,364,68,482,24,53,47,265,22,19,207,36,41,56,229,91,121,103,83,86,80,151,146,50,40,552,55,159,44,49,1
203468,CJ McCollum,CJ,1610612740,NOP,33.0,56,17,39,0.304,32.7,7.9,17.9,0.444,3.1,8.2,0.373,2.2,3.1,0.717,0.8,3.0,3.8,4.1,1.9,0.8,0.4,0.7,2.2,2.4,21.1,-5.0,33.6,0,0,34.5,246,323,68,454,53,35,26,297,18,20,163,102,92,373,273,193,211,85,87,190,201,96,121,105,41,513,69,281,44,60,1
1629628,RJ Barrett,RJ,1610612761,TOR,25.0,58,23,35,0.397,32.2,7.9,16.9,0.468,1.8,5.3,0.35,3.4,5.4,0.63,1.1,5.3,6.3,5.4,2.9,0.8,0.3,1.4,2.4,4.0,21.1,-2.4,37.2,10,2,36.8,223,265,116,394,64,34,35,218,108,97,247,53,25,467,173,48,70,39,28,204,277,4,82,34,42,436,49,62,15,46,1
1641706,Brandon Miller,Brandon,1610612766,CHA,22.0,27,8,19,0.296,34.2,7.3,18.2,0.403,3.9,10.9,0.355,2.5,2.9,0.861,0.9,3.9,4.9,3.6,2.8,1.1,0.7,0.8,2.7,2.7,21.0,-4.6,34.9,2,0,37.0,421,445,329,461,34,49,19,437,4,3,226,85,100,92,220,109,135,100,32,84,78,67,34,91,43,509,64,159,44,42,1
1630224,Jalen Green,Jalen,1610612745,HOU,23.0,82,52,30,0.634,32.9,7.4,17.5,0.423,2.9,8.1,0.354,3.3,4.1,0.813,0.5,4.0,4.6,3.4,2.5,0.9,0.3,1.3,1.5,3.0,21.0,2.0,32.8,4,0,34.3,1,19,176,112,49,45,30,377,28,21,231,58,56,186,360,101,151,106,50,168,256,6,299,70,44,120,76,116,44,61,1
1629636,Darius Garland,Darius,1610612739,CLE,25.0,75,60,15,0.8,30.7,7.4,15.7,0.472,2.8,7.1,0.401,3.0,3.4,0.878,0.6,2.2,2.9,6.7,2.5,1.2,0.1,0.6,1.9,3.0,20.6,6.7,35.7,7,0,35.7,59,5,382,32,89,47,49,207,29,36,77,70,80,72,327,312,325,17,48,55,418,139,193,68,45,15,60,87,44,52,1
1629673,Jordan Poole,Jordan,1610612764,WAS,26.0,68,15,53,0.221,29.4,6.7,15.5,0.432,3.5,9.1,0.378,3.6,4.0,0.883,0.5,2.5,3.0,4.5,3.0,1.3,0.4,1.0,3.0,4.2,20.5,-8.2,32.7,1,0,34.7,138,349,14,511,110,63,50,339,9,9,140,42,57,61,407,265,306,68,17,45,221,30,15,29,46,561,77,198,44,58,1
1629632,Coby White,Coby,1610612741,CHI,25.0,74,35,39,0.473,33.1,6.9,15.1,0.453,2.9,7.9,0.37,3.7,4.1,0.902,0.3,3.4,3.7,4.5,2.4,0.9,0.2,1.0,2.1,3.6,20.4,-1.9,32.6,2,0,33.8,71,149,68,311,46,59,53,267,25,22,173,39,52,40,455,153,224,67,56,136,345,26,154,47,47,401,78,159,44,65,1
1628970,Miles Bridges,Miles,1610612766,CHA,27.0,64,16,48,0.25,31.7,7.3,17.0,0.431,2.2,7.0,0.313,3.5,4.0,0.87,1.1,6.4,7.5,3.9,2.1,0.7,0.7,1.1,1.5,2.8,20.3,-4.0,37.2,14,1,36.7,170,340,23,489,75,50,32,343,64,37,354,48,60,83,158,27,44,88,65,252,86,15,326,81,48,498,48,40,20,48,1
1630559,Austin Reaves,Austin,1610612747,LAL,27.0,73,46,27,0.63,34.9,6.5,14.2,0.46,2.7,7.3,0.377,4.4,5.0,0.877,0.8,3.7,4.5,5.8,2.4,1.1,0.3,0.6,2.1,4.4,20.2,2.7,36.1,9,1,36.0,86,45,222,121,26,69,62,243,32,30,144,25,32,74,248,120,156,31,54,75,272,112,159,25,50,99,54,71,20,51,1
1627783,Pascal Siakam,Pascal,1610612754,IND,31.0,78,47,31,0.603,32.7,7.9,15.2,0.519,1.6,4.2,0.389,2.9,3.9,0.734,1.7,5.2,6.9,3.4,1.4,0.9,0.5,0.6,2.4,3.4,20.2,4.0,36.5,11,0,35.0,35,36,158,165,55,37,52,96,151,163,116,72,62,341,79,50,58,112,152,152,134,138,71,53,49,67,52,55,44,57,1
204001,Kristaps Porziņģis,Kristaps,1610612738,BOS,29.0,42,30,12,0.714,28.8,6.6,13.7,0.483,2.5,6.0,0.412,3.8,4.7,0.809,1.6,5.1,6.8,2.1,1.3,0.7,1.5,0.5,2.8,5.1,19.5,4.1,36.2,6,0,35.2,330,196,414,68,116,67,72,172,45,64,55,37,36,201,86,53,60,202,181,230,15,150,29,16,51,60,53,93,44,54,1
1629014,Anfernee Simons,Anfernee,1610612757,POR,26.0,70,28,42,0.4,32.7,6.8,16.1,0.426,3.1,8.5,0.363,2.5,2.8,0.902,0.4,2.3,2.7,4.8,2.0,0.9,0.1,0.9,1.7,2.0,19.3,-3.1,30.5,2,0,31.7,118,220,47,389,52,61,45,368,17,16,203,87,110,41,447,292,342,55,75,173,490,38,257,132,53,465,94,159,44,79,1
1630567,Scottie Barnes,Scottie,1610612761,TOR,23.0,65,26,39,0.4,32.8,7.3,16.4,0.446,1.2,4.3,0.271,3.5,4.6,0.755,1.7,6.0,7.7,5.8,2.8,1.4,1.0,0.6,1.7,3.8,19.3,-2.0,41.6,26,1,38.8,162,240,68,389,50,51,44,290,218,154,422,45,38,301,81,33,43,29,31,31,50,121,235,42,52,409,24,26,20,32,1
1630217,Desmond Bane,Desmond,1610612753,ORL,27.0,69,38,31,0.551,32.0,7.1,14.8,0.484,2.4,6.1,0.392,2.6,2.9,0.894,0.9,5.2,6.1,5.3,2.4,1.2,0.4,1.1,2.4,2.0,19.2,2.1,36.8,10,1,36.1,129,110,158,230,69,54,57,166,51,59,110,82,104,50,225,51,79,41,52,62,214,19,77,139,54,118,51,62,20,50,1
1630578,Alperen Sengun,Alperen,1610612745,HOU,22.0,76,52,24,0.684,31.5,7.5,15.0,0.496,0.3,1.2,0.233,3.9,5.6,0.692,3.4,6.9,10.3,4.9,2.6,1.1,0.8,1.1,2.8,5.3,19.1,5.4,42.0,45,4,38.4,51,19,271,77,80,43,55,143,427,399,455,35,22,403,10,21,12,54,45,76,73,18,31,12,56,32,23,7,9,34,1
1627734,Domantas Sabonis,Domantas,1610612758,SAC,29.0,70,36,34,0.514,34.7,7.5,12.8,0.59,0.9,2.2,0.417,3.1,4.1,0.754,3.8,10.1,13.9,6.0,2.9,0.7,0.4,0.8,3.3,4.0,19.1,2.1,45.1,61,10,42.1,118,136,124,259,28,41,83,45,278,319,47,65,53,302,4,1,1,24,26,255,232,54,5,38,55,119,11,1,3,20,1
1628381,John Collins,John,1610612762,UTA,27.0,40,12,28,0.3,30.5,7.0,13.3,0.527,1.5,3.7,0.399,3.5,4.1,0.848,2.2,6.0,8.2,2.0,2.6,1.0,1.0,1.4,2.9,3.9,19.0,-0.4,35.1,13,0,34.6,342,393,209,456,92,56,76,84,169,188,89,47,55,111,46,34,31,208,41,117,42,5,20,40,58,272,63,46,44,59,1
1628374,Lauri Markkanen,Lauri,1610612762,UTA,28.0,47,9,38,0.191,31.4,6.3,14.9,0.423,2.9,8.5,0.346,3.4,3.9,0.876,1.5,4.4,5.9,1.5,1.4,0.7,0.4,0.8,1.7,3.4,19.0,-4.0,30.1,5,0,31.4,298,434,85,529,83,75,56,379,24,15,256,49,64,75,97,86,85,290,151,243,239,56,251,56,57,493,95,106,44,81,1
1630552,Jalen Johnson,Jalen,1610612737,ATL,23.0,36,18,18,0.5,35.7,7.5,15.1,0.5,1.2,3.9,0.312,2.6,3.5,0.746,1.7,8.3,10.0,5.0,2.9,1.6,1.0,1.1,1.9,2.8,18.9,1.5,43.1,20,1,40.2,370,312,345,266,16,42,54,125,203,178,355,79,77,329,78,8,16,49,21,19,42,22,201,86,59,138,19,32,20,27,1
1629661,Cameron Johnson,Cameron,1610612751,BKN,29.0,57,21,36,0.368,31.6,6.2,13.1,0.475,2.8,7.2,0.39,3.5,3.9,0.893,0.9,3.4,4.3,3.4,1.7,0.9,0.4,0.6,1.8,3.0,18.8,-3.5,31.4,2,0,32.0,232,280,106,414,79,78,78,194,31,33,115,44,63,51,209,149,166,109,103,138,197,117,215,71,60,480,87,159,44,75,1
203944,Julius Randle,Julius,1610612750,MIN,30.0,69,44,25,0.638,32.3,6.6,13.6,0.485,1.6,4.6,0.344,3.9,4.9,0.806,2.1,5.0,7.1,4.7,2.8,0.7,0.2,0.9,2.5,3.7,18.7,2.4,34.1,14,0,33.8,129,62,256,109,62,68,74,165,160,140,264,33,35,205,52,61,53,59,30,256,329,48,51,43,61,110,67,40,44,64,1
1630169,Tyrese Haliburton,Tyrese,1610612754,IND,25.0,73,46,27,0.63,33.6,6.5,13.8,0.473,3.0,7.7,0.388,2.6,3.0,0.851,0.6,3.0,3.5,9.2,1.6,1.4,0.7,0.3,1.3,2.4,18.6,3.0,41.4,31,0,38.6,86,45,222,121,42,70,67,200,20,25,118,81,97,105,343,203,241,3,116,30,95,293,364,108,62,85,27,18,44,33,1
1630596,Evan Mobley,Evan,1610612739,CLE,24.0,71,58,13,0.817,30.5,7.1,12.8,0.557,1.2,3.2,0.37,3.1,4.3,0.725,2.3,7.0,9.3,3.2,2.0,0.9,1.6,0.7,2.0,3.4,18.5,7.7,39.8,37,0,37.1,108,7,403,24,91,55,82,64,210,228,175,66,43,358,41,20,21,120,76,171,11,87,173,57,64,6,36,13,44,41,1
202696,Nikola Vučević,Nikola,1610612741,CHI,34.0,73,34,39,0.466,31.2,7.5,14.2,0.53,1.8,4.4,0.402,1.6,2.0,0.805,2.4,7.6,10.1,3.5,1.6,0.8,0.7,0.5,2.2,2.2,18.5,-1.3,38.8,45,1,36.9,86,157,68,324,86,40,61,82,120,146,75,149,160,206,34,11,15,104,118,181,85,164,116,121,65,375,40,7,20,43,1
1631101,Shaedon Sharpe,Shaedon,1610612757,POR,22.0,72,32,40,0.444,31.3,6.9,15.3,0.452,2.0,6.6,0.311,2.6,3.4,0.785,0.9,3.6,4.5,2.8,2.1,0.9,0.2,0.7,1.7,2.6,18.5,-1.9,29.2,3,0,30.0,95,179,59,353,84,57,51,271,84,43,358,77,82,241,212,132,157,141,68,170,334,104,258,93,63,402,104,134,44,90,1
1629012,Collin Sexton,Collin,1610612762,UTA,26.0,63,14,49,0.222,27.9,6.6,13.8,0.48,1.7,4.3,0.406,3.4,4.0,0.865,1.0,1.8,2.7,4.2,2.5,0.7,0.1,1.2,2.3,3.5,18.4,-4.5,27.9,2,0,28.7,185,364,19,509,126,66,69,178,123,155,67,50,59,88,207,371,340,79,46,227,468,9,100,51,66,508,113,159,44,101,1
1629008,Michael Porter Jr.,Michael,1610612743,DEN,27.0,77,47,30,0.61,33.7,6.9,13.6,0.504,2.5,6.4,0.395,1.9,2.5,0.768,1.8,5.2,7.0,2.1,1.4,0.6,0.5,0.6,2.0,1.8,18.2,3.4,31.9,15,0,32.1,43,36,176,155,41,60,73,119,40,47,103,124,120,278,73,49,54,195,166,277,158,119,163,158,67,76,84,37,44,73,1
1628389,Bam Adebayo,Bam,1610612748,MIA,27.0,78,36,42,0.462,34.3,6.9,14.3,0.485,1.0,2.8,0.357,3.2,4.2,0.765,2.4,7.2,9.6,4.3,2.1,1.3,0.7,0.6,2.1,4.0,18.1,0.3,39.8,38,1,36.9,35,136,47,327,32,58,60,164,256,267,217,62,50,282,37,15,18,76,72,47,92,133,157,37,68,208,34,11,20,44,1
203952,Andrew Wiggins,Andrew,1610612748,MIA,30.0,60,27,33,0.45,30.7,6.3,14.0,0.448,2.2,5.8,0.374,3.3,4.3,0.763,1.5,3.0,4.5,2.6,1.7,1.0,0.8,1.1,1.7,2.9,18.0,-1.7,31.1,3,0,30.9,206,232,130,346,88,76,63,282,69,77,159,60,44,286,103,196,160,147,115,101,69,25,250,76,70,392,89,134,44,84,2
1628384,OG Anunoby,OG,1610612752,NYK,27.0,74,45,29,0.608,36.6,6.6,13.9,0.476,2.3,6.2,0.372,2.5,3.1,0.81,1.3,3.5,4.8,2.2,1.4,1.5,0.9,1.2,2.3,2.4,18.0,4.1,32.8,1,0,32.1,71,56,188,157,6,65,66,191,57,54,167,89,96,198,124,137,137,188,157,26,64,8,91,110,69,64,75,198,44,74,1
1631093,Jaden Ivey,Jaden,1610612765,DET,23.0,30,14,16,0.467,29.9,6.3,13.8,0.46,2.1,5.1,0.409,2.8,3.9,0.733,1.3,2.8,4.1,4.0,3.0,0.9,0.4,0.9,2.2,3.2,17.6,-2.1,29.4,0,0,30.4,409,364,369,319,104,74,68,242,81,105,60,74,66,345,118,221,183,86,19,135,234,50,115,63,72,416,103,281,44,89,1
1628969,Mikal Bridges,Mikal,1610612752,NYK,28.0,82,51,31,0.622,37.0,7.2,14.4,0.5,2.0,5.6,0.354,1.2,1.4,0.814,0.9,2.3,3.2,3.7,1.6,0.9,0.5,0.3,1.5,1.6,17.6,4.1,29.7,1,0,29.4,1,22,158,135,4,52,59,124,86,86,230,217,244,185,237,302,286,94,121,146,141,308,299,188,71,63,97,198,44,94,1
1627749,Dejounte Murray,Dejounte,1610612740,NOP,28.0,31,9,22,0.29,32.6,6.3,15.9,0.393,1.7,5.6,0.299,3.3,4.0,0.823,0.5,5.9,6.5,7.4,3.4,2.0,0.4,0.6,2.0,2.6,17.5,-6.7,40.1,8,1,37.8,402,434,288,462,56,77,46,457,143,89,382,59,58,160,361,36,67,10,9,3,225,111,179,92,74,544,33,77,20,37,1
202710,Jimmy Butler III,Jimmy,1610612744,GSW,35.0,55,36,19,0.655,31.7,5.5,10.9,0.504,0.6,1.9,0.308,6.0,7.1,0.842,2.3,3.1,5.4,5.4,1.3,1.4,0.3,0.9,0.9,5.1,17.5,4.5,35.9,6,3,32.4,253,136,329,97,74,98,113,117,349,349,366,9,10,119,43,183,107,38,168,34,257,39,431,15,73,51,56,93,11,71,2
1628370,Malik Monk,Malik,1610612758,SAC,27.0,65,36,29,0.554,31.6,6.3,14.4,0.439,2.1,6.6,0.325,2.4,2.7,0.865,0.5,3.3,3.8,5.6,2.4,0.9,0.6,0.8,2.4,2.3,17.2,1.8,32.2,4,0,31.7,162,136,188,226,77,73,58,313,74,42,327,96,111,86,404,160,215,35,53,133,121,55,66,117,75,129,82,116,44,78,1
1630193,Immanuel Quickley,Immanuel,1610612761,TOR,26.0,33,12,21,0.364,27.8,5.6,13.3,0.42,2.6,6.8,0.378,3.4,3.9,0.867,0.5,3.1,3.5,5.8,1.8,0.7,0.1,0.8,1.8,2.9,17.1,-1.2,30.7,2,0,30.6,390,393,297,419,132,94,77,392,38,39,141,55,65,84,394,188,239,30,97,247,439,74,204,77,76,362,93,159,44,86,1
203078,Bradley Beal,Bradley,1610612756,PHX,32.0,53,22,31,0.415,32.1,6.5,13.1,0.497,1.9,5.0,0.386,2.1,2.6,0.803,0.6,2.7,3.3,3.7,1.9,1.1,0.5,0.4,2.6,2.2,17.0,-5.2,29.5,1,0,29.2,263,274,158,377,67,71,79,138,96,111,119,109,116,210,324,235,264,97,92,79,138,226,46,125,77,519,100,198,44,97,1
1629631,De'Andre Hunter,De'Andre,1610612739,CLE,27.0,64,38,26,0.594,27.2,5.6,11.9,0.47,2.5,6.1,0.405,3.4,4.0,0.846,0.7,3.3,4.0,1.4,1.3,0.8,0.2,0.6,2.4,3.3,17.0,1.4,25.7,2,0,26.9,170,110,237,182,142,91,98,210,44,58,74,56,60,112,298,156,188,298,180,209,362,123,72,59,78,145,131,159,44,110,2
1630166,Deni Avdija,Deni,1610612757,POR,24.0,72,33,39,0.458,30.0,5.6,11.7,0.476,1.7,4.8,0.365,4.0,5.2,0.78,1.5,5.7,7.3,3.9,2.7,1.0,0.5,0.9,2.4,4.1,16.9,-1.1,33.2,17,2,32.8,95,166,68,329,100,92,101,190,129,126,187,30,28,251,98,37,49,87,37,114,165,42,78,33,79,347,73,34,15,69,1
1627826,Ivica Zubac,Ivica,1610612746,LAC,28.0,80,50,30,0.625,32.8,7.4,11.8,0.628,0.0,0.0,0.0,2.0,3.0,0.661,3.8,8.9,12.6,2.7,1.6,0.7,1.1,0.7,2.1,3.0,16.8,6.4,39.8,59,1,35.7,16,23,176,127,51,46,100,30,499,542,499,120,99,450,5,7,4,146,126,252,34,85,151,69,81,19,35,2,20,53,1
1641718,Keyonte George,Keyonte,1610612762,UTA,21.0,67,13,54,0.194,31.5,5.4,13.7,0.391,2.6,7.6,0.343,3.5,4.3,0.818,0.4,3.4,3.8,5.6,2.7,0.7,0.1,1.1,1.7,3.4,16.8,-7.6,29.5,4,0,30.4,147,382,8,527,81,103,71,464,35,28,267,46,47,176,433,148,214,33,36,254,428,24,266,55,80,556,101,116,44,88,1
1628401,Derrick White,Derrick,1610612738,BOS,30.0,76,58,18,0.763,33.9,5.6,12.6,0.442,3.5,9.1,0.384,1.8,2.1,0.839,0.9,3.6,4.5,4.8,1.7,0.9,1.1,0.3,1.8,2.2,16.4,7.1,33.2,4,0,33.1,51,7,345,53,38,93,85,305,7,10,124,134,153,121,230,125,159,57,107,126,38,301,217,126,82,11,71,116,44,66,1
1630170,Devin Vassell,Devin,1610612759,SAS,24.0,64,24,40,0.375,31.0,6.2,13.9,0.443,2.5,6.7,0.368,1.5,1.9,0.792,0.5,3.5,4.0,2.9,1.4,1.3,0.5,0.5,1.7,1.5,16.3,-4.1,29.4,2,0,29.2,170,261,59,407,87,79,65,302,43,40,177,169,184,232,368,140,194,133,158,42,142,205,248,195,84,500,102,159,44,96,1
1627736,Malik Beasley,Malik,1610612765,DET,28.0,82,44,38,0.537,27.8,5.6,13.1,0.43,3.9,9.3,0.416,1.2,1.7,0.679,0.6,2.0,2.6,1.7,1.0,0.9,0.1,0.4,1.5,1.3,16.3,2.1,23.8,1,0,26.4,1,62,85,240,130,90,80,345,3,7,48,219,208,428,344,337,354,258,249,157,502,259,312,240,83,116,157,198,44,116,1
1630591,Jalen Suggs,Jalen,1610612753,ORL,24.0,35,20,15,0.571,28.6,5.6,13.7,0.41,2.2,6.9,0.314,2.8,3.1,0.882,0.7,3.4,4.0,3.7,2.9,1.5,0.9,0.5,2.8,3.7,16.2,0.1,30.8,0,0,30.9,381,296,382,210,117,88,70,418,67,38,352,75,86,64,319,150,189,96,24,28,55,185,23,44,87,231,91,281,44,85,1
203903,Jordan Clarkson,Jordan,1610612762,UTA,33.0,37,10,27,0.27,26.0,5.4,13.3,0.408,2.3,6.3,0.362,3.1,3.9,0.797,0.7,2.5,3.2,3.7,2.3,0.8,0.2,1.0,1.4,3.0,16.2,-5.5,26.6,0,0,27.6,361,419,222,478,162,99,75,421,59,52,204,67,67,225,305,267,282,95,58,180,320,30,333,72,86,530,121,281,44,107,1
202331,Paul George,Paul,1610612755,PHI,35.0,41,15,26,0.366,32.5,6.0,13.9,0.43,2.3,6.5,0.358,1.9,2.4,0.814,0.6,4.8,5.3,4.3,2.6,1.8,0.5,0.5,2.5,2.7,16.2,-2.0,33.5,3,0,32.9,336,349,237,416,58,84,64,348,52,44,215,125,132,183,340,69,109,75,40,5,162,183,62,90,85,413,70,134,44,68,1
1631097,Bennedict Mathurin,Bennedict,1610612754,IND,23.0,72,43,29,0.597,29.9,5.4,11.8,0.458,1.4,4.0,0.34,3.8,4.6,0.831,1.2,4.1,5.3,1.9,1.9,0.7,0.3,0.9,2.3,3.4,16.1,1.3,26.4,8,0,26.6,95,75,188,175,105,100,99,246,185,174,278,37,39,141,142,95,110,230,91,272,248,36,110,54,88,148,124,77,44,114,1
1626167,Myles Turner,Myles,1610612754,IND,29.0,72,44,28,0.611,30.2,5.4,11.3,0.481,2.2,5.5,0.396,2.6,3.3,0.773,1.3,5.3,6.5,1.5,1.7,0.8,2.0,0.5,2.5,2.8,15.6,2.8,32.3,13,0,31.3,95,62,209,153,97,101,107,176,69,92,99,83,83,267,134,46,64,282,110,219,5,169,49,78,89,95,81,46,44,82,1
1631128,Christian Braun,Christian,1610612743,DEN,24.0,79,48,31,0.608,33.9,6.0,10.4,0.58,1.1,2.8,0.397,2.2,2.7,0.827,1.2,3.9,5.2,2.6,1.0,1.1,0.5,0.8,2.2,1.8,15.4,6.1,29.1,6,0,27.4,23,30,158,160,37,81,119,50,228,266,93,100,112,148,137,105,114,153,245,83,173,65,135,155,90,22,106,93,44,108,1
1642272,Jared McCain,Jared,1610612755,PHI,21.0,23,7,16,0.304,25.7,5.5,11.9,0.46,2.2,5.8,0.383,2.1,2.4,0.875,0.6,1.9,2.4,2.6,1.6,0.7,0.0,0.5,1.6,2.0,15.3,-1.2,22.5,1,0,23.9,438,460,369,453,168,97,97,244,62,78,126,104,127,77,348,357,368,152,122,273,519,190,276,141,91,361,178,198,44,143,1
1630228,Jonathan Kuminga,Jonathan,1610612744,GSW,22.0,47,28,19,0.596,24.3,5.5,12.1,0.454,1.0,3.2,0.305,3.3,5.0,0.668,1.2,3.4,4.6,2.2,1.5,0.8,0.4,1.0,1.9,3.1,15.3,0.2,26.4,2,0,25.6,298,220,329,179,197,96,94,264,271,231,374,57,33,437,145,143,150,190,136,194,190,27,189,66,92,224,123,159,44,126,1
1631109,Mark Williams,Mark,1610612766,CHA,23.0,44,9,35,0.205,26.6,6.1,10.2,0.604,0.0,0.1,0.0,3.0,3.7,0.804,3.0,7.2,10.2,2.5,1.6,0.7,1.2,0.6,2.4,2.9,15.3,-6.8,35.4,21,0,31.8,322,434,116,519,157,80,124,38,499,523,499,71,71,209,17,17,13,161,120,232,28,142,75,75,93,547,61,28,44,77,1
1626162,Kelly Oubre Jr.,Kelly,1610612755,PHI,29.0,60,21,39,0.35,34.6,5.8,12.4,0.47,1.2,4.0,0.293,2.3,3.1,0.751,1.6,4.5,6.1,1.8,1.3,1.5,0.5,1.1,3.0,2.8,15.1,-4.3,29.9,10,0,28.3,206,280,68,430,29,85,88,211,212,170,393,99,93,309,87,83,74,240,169,21,149,20,10,83,94,505,96,62,44,103,1
1631096,Chet Holmgren,Chet,1610612760,OKC,23.0,32,26,6,0.813,27.4,5.2,10.7,0.49,1.4,3.6,0.379,3.2,4.2,0.754,1.5,6.5,8.0,2.0,1.8,0.7,2.2,1.1,2.3,3.0,15.0,9.2,34.6,11,0,32.2,397,240,481,27,138,112,116,151,184,193,138,64,51,305,100,25,35,219,98,236,3,21,110,73,95,2,66,55,44,72,1
1628398,Kyle Kuzma,Kyle,1610612749,MIL,29.0,65,25,40,0.385,29.8,5.7,13.0,0.436,1.5,4.8,0.307,2.0,3.1,0.634,0.8,4.9,5.7,2.3,2.2,0.6,0.3,0.6,1.8,2.4,14.8,-6.4,25.5,6,0,26.0,162,252,59,400,107,86,81,326,168,123,370,116,89,466,252,64,95,172,60,329,279,127,213,103,96,542,134,93,44,119,2
203932,Aaron Gordon,Aaron,1610612743,DEN,29.0,51,33,18,0.647,28.4,5.2,9.7,0.531,1.5,3.4,0.436,2.8,3.5,0.81,1.6,3.3,4.8,3.2,1.4,0.5,0.3,0.7,1.6,2.7,14.7,5.9,26.0,3,0,25.6,275,166,345,101,120,113,139,79,171,219,24,73,76,196,91,163,136,118,147,382,290,84,277,89,98,26,127,134,44,124,1
1629023,P.J. Washington,P.J.,1610612742,DAL,26.0,57,31,26,0.544,32.2,5.3,11.7,0.453,1.6,4.2,0.381,2.5,3.5,0.722,1.4,6.3,7.8,2.3,2.1,1.1,1.1,0.9,2.3,2.8,14.7,0.9,31.8,14,0,30.6,232,186,237,234,65,106,103,269,152,160,135,86,78,362,106,28,40,177,69,76,38,47,97,84,98,177,85,40,44,87,1
1642264,Stephon Castle,Stephon,1610612759,SAS,20.0,81,33,48,0.407,26.7,5.2,12.2,0.428,1.2,4.1,0.285,3.1,4.2,0.724,1.1,2.6,3.7,4.1,2.2,0.9,0.3,0.8,2.0,3.2,14.7,-3.0,26.6,6,0,26.0,12,166,23,386,155,111,90,359,216,167,404,68,48,359,166,250,227,82,63,147,297,60,166,61,97,455,119,93,44,121,1
1630581,Josh Giddey,Josh,1610612741,CHI,22.0,70,33,37,0.471,30.2,5.3,11.4,0.465,1.5,4.0,0.378,2.5,3.2,0.781,1.8,6.3,8.1,7.2,2.9,1.2,0.6,0.9,1.7,2.6,14.6,-1.0,37.7,30,7,35.1,118,166,96,315,95,105,105,226,164,176,142,87,85,248,68,30,34,13,26,57,104,35,232,98,100,331,44,21,7,56,1
1629656,Quentin Grimes,Quentin,1610612755,PHI,25.0,75,29,46,0.387,26.8,5.1,11.0,0.467,2.2,5.6,0.385,2.2,2.9,0.757,0.8,3.5,4.3,3.0,1.9,1.0,0.3,0.4,1.8,2.3,14.6,-3.5,26.3,4,0,26.6,59,212,32,399,151,114,112,222,72,88,123,103,105,299,270,135,167,127,89,113,276,211,210,115,101,478,125,116,44,113,2
1627751,Jakob Poeltl,Jakob,1610612761,TOR,29.0,57,21,36,0.368,29.6,6.4,10.2,0.627,0.0,0.1,0.333,1.7,2.5,0.674,3.3,6.3,9.6,2.8,1.9,1.2,1.2,0.6,3.1,2.3,14.5,-0.6,35.4,23,0,31.6,232,280,106,414,109,72,125,31,497,532,297,139,118,433,11,29,19,140,81,64,26,122,9,118,102,299,62,27,44,80,1
1629028,Deandre Ayton,Deandre,1610612757,POR,26.0,40,17,23,0.425,30.1,6.6,11.7,0.566,0.2,0.8,0.188,1.0,1.5,0.667,3.1,7.1,10.2,1.6,1.7,0.8,1.0,0.4,2.2,1.5,14.4,-4.1,32.5,20,0,29.8,342,323,280,368,98,64,102,59,465,454,481,255,232,438,15,19,14,273,106,212,48,242,123,204,104,499,79,32,44,92,1
1641711,Gradey Dick,Gradey,1610612761,TOR,21.0,54,15,39,0.278,29.4,4.9,12.0,0.41,2.1,6.0,0.35,2.5,2.9,0.858,0.8,2.8,3.6,1.8,1.5,0.9,0.2,0.7,2.2,2.4,14.4,-3.9,23.1,0,0,24.0,258,349,68,470,111,123,95,417,78,60,246,91,103,94,258,227,237,237,133,158,376,104,119,113,105,491,165,281,44,140,1
203924,Jerami Grant,Jerami,1610612757,POR,31.0,47,22,25,0.468,32.4,4.6,12.2,0.373,2.3,6.3,0.365,3.0,3.5,0.849,0.6,2.9,3.5,2.1,1.4,0.9,1.0,0.9,2.3,2.6,14.4,-4.3,26.0,0,0,26.0,298,274,256,318,59,142,89,488,58,49,191,69,75,107,357,206,247,194,155,166,46,45,93,97,103,504,128,281,44,120,1
1630202,Payton Pritchard,Payton,1610612738,BOS,27.0,80,59,21,0.738,28.4,5.1,10.8,0.472,3.2,7.8,0.407,0.9,1.1,0.845,1.3,2.6,3.8,3.5,1.0,0.9,0.2,0.5,1.5,1.1,14.3,5.4,26.2,5,0,26.9,16,6,297,58,119,116,114,205,14,23,66,281,304,116,129,251,207,105,241,163,389,191,321,288,106,33,126,106,44,109,1
1629675,Naz Reid,Naz,1610612750,MIN,25.0,80,47,33,0.588,27.5,5.3,11.5,0.462,2.2,5.8,0.379,1.4,1.8,0.776,1.2,4.9,6.0,2.3,1.4,0.7,0.9,0.5,2.4,1.5,14.2,4.3,28.3,10,0,27.9,16,36,130,191,136,104,104,233,65,79,139,186,191,259,153,65,81,180,167,234,61,171,81,202,107,59,109,62,44,105,1
1641708,Amen Thompson,Amen,1610612745,HOU,22.0,69,43,26,0.623,32.3,5.6,10.1,0.557,0.4,1.3,0.275,2.4,3.6,0.684,2.8,5.4,8.2,3.8,2.0,1.4,1.3,0.7,2.4,2.5,14.1,3.9,35.7,21,3,31.8,129,75,237,134,63,89,126,65,402,390,417,92,74,416,25,43,32,91,78,33,23,108,73,100,111,70,58,28,11,76,1
1630700,Dyson Daniels,Dyson,1610612737,ATL,22.0,76,37,39,0.487,33.8,6.0,12.1,0.493,1.1,3.1,0.34,1.1,1.8,0.593,1.6,4.3,5.9,4.4,2.0,3.0,0.7,0.6,2.3,1.7,14.1,-0.9,37.0,9,0,32.9,51,124,68,301,39,83,92,148,248,245,276,241,186,491,85,87,86,74,77,1,82,131,96,167,108,319,50,71,44,67,1
1627832,Fred VanVleet,Fred,1610612745,HOU,31.0,60,41,19,0.683,35.2,4.8,12.7,0.378,2.7,7.7,0.345,1.9,2.3,0.81,0.5,3.2,3.7,5.6,1.5,1.6,0.4,0.4,2.3,1.9,14.1,4.4,31.3,4,0,29.9,206,83,329,78,21,133,84,482,34,26,257,130,137,195,367,176,225,36,145,18,209,251,88,144,110,53,88,116,44,91,1
1630544,Tre Mann,Tre,1610612766,CHA,24.0,13,6,7,0.462,24.5,5.4,12.4,0.435,1.8,4.6,0.4,1.5,1.6,0.905,0.9,2.0,2.9,3.0,1.9,0.5,0.3,1.0,1.8,1.6,14.1,-4.2,22.7,0,0,23.5,489,473,467,327,190,102,86,332,106,134,78,172,216,38,221,339,317,129,84,341,263,30,206,184,109,503,173,281,44,146,1
1628415,Dillon Brooks,Dillon,1610612745,HOU,29.0,75,49,26,0.653,31.8,5.1,11.9,0.429,2.5,6.3,0.397,1.3,1.6,0.818,1.0,2.7,3.7,1.7,1.0,0.8,0.2,0.5,3.2,1.5,14.0,2.8,23.0,0,0,23.9,59,25,237,98,72,114,96,354,41,53,97,198,218,169,183,239,227,256,248,199,351,189,6,210,112,96,167,281,44,142,1
202691,Klay Thompson,Klay,1610612742,DAL,35.0,72,33,39,0.458,27.3,5.0,12.2,0.412,3.0,7.7,0.391,0.9,1.0,0.905,0.6,2.8,3.4,2.0,1.2,0.7,0.4,0.3,1.1,0.7,14.0,-1.1,23.2,0,0,24.6,95,166,68,329,139,117,91,412,19,27,112,273,311,37,333,220,252,207,192,248,209,312,394,387,114,350,162,281,44,134,1
1642449,Tolu Smith,Tolu,1610612765,DET,24.0,1,0,1,0.0,22.4,6.0,9.0,0.667,0.0,0.0,0.0,2.0,3.0,0.667,4.0,4.0,8.0,0.0,2.0,0.0,0.0,2.0,3.0,4.0,14.0,7.0,21.6,0,0,22.0,562,557,548,557,226,82,156,17,499,542,499,112,98,438,2,102,36,558,78,541,519,2,10,35,113,12,186,281,44,165,1
1626171,Bobby Portis,Bobby,1610612749,MIL,30.0,49,30,19,0.612,25.4,5.7,12.1,0.466,1.3,3.6,0.365,1.2,1.5,0.836,1.8,6.6,8.4,2.1,1.2,0.7,0.5,0.6,1.9,1.5,13.9,1.9,29.7,11,0,28.2,293,196,329,150,174,87,93,224,191,192,190,208,235,129,67,24,26,198,208,237,136,116,188,205,115,124,98,55,44,104,1
202699,Tobias Harris,Tobias,1610612765,DET,32.0,73,40,33,0.548,31.6,5.3,11.0,0.477,1.2,3.6,0.345,2.0,2.3,0.861,0.9,5.0,5.9,2.2,1.2,1.0,0.8,0.6,1.9,1.7,13.7,2.6,28.4,5,0,26.7,86,89,130,233,78,107,109,188,200,195,261,119,138,91,227,56,84,187,207,100,75,118,198,178,116,103,108,106,44,112,1
1628404,Josh Hart,Josh,1610612752,NYK,30.0,77,48,29,0.623,37.6,5.2,10.0,0.525,1.1,3.3,0.333,2.1,2.7,0.776,2.1,7.5,9.6,5.9,2.1,1.5,0.4,0.8,2.6,2.4,13.6,2.6,37.6,34,9,34.0,43,30,188,132,2,108,127,88,239,225,297,110,113,261,51,13,20,28,74,20,243,71,43,111,117,100,45,16,5,63,1
1628386,Jarrett Allen,Jarrett,1610612739,CLE,27.0,82,64,18,0.78,28.0,5.5,7.8,0.706,0.0,0.1,0.0,2.4,3.4,0.718,2.6,7.1,9.7,1.9,1.2,0.9,0.9,0.6,1.5,3.1,13.5,6.3,32.3,40,0,28.8,1,1,345,44,123,95,201,6,499,528,499,93,81,368,28,18,17,226,202,132,63,140,299,65,118,21,80,10,44,100,1
1630168,Onyeka Okongwu,Onyeka,1610612737,ATL,24.0,74,35,39,0.473,27.9,5.2,9.2,0.567,0.6,2.0,0.324,2.2,2.9,0.759,3.0,5.9,8.9,2.3,1.2,0.9,0.9,0.7,2.6,2.3,13.4,0.5,31.8,28,0,28.9,71,149,68,311,128,110,148,57,339,333,328,101,101,296,19,35,22,179,195,136,57,102,44,120,119,193,86,22,44,99,1
201566,Russell Westbrook,Russell,1610612743,DEN,36.0,75,43,32,0.573,27.9,5.0,11.1,0.449,1.3,3.9,0.323,2.1,3.1,0.661,1.4,3.6,4.9,6.1,3.2,1.4,0.5,0.7,2.5,2.3,13.3,-0.3,30.8,13,4,29.3,59,75,143,208,127,119,108,279,198,182,334,111,90,451,115,130,133,23,13,32,159,91,56,116,120,261,92,46,9,95,1
1630230,Naji Marshall,Naji,1610612742,DAL,27.0,69,32,37,0.464,27.8,5.2,10.3,0.508,0.9,3.2,0.275,1.9,2.3,0.813,1.1,3.7,4.8,3.0,1.6,1.0,0.2,0.5,1.6,1.7,13.2,-2.0,25.4,6,0,24.2,129,179,96,325,131,109,122,109,292,235,416,129,134,186,162,122,143,128,119,98,405,156,285,170,121,408,136,93,44,139,1
203471,Dennis Schröder,Dennis,1610612765,DET,31.0,75,37,38,0.493,28.1,4.5,11.0,0.406,1.7,4.9,0.342,2.4,2.9,0.838,0.4,2.3,2.6,5.4,1.9,0.9,0.2,0.8,2.4,2.8,13.1,-1.0,25.5,7,0,24.9,59,124,85,290,122,143,110,425,140,116,271,94,102,122,445,305,351,40,86,162,403,73,74,82,123,329,133,87,44,130,3
1629060,Rui Hachimura,Rui,1610612747,LAL,27.0,59,37,22,0.627,31.7,5.0,9.8,0.509,1.7,4.2,0.413,1.5,1.9,0.77,1.3,3.7,5.0,1.4,0.8,0.8,0.4,0.7,1.8,1.4,13.1,2.7,24.0,1,0,23.7,218,124,288,126,76,120,137,108,133,162,53,171,179,271,117,121,125,305,303,216,195,101,224,213,122,98,153,198,44,144,1
1642259,Alex Sarr,Alex,1610612764,WAS,20.0,67,13,54,0.194,27.1,4.9,12.4,0.394,1.6,5.1,0.308,1.7,2.5,0.679,1.9,4.6,6.5,2.4,1.7,0.7,1.5,0.6,2.2,1.8,13.0,-8.1,29.2,10,0,27.8,147,382,8,527,144,125,87,455,159,107,365,141,125,427,65,75,66,164,111,270,14,137,127,152,125,559,105,62,44,106,1
201572,Brook Lopez,Brook,1610612749,MIL,37.0,80,47,33,0.588,31.8,4.9,9.7,0.509,1.7,4.7,0.373,1.4,1.7,0.826,1.4,3.6,5.0,1.8,1.1,0.6,1.9,0.3,2.1,1.7,13.0,1.7,28.1,4,0,26.5,16,36,130,191,73,122,140,107,127,131,162,179,204,150,108,126,124,242,236,288,6,348,141,176,124,133,111,116,44,115,1
1629021,Moritz Wagner,Moritz,1610612753,ORL,28.0,30,18,12,0.6,18.8,4.7,8.3,0.562,0.9,2.5,0.36,2.6,3.7,0.718,1.3,3.6,4.9,1.4,1.6,0.8,0.4,0.5,1.8,3.2,12.9,-0.6,22.9,1,0,22.5,409,312,414,168,300,138,179,61,285,293,210,78,73,369,118,126,133,309,117,199,217,197,212,62,126,291,168,198,44,156,1
1629640,Keldon Johnson,Keldon,1610612759,SAS,25.0,77,31,46,0.403,23.9,4.8,10.0,0.482,1.1,3.6,0.318,1.9,2.5,0.773,1.5,3.4,4.8,1.6,1.0,0.6,0.3,0.5,1.5,1.8,12.7,-2.8,22.7,3,0,22.1,43,186,32,388,205,128,127,174,226,205,345,121,120,266,104,151,138,267,250,284,282,188,316,154,127,452,174,134,44,163,1
1627763,Malcolm Brogdon,Malcolm,1610612764,WAS,32.0,24,6,18,0.25,23.5,4.3,10.0,0.433,0.7,2.3,0.286,3.4,3.8,0.88,0.9,2.9,3.8,4.1,1.6,0.5,0.2,0.8,1.3,2.8,12.7,-5.0,24.1,2,0,22.8,432,473,345,489,213,150,127,334,333,312,396,54,69,67,232,205,210,83,127,337,359,63,366,78,128,516,152,159,44,153,1
1630703,Scoot Henderson,Scoot,1610612757,POR,21.0,66,30,36,0.455,26.7,4.3,10.4,0.419,1.6,4.5,0.354,2.4,3.1,0.767,0.8,2.2,3.0,5.1,2.7,1.0,0.2,0.7,2.7,2.8,12.7,-0.6,24.9,2,0,24.8,156,196,106,339,156,149,121,396,154,143,233,95,88,279,267,315,300,48,38,94,371,104,33,85,129,292,141,159,44,131,1
1626156,D'Angelo Russell,D'Angelo,1610612751,BKN,29.0,58,26,32,0.448,25.5,4.3,11.0,0.39,1.9,6.2,0.314,2.1,2.5,0.834,0.3,2.4,2.8,5.1,1.9,1.0,0.4,0.2,2.0,2.4,12.6,0.0,25.9,4,0,25.2,223,240,143,348,172,152,111,468,93,55,353,107,123,130,452,278,333,47,93,122,222,359,175,109,130,236,129,116,44,128,2
1642258,Zaccharie Risacher,Zaccharie,1610612737,ATL,20.0,75,38,37,0.507,24.6,4.8,10.4,0.458,1.6,4.6,0.355,1.4,2.0,0.711,1.1,2.4,3.6,1.2,1.2,0.7,0.5,0.7,2.0,1.4,12.6,-1.6,21.0,1,0,21.4,59,110,96,264,188,135,120,248,150,136,228,180,172,381,154,280,238,339,191,250,159,91,171,217,131,389,197,198,44,179,1
1630583,Santi Aldama,Santi,1610612763,MEM,24.0,65,38,27,0.585,25.5,4.8,10.0,0.483,1.8,5.0,0.368,1.0,1.4,0.691,1.4,5.0,6.4,2.9,1.1,0.8,0.4,0.3,1.2,1.3,12.5,2.3,27.1,10,0,26.1,162,110,222,196,171,129,130,170,106,109,178,255,241,404,105,62,68,132,225,199,191,286,388,248,133,112,117,62,44,117,1
1629660,Ty Jerome,Ty,1610612739,CLE,27.0,70,55,15,0.786,19.9,4.6,8.8,0.516,1.6,3.6,0.439,1.8,2.1,0.872,0.7,1.8,2.5,3.4,1.3,1.1,0.0,0.4,1.5,1.8,12.5,4.3,22.7,0,0,22.3,118,11,382,40,273,141,161,98,155,196,20,131,154,81,284,373,365,110,175,72,510,234,325,163,132,57,172,281,44,162,1
1631099,Keegan Murray,Keegan,1610612758,SAC,24.0,76,36,40,0.474,34.3,4.8,10.8,0.444,2.0,5.9,0.343,0.8,0.9,0.833,1.9,4.8,6.7,1.4,0.8,0.8,0.9,0.4,2.4,1.0,12.4,0.6,26.9,11,0,25.9,51,136,59,309,31,132,115,298,85,69,268,307,336,131,59,70,61,300,314,198,59,250,64,295,134,191,118,55,44,122,1
1629022,Lonnie Walker IV,Lonnie,1610612755,PHI,26.0,20,3,17,0.15,23.8,4.5,10.6,0.42,2.3,6.4,0.354,1.2,1.5,0.8,0.3,2.9,3.2,2.5,1.3,0.5,0.3,0.4,1.4,1.0,12.4,-7.1,20.9,1,0,21.8,448,508,360,540,206,145,117,393,61,48,229,213,232,213,473,213,288,159,183,355,309,223,346,300,135,549,202,198,44,170,1
1630245,Ayo Dosunmu,Ayo,1610612741,CHI,25.0,46,17,29,0.37,30.3,4.8,9.8,0.492,1.3,4.1,0.328,1.3,1.7,0.785,0.6,2.9,3.5,4.5,1.5,0.9,0.4,0.7,2.3,1.4,12.3,-5.1,25.8,1,1,24.3,307,323,188,412,94,130,138,149,187,168,315,196,206,242,348,204,244,64,138,134,224,81,102,230,138,518,130,198,20,138,1
1641731,Bilal Coulibaly,Bilal,1610612764,WAS,20.0,59,13,46,0.22,33.0,4.5,10.6,0.421,1.1,3.8,0.281,2.3,3.1,0.746,1.5,3.4,5.0,3.4,2.1,1.3,0.7,0.8,2.4,2.4,12.3,-9.9,27.3,3,1,25.8,218,382,32,513,48,144,118,387,247,185,408,98,87,330,95,142,129,111,66,39,88,66,83,106,137,566,115,134,20,123,1
1629655,Daniel Gafford,Daniel,1610612742,DAL,26.0,57,28,29,0.491,21.5,5.0,7.1,0.702,0.0,0.0,0.0,2.4,3.4,0.689,2.7,4.1,6.8,1.4,1.2,0.4,1.8,0.5,2.7,2.7,12.3,0.6,28.0,8,0,24.9,232,220,188,295,241,121,241,8,499,542,499,97,79,410,27,99,59,308,211,406,7,160,36,87,139,189,112,77,44,129,1
203084,Harrison Barnes,Harrison,1610612759,SAS,33.0,82,34,48,0.415,27.2,4.2,8.3,0.508,1.9,4.4,0.433,2.0,2.4,0.809,1.2,2.6,3.8,1.7,0.6,0.5,0.2,0.3,0.9,1.8,12.3,-0.3,20.7,1,0,21.0,1,157,23,378,141,155,178,111,100,147,28,118,128,201,146,247,213,264,377,370,395,267,437,157,136,258,206,198,44,184,1
1631095,Jabari Smith Jr.,Jabari,1610612745,HOU,22.0,57,40,17,0.702,30.1,4.4,9.9,0.438,1.7,4.9,0.354,1.8,2.2,0.825,1.8,5.2,7.0,1.1,1.1,0.4,0.7,0.5,2.2,2.1,12.2,4.4,24.6,8,0,24.3,232,89,360,71,99,148,131,318,135,121,232,132,143,151,66,52,55,377,230,393,83,160,132,129,140,55,144,77,44,137,1
1630183,Jaden McDaniels,Jaden,1610612750,MIN,24.0,82,49,33,0.598,31.9,4.9,10.2,0.477,1.2,3.7,0.33,1.3,1.6,0.813,1.6,4.2,5.7,2.0,1.2,1.3,0.9,0.5,2.7,1.7,12.2,2.1,27.6,10,0,25.6,1,25,130,173,71,126,123,185,206,190,310,204,224,186,90,93,91,216,210,37,60,172,32,177,141,117,114,62,44,125,1
1627747,Caris LeVert,Caris,1610612737,ATL,30.0,64,46,18,0.719,24.9,4.4,9.4,0.467,1.7,4.4,0.373,1.7,2.4,0.71,0.6,2.5,3.2,3.4,1.2,0.9,0.5,0.4,1.5,1.7,12.1,4.0,24.0,1,0,23.1,170,45,345,66,181,146,145,220,145,145,160,137,130,386,325,264,284,113,201,156,142,213,302,172,142,66,154,198,44,150,2
1631166,Drew Timme,Drew,1610612751,BKN,24.0,9,3,6,0.333,28.2,5.0,11.3,0.441,1.0,3.9,0.257,1.1,1.8,0.625,1.9,5.3,7.2,2.2,1.7,0.4,0.1,0.2,2.3,2.4,12.1,-7.3,24.1,3,0,23.7,509,508,481,437,121,118,106,306,257,180,436,237,194,469,62,45,51,186,113,388,443,376,88,104,143,553,149,134,44,145,1
1630174,Aaron Nesmith,Aaron,1610612754,IND,25.0,45,29,16,0.644,24.9,4.3,8.4,0.507,1.9,4.3,0.431,1.6,1.8,0.913,0.8,3.1,4.0,1.2,0.8,0.8,0.4,0.5,2.5,1.7,12.0,4.4,21.2,0,0,21.4,318,212,369,102,182,153,173,116,104,151,34,151,194,33,256,179,195,342,306,210,231,182,52,169,147,53,193,281,44,180,1
1630598,Aaron Wiggins,Aaron,1610612760,OKC,26.0,76,62,14,0.816,22.9,4.7,9.6,0.488,1.7,4.5,0.383,1.0,1.2,0.831,1.1,2.8,3.9,1.8,0.9,0.8,0.2,0.5,1.3,0.9,12.0,6.8,21.5,2,0,21.4,51,4,392,25,216,137,142,156,136,144,125,262,282,140,171,218,203,246,274,205,327,170,349,326,146,14,187,159,44,177,1
203497,Rudy Gobert,Rudy,1610612750,MIN,33.0,72,43,29,0.597,33.2,4.7,7.1,0.669,0.0,0.0,0.0,2.6,3.8,0.674,3.7,7.2,10.9,1.8,1.2,0.8,1.4,0.8,2.5,3.6,12.0,4.5,33.2,36,0,29.1,95,75,188,175,45,136,239,15,499,542,499,83,70,432,6,16,9,245,189,210,16,75,53,46,145,46,72,14,44,98,1
1631106,Tari Eason,Tari,1610612745,HOU,24.0,57,36,21,0.632,24.9,4.8,9.8,0.487,1.1,3.2,0.342,1.4,1.8,0.76,2.2,4.1,6.4,1.5,1.1,1.7,0.9,0.8,2.4,1.3,12.0,2.5,28.4,6,0,26.1,232,136,297,115,183,134,136,162,232,230,270,187,187,295,44,97,69,293,213,12,65,64,76,236,144,104,107,93,44,118,1
203114,Khris Middleton,Khris,1610612764,WAS,33.0,37,18,19,0.486,22.8,4.3,9.1,0.475,1.3,3.6,0.361,1.9,2.3,0.857,0.4,3.4,3.7,4.1,1.5,0.9,0.2,0.4,2.0,1.9,11.9,1.1,24.4,0,0,23.3,361,312,329,302,219,151,154,195,193,200,205,122,139,95,450,153,223,84,135,127,345,260,164,150,148,164,145,281,44,149,2
1631105,Jalen Duren,Jalen,1610612765,DET,21.0,78,43,35,0.551,26.1,4.8,7.0,0.692,0.0,0.0,0.0,2.1,3.1,0.669,3.6,6.8,10.3,2.7,1.7,0.7,1.1,0.7,3.2,2.6,11.8,0.5,32.0,41,0,28.5,35,75,116,229,161,127,243,11,499,542,499,108,91,436,7,22,11,145,102,251,32,93,8,95,149,197,83,9,44,102,1
1641764,Brandin Podziemski,Brandin,1610612744,GSW,22.0,64,38,26,0.594,26.8,4.4,9.8,0.445,1.8,4.8,0.372,1.1,1.5,0.758,1.0,4.1,5.1,3.4,1.2,1.1,0.2,0.4,1.5,1.9,11.7,4.1,25.6,2,0,24.5,170,110,237,182,153,146,135,292,115,122,166,230,236,298,180,100,119,107,204,82,362,221,317,146,150,62,132,159,44,136,1
1628978,Donte DiVincenzo,Donte,1610612750,MIN,28.0,62,37,25,0.597,25.9,4.0,9.6,0.422,2.8,7.1,0.397,0.8,1.0,0.778,0.5,3.2,3.7,3.6,1.6,1.2,0.3,0.4,1.8,1.4,11.7,2.8,24.3,1,0,24.7,192,124,256,178,165,162,143,386,30,35,94,306,312,252,375,174,226,101,124,60,291,257,211,221,151,94,148,198,44,132,1
1630557,Corey Kispert,Corey,1610612764,WAS,26.0,61,14,47,0.23,26.3,4.2,9.3,0.451,2.0,5.4,0.364,1.2,1.4,0.852,0.6,2.4,3.0,1.7,1.0,0.4,0.2,0.6,1.6,1.0,11.6,-4.5,18.6,0,0,19.5,201,364,29,507,159,157,147,274,91,94,195,210,243,103,339,285,310,259,237,399,331,148,278,310,152,507,254,281,44,210,1
1631110,Jeremy Sochan,Jeremy,1610612759,SAS,22.0,54,21,33,0.389,25.3,4.6,8.7,0.535,0.5,1.7,0.308,1.6,2.3,0.696,2.4,4.2,6.5,2.4,1.6,0.8,0.5,0.9,2.4,1.9,11.4,-1.6,25.2,8,0,23.5,258,280,130,397,177,139,164,75,363,367,366,154,135,397,38,92,65,169,130,182,149,53,70,143,153,390,138,77,44,147,1
1641739,Toumani Camara,Toumani,1610612757,POR,25.0,78,33,45,0.423,32.7,4.2,9.2,0.458,1.7,4.6,0.375,1.2,1.6,0.722,2.2,3.6,5.8,2.2,1.4,1.5,0.6,0.4,2.9,2.8,11.3,-1.5,26.6,4,0,25.3,35,166,38,370,54,156,150,250,132,134,150,218,216,362,48,133,90,184,152,25,107,254,17,78,154,383,120,116,44,127,1
1628392,Isaiah Hartenstein,Isaiah,1610612760,OKC,27.0,57,49,8,0.86,27.9,4.9,8.4,0.581,0.0,0.3,0.0,1.4,2.1,0.675,2.9,7.9,10.7,3.8,1.7,0.8,1.1,0.5,3.0,1.6,11.2,7.3,33.9,28,0,29.6,232,25,459,16,129,124,174,48,499,495,499,187,159,430,23,10,10,90,112,188,36,153,10,181,155,10,68,22,44,93,1
1627741,Buddy Hield,Buddy,1610612744,GSW,32.0,82,48,34,0.585,22.7,4.0,9.6,0.417,2.5,6.7,0.37,0.6,0.8,0.828,0.6,2.6,3.2,1.6,1.1,0.8,0.3,0.4,1.6,0.6,11.1,1.7,19.7,0,0,20.7,1,30,124,195,221,167,141,402,42,41,174,353,383,146,329,247,279,266,222,178,285,241,275,426,157,132,226,281,44,188,1
1629018,Gary Trent Jr.,Gary,1610612749,MIL,26.0,74,44,30,0.595,25.6,3.8,8.9,0.431,2.4,5.9,0.416,1.1,1.2,0.848,0.3,2.0,2.3,1.2,0.6,1.0,0.1,0.1,1.7,1.0,11.1,0.9,18.1,0,0,19.1,71,62,176,181,170,177,159,342,47,74,50,249,270,110,484,339,380,348,398,119,504,443,254,313,156,172,260,281,44,221,1
201950,Jrue Holiday,Jrue,1610612738,BOS,35.0,62,47,15,0.758,30.6,4.1,9.2,0.443,1.7,4.9,0.353,1.1,1.2,0.909,1.2,3.0,4.3,3.9,1.2,1.1,0.4,0.4,1.6,1.2,11.1,5.5,25.2,1,0,23.9,192,36,382,55,90,161,149,301,124,117,235,227,271,34,140,191,172,89,187,85,198,248,270,255,158,29,139,198,44,141,1
1631117,Walker Kessler,Walker,1610612762,UTA,23.0,58,14,44,0.241,30.0,4.8,7.2,0.663,0.1,0.6,0.176,1.4,2.6,0.52,4.6,7.6,12.2,1.7,1.5,0.6,2.4,0.7,2.2,2.2,11.1,-5.7,35.7,28,0,31.0,223,364,42,500,101,131,231,19,475,480,483,190,114,504,1,12,5,261,142,291,2,90,113,122,159,533,59,22,44,83,1
1629130,Duncan Robinson,Duncan,1610612748,MIA,31.0,74,30,44,0.405,24.1,3.9,9.0,0.437,2.6,6.5,0.393,0.6,0.7,0.887,0.2,2.0,2.3,2.4,1.2,0.5,0.1,0.4,1.8,0.8,11.0,0.9,18.0,0,0,19.5,71,196,42,387,202,170,158,321,39,45,107,358,399,57,499,338,382,167,209,340,478,230,216,348,160,175,262,281,44,211,1
1627824,Guerschon Yabusele,Guerschon,1610612755,PHI,29.0,70,23,47,0.329,27.1,4.0,8.0,0.501,1.5,3.9,0.38,1.4,2.0,0.725,1.9,3.7,5.6,2.1,1.2,0.8,0.3,0.4,2.3,1.9,11.0,-1.7,23.2,3,0,22.6,118,265,29,443,146,163,188,123,167,179,137,177,174,357,60,118,97,199,185,185,246,206,87,149,162,393,163,134,44,154,1
203915,Spencer Dinwiddie,Spencer,1610612742,DAL,32.0,79,37,42,0.468,27.0,3.6,8.6,0.416,1.4,4.1,0.334,2.5,3.1,0.802,0.2,2.4,2.6,4.4,1.3,0.9,0.2,0.3,1.5,2.5,11.0,-2.8,22.9,5,0,21.7,23,124,47,316,149,201,166,404,183,166,296,90,94,211,504,281,350,72,178,160,348,313,308,101,161,451,169,106,44,172,1
203501,Tim Hardaway Jr.,Tim,1610612765,DET,33.0,77,41,36,0.532,28.0,3.6,8.8,0.406,2.2,5.9,0.368,1.6,1.9,0.855,0.2,2.1,2.4,1.6,0.6,0.5,0.1,0.2,1.2,2.0,11.0,0.3,17.3,0,0,18.3,43,83,106,243,124,202,160,429,66,65,182,155,183,101,501,325,375,274,374,362,471,356,368,140,163,212,272,281,44,240,1
1641729,Brice Sensabaugh,Brice,1610612762,UTA,21.0,71,14,57,0.197,20.2,3.9,8.4,0.459,2.2,5.2,0.422,0.9,1.0,0.89,0.6,2.4,3.0,1.5,1.5,0.6,0.1,0.4,1.6,0.8,10.9,-4.0,17.5,0,0,19.1,108,364,4,524,268,175,171,245,63,99,42,279,310,53,338,288,312,281,137,280,442,239,291,362,164,497,270,281,44,218,1
203992,Bogdan Bogdanović,Bogdan,1610612746,LAC,32.0,54,33,21,0.611,25.0,3.9,9.1,0.427,1.9,5.4,0.363,1.1,1.2,0.879,0.4,2.5,2.9,2.7,1.4,0.8,0.2,0.2,2.4,1.4,10.8,2.0,19.9,1,0,20.3,258,166,297,153,180,173,153,366,94,95,198,245,274,70,413,269,314,144,160,218,361,376,84,234,165,122,218,198,44,194,2
1641722,Jordan Hawkins,Jordan,1610612740,NOP,23.0,56,18,38,0.321,23.6,3.7,9.9,0.372,2.0,5.9,0.331,1.4,1.8,0.816,0.4,2.4,2.8,1.2,1.0,0.5,0.4,0.5,0.9,1.3,10.8,-5.7,17.7,0,0,18.6,246,312,85,444,211,188,132,489,92,66,308,177,198,177,412,286,327,347,242,342,213,199,439,245,166,532,267,281,44,231,1
1630527,Brandon Boston,Brandon,1610612740,NOP,23.0,42,8,34,0.19,23.6,4.0,9.1,0.436,1.2,3.3,0.35,1.6,2.0,0.788,0.7,2.5,3.2,2.2,1.2,1.3,0.2,0.6,1.7,1.6,10.7,-3.3,21.0,0,0,20.2,330,445,124,531,210,169,155,328,219,220,244,159,163,237,309,266,281,191,188,46,349,141,236,187,168,471,198,281,44,195,1
1631107,Nikola Jović,Nikola,1610612748,MIA,22.0,46,21,25,0.457,25.1,3.7,8.2,0.456,1.7,4.6,0.371,1.6,1.9,0.828,0.6,3.3,3.9,2.8,1.3,0.8,0.3,0.3,1.8,1.7,10.7,-0.4,21.7,0,0,21.4,307,280,256,333,178,183,182,257,139,138,168,164,182,147,348,155,200,135,176,187,284,337,223,174,167,274,185,281,44,178,1
1628960,Grayson Allen,Grayson,1610612756,PHX,29.0,64,29,35,0.453,24.1,3.4,7.6,0.448,2.3,5.5,0.426,1.5,1.8,0.816,0.5,2.5,3.0,2.1,1.2,0.8,0.3,0.3,1.5,1.7,10.6,-1.2,19.7,1,0,20.4,170,212,116,344,203,208,210,285,56,93,38,174,193,178,368,269,298,196,204,177,274,322,317,180,169,366,225,198,44,193,1
1630553,Keon Johnson,Keon,1610612751,BKN,23.0,79,25,54,0.316,24.4,3.8,9.9,0.389,1.6,5.1,0.314,1.4,1.8,0.77,0.8,3.0,3.8,2.2,1.5,1.0,0.4,0.9,2.6,1.5,10.6,-5.4,21.2,0,0,21.0,23,252,8,448,194,176,134,469,153,108,351,195,197,272,265,202,217,189,144,92,228,34,40,199,170,527,192,281,44,183,1
1626179,Terry Rozier,Terry,1610612748,MIA,31.0,64,27,37,0.422,25.9,3.9,9.9,0.391,1.4,4.8,0.295,1.4,1.7,0.852,0.7,3.0,3.7,2.6,1.2,0.6,0.2,0.6,1.1,1.5,10.6,-2.2,20.2,0,0,20.0,170,232,96,371,163,174,133,465,177,124,388,175,211,104,298,194,218,151,194,317,342,144,391,195,171,424,214,281,44,200,1
1630167,Obi Toppin,Obi,1610612754,IND,27.0,79,48,31,0.608,19.6,4.0,7.6,0.529,1.4,3.8,0.365,1.1,1.4,0.781,0.7,3.3,4.0,1.6,0.9,0.6,0.4,0.3,1.4,1.1,10.5,-1.0,19.8,2,0,19.5,23,30,158,160,283,166,212,83,182,184,188,229,242,249,286,159,190,269,293,314,242,292,340,279,172,332,223,159,44,212,1
1629684,Grant Williams,Grant,1610612766,CHA,26.0,16,6,10,0.375,29.9,3.4,7.7,0.439,1.7,4.6,0.365,1.9,2.3,0.838,1.1,4.0,5.1,2.3,1.8,1.1,0.8,0.4,2.9,2.7,10.4,0.6,24.1,0,0,23.4,469,473,443,407,103,213,206,311,141,133,191,123,136,123,158,102,117,175,98,71,72,242,21,88,176,188,151,281,44,148,1
1642377,Jaylen Wells,Jaylen,1610612763,MEM,21.0,79,47,32,0.595,25.9,3.6,8.6,0.425,1.7,5.0,0.352,1.4,1.7,0.822,1.1,2.3,3.4,1.7,0.9,0.6,0.1,0.4,1.8,1.9,10.4,2.4,18.2,1,0,18.6,23,36,143,180,166,196,169,371,122,114,241,181,207,161,164,303,255,252,287,324,456,218,205,148,174,111,259,198,44,234,1
202685,Jonas Valančiūnas,Jonas,1610612758,SAC,33.0,81,23,58,0.284,18.8,4.3,7.7,0.55,0.1,0.5,0.216,1.8,2.0,0.879,2.3,5.4,7.7,2.0,1.5,0.5,0.6,0.5,2.2,2.1,10.4,-3.8,24.3,21,0,22.3,12,265,3,468,299,154,205,69,478,485,466,133,161,70,39,42,42,206,143,380,123,187,114,130,175,488,146,28,44,161,2
1630534,Ochai Agbaji,Ochai,1610612761,TOR,25.0,64,19,45,0.297,27.2,4.2,8.3,0.498,1.6,4.0,0.399,0.5,0.8,0.708,1.0,2.8,3.8,1.5,0.8,0.9,0.5,0.6,2.0,0.8,10.4,-3.3,20.5,0,0,20.1,170,302,38,460,143,159,177,136,157,177,87,394,393,388,206,215,212,283,301,148,172,144,182,369,173,472,209,281,44,196,1
1629001,De'Anthony Melton,De'Anthony,1610612751,BKN,27.0,6,4,2,0.667,20.2,3.7,9.0,0.407,2.2,5.8,0.371,0.8,1.3,0.625,1.0,2.3,3.3,2.8,1.7,1.2,0.3,0.2,3.0,1.2,10.3,4.5,21.4,1,0,21.7,524,493,532,84,269,191,156,422,69,75,168,287,259,469,183,294,265,137,113,61,248,426,10,270,179,49,188,198,44,173,1
1630529,Herbert Jones,Herbert,1610612740,NOP,26.0,20,5,15,0.25,32.4,3.8,8.6,0.436,1.1,3.6,0.306,1.7,2.0,0.825,1.1,2.8,3.9,3.3,1.8,1.9,0.5,0.5,3.3,2.0,10.3,-1.0,25.0,0,0,23.1,448,485,382,489,61,182,167,327,236,199,372,148,165,152,165,221,201,116,98,4,187,172,4,142,181,334,140,281,44,151,1
1630631,Jose Alvarado,Jose,1610612740,NOP,27.0,56,19,37,0.339,24.4,3.6,9.3,0.392,2.0,5.5,0.359,1.1,1.3,0.811,0.5,1.9,2.4,4.6,1.5,1.3,0.3,0.4,1.6,1.3,10.3,-4.1,23.4,2,0,22.5,246,302,96,435,193,193,146,458,87,91,212,246,262,193,395,348,369,60,134,40,309,207,272,235,178,502,160,159,44,155,1
1629645,Kevin Porter Jr.,Kevin,1610612749,MIL,25.0,75,43,32,0.573,19.8,3.9,8.7,0.449,0.7,2.4,0.311,1.7,2.3,0.769,0.6,3.1,3.7,3.4,1.8,1.1,0.2,0.6,1.6,1.9,10.3,0.4,21.8,2,1,20.6,59,75,143,208,276,172,163,277,316,310,361,136,140,273,351,177,221,108,94,81,392,113,283,144,180,206,183,159,20,190,2
1629651,Nic Claxton,Nic,1610612751,BKN,26.0,70,20,50,0.286,26.9,4.6,8.1,0.563,0.1,0.3,0.238,1.1,2.2,0.513,2.2,5.1,7.4,2.2,1.2,0.9,1.4,0.4,2.1,2.6,10.3,-7.1,28.2,13,0,24.6,118,296,18,464,150,140,184,60,483,504,452,228,144,505,45,54,48,185,185,161,17,207,137,98,177,549,110,46,44,133,1
1630198,Isaiah Joe,Isaiah,1610612760,OKC,25.0,74,63,11,0.851,21.7,3.5,7.9,0.44,2.6,6.3,0.412,0.6,0.8,0.821,0.6,2.1,2.6,1.6,0.5,0.6,0.1,0.3,1.5,1.4,10.2,7.4,17.6,0,0,18.6,71,2,425,17,238,204,194,308,36,50,54,362,391,163,356,331,349,271,413,279,438,343,310,228,184,7,269,281,44,233,1
1630570,Trendon Watford,Trendon,1610612751,BKN,24.0,44,16,28,0.364,20.7,3.7,8.0,0.469,0.7,2.0,0.33,2.1,2.8,0.762,0.8,2.8,3.6,2.6,1.9,0.6,0.3,0.8,2.2,2.4,10.2,-1.5,19.3,1,0,18.9,322,340,209,419,259,184,191,216,336,333,311,105,109,287,246,224,232,149,88,293,293,59,129,107,183,385,233,198,44,223,1
1626145,Tyus Jones,Tyus,1610612756,PHX,29.0,81,36,45,0.444,26.8,3.8,8.4,0.448,2.0,5.0,0.414,0.6,0.7,0.895,0.5,1.9,2.4,5.3,1.1,0.9,0.1,0.3,0.8,0.9,10.2,-1.1,22.8,6,0,21.9,12,136,38,353,152,181,172,284,82,115,51,359,402,45,388,352,372,43,217,175,463,289,464,318,182,354,171,93,44,169,1
1641709,Ausar Thompson,Ausar,1610612765,DET,22.0,59,34,25,0.576,22.5,4.2,7.8,0.535,0.2,0.8,0.224,1.5,2.4,0.641,1.9,3.3,5.1,2.3,1.4,1.7,0.7,0.7,2.8,2.2,10.1,1.1,25.3,3,0,22.3,218,157,256,206,224,158,202,76,458,452,462,166,131,460,64,165,116,178,165,14,93,89,27,123,189,161,137,134,44,160,1
1627884,Derrick Jones Jr.,Derrick,1610612746,LAC,28.0,77,48,29,0.623,24.3,4.0,7.6,0.526,1.0,2.8,0.356,1.1,1.5,0.703,1.2,2.2,3.4,0.8,0.9,1.0,0.4,0.3,2.0,1.3,10.1,3.2,18.9,0,0,18.3,43,30,188,132,199,164,209,86,255,265,221,244,227,391,143,317,253,439,295,95,201,280,170,237,185,80,240,281,44,241,1
1642348,Justin Edwards,Justin,1610612755,PHI,21.0,44,11,33,0.25,26.2,3.9,8.6,0.455,1.6,4.3,0.363,0.7,1.0,0.696,1.0,2.3,3.4,1.6,1.1,1.0,0.4,0.6,2.2,0.9,10.1,-6.4,19.5,1,0,19.4,322,407,130,489,160,171,168,261,158,152,200,331,307,398,174,300,261,278,219,96,237,142,118,332,188,540,230,198,44,216,1
1631232,Keion Brooks Jr.,Keion,1610612740,NOP,24.0,14,2,12,0.143,23.7,3.8,7.8,0.486,1.0,3.1,0.326,1.6,2.1,0.733,0.9,3.3,4.1,0.9,0.9,0.7,0.7,0.4,2.1,1.4,10.1,-10.4,19.9,1,0,19.1,482,525,414,541,209,180,203,163,257,246,323,162,151,342,239,161,182,407,295,237,84,207,137,214,185,568,217,198,44,219,1
1629652,Luguentz Dort,Luguentz,1610612760,OKC,26.0,71,57,14,0.803,29.2,3.6,8.4,0.435,2.4,5.8,0.412,0.5,0.6,0.717,1.3,2.9,4.1,1.6,0.7,1.1,0.5,0.3,2.9,1.5,10.1,7.7,21.8,0,0,21.6,108,10,392,31,112,195,176,331,48,76,56,419,414,371,133,211,184,270,337,73,129,285,18,198,187,5,184,281,44,175,1
1629614,Andrew Nembhard,Andrew,1610612754,IND,25.0,65,44,21,0.677,28.9,3.8,8.3,0.458,0.8,2.7,0.291,1.7,2.1,0.794,0.5,2.8,3.3,5.0,1.7,1.2,0.2,0.5,2.3,2.0,10.0,3.1,24.0,2,0,21.9,162,62,297,83,114,179,180,249,307,280,395,146,156,229,373,221,267,50,108,54,397,201,98,132,190,82,155,159,44,168,1
1628449,Chris Boucher,Chris,1610612761,TOR,32.0,50,18,32,0.36,17.2,3.6,7.4,0.492,1.4,3.9,0.363,1.4,1.7,0.782,1.4,3.1,4.5,0.7,0.6,0.5,0.5,0.4,1.4,1.4,10.0,0.1,18.8,3,0,18.5,283,312,143,424,328,194,226,150,180,183,202,192,201,246,110,185,161,459,391,367,149,240,344,226,191,229,247,134,44,236,1
1630533,Ziaire Williams,Ziaire,1610612751,BKN,23.0,63,22,41,0.349,24.5,3.4,8.3,0.412,1.6,4.8,0.341,1.6,2.0,0.821,1.0,3.6,4.6,1.3,1.1,1.0,0.4,0.6,2.4,1.8,10.0,-5.2,20.7,2,0,20.4,185,274,54,433,192,210,181,413,149,125,275,156,175,165,200,129,153,322,233,116,192,126,80,151,192,521,205,159,44,192,1
1627777,Georges Niang,Georges,1610612737,ATL,32.0,79,55,24,0.696,21.5,3.6,7.8,0.461,2.1,5.2,0.406,0.6,0.7,0.793,0.6,2.8,3.4,1.4,1.0,0.4,0.2,0.3,2.5,0.7,9.9,2.5,16.7,1,0,17.9,23,11,271,74,242,197,198,236,80,103,69,377,397,230,337,214,249,307,240,432,386,332,48,379,194,109,288,198,44,244,2
1630577,Julian Champagnie,Julian,1610612759,SAS,24.0,82,34,48,0.415,23.6,3.4,8.1,0.415,2.2,5.9,0.371,1.0,1.1,0.904,0.8,3.1,3.9,1.4,0.9,0.7,0.4,0.4,1.4,0.7,9.9,-0.8,19.2,0,0,19.7,1,157,23,378,212,214,185,406,68,73,172,251,286,39,257,187,204,318,275,229,206,232,337,404,193,314,236,281,44,207,1
1628989,Kevin Huerter,Kevin,1610612741,CHI,26.0,69,39,30,0.565,24.3,3.7,8.8,0.425,1.9,5.7,0.338,0.5,0.7,0.714,0.4,2.5,3.0,2.3,1.0,1.0,0.3,0.2,1.8,0.6,9.9,1.5,19.7,0,0,19.6,129,100,176,218,198,185,162,370,98,84,286,399,401,374,416,259,308,181,260,123,248,394,229,409,195,139,224,281,44,209,2
1641733,Nick Smith Jr.,Nick,1610612766,CHA,21.0,60,14,46,0.233,22.8,3.7,9.5,0.391,1.7,5.1,0.34,0.7,0.8,0.935,0.2,1.9,2.1,2.4,1.4,0.3,0.1,0.4,1.3,0.7,9.9,-6.6,15.8,1,0,16.9,206,364,32,505,217,187,144,462,130,106,279,338,388,25,509,354,397,163,162,464,457,235,352,399,197,543,305,198,44,268,1
1630590,Scotty Pippen Jr.,Scotty,1610612763,MEM,24.0,79,46,33,0.582,21.3,3.6,7.5,0.48,1.1,2.8,0.397,1.5,2.2,0.713,0.8,2.5,3.3,4.4,1.7,1.3,0.4,0.5,2.6,2.4,9.9,0.6,23.7,9,1,22.0,23,45,130,200,245,199,219,179,235,271,94,165,148,379,255,276,275,73,101,43,228,152,45,112,196,192,159,71,20,165,1
1642267,Bub Carrington,Bub,1610612764,WAS,19.0,82,18,64,0.22,30.0,3.7,9.1,0.401,1.7,5.0,0.339,0.8,1.0,0.812,0.4,3.8,4.2,4.4,1.7,0.7,0.3,0.3,2.3,1.4,9.8,-9.7,22.5,5,0,22.0,1,312,1,514,102,192,152,444,142,113,281,286,308,192,425,114,181,71,109,269,306,324,94,233,198,564,177,106,44,167,1
1630541,Moses Moody,Moses,1610612744,GSW,23.0,74,45,29,0.608,22.3,3.3,7.7,0.433,1.7,4.6,0.374,1.4,1.8,0.797,0.7,1.9,2.6,1.3,0.7,0.8,0.4,0.5,1.6,1.4,9.8,1.8,17.7,0,0,17.8,71,56,188,157,227,219,208,336,138,139,158,176,189,226,290,359,357,328,330,203,208,184,290,219,199,130,268,281,44,250,1
1629599,Amir Coffey,Amir,1610612746,LAC,28.0,72,41,31,0.569,24.3,3.3,7.1,0.471,1.4,3.4,0.409,1.6,1.8,0.891,0.4,1.8,2.2,1.1,0.6,0.6,0.1,0.4,1.7,1.3,9.7,-0.9,15.3,0,0,15.7,95,83,158,214,200,217,239,208,179,214,61,158,190,52,413,363,386,371,372,325,465,242,258,239,200,324,317,281,44,290,1
1642271,Kyle Filipowski,Kyle,1610612762,UTA,21.0,72,13,59,0.181,21.1,3.6,7.2,0.502,1.1,3.1,0.35,1.3,2.0,0.65,1.6,4.6,6.1,1.9,1.4,0.7,0.3,0.6,2.4,1.7,9.6,-5.1,21.3,13,0,20.7,95,382,2,533,253,198,233,120,246,249,244,201,173,457,93,80,75,224,150,259,266,149,78,164,202,517,190,46,44,189,1
1631108,Max Christie,Max,1610612742,DAL,22.0,78,40,38,0.513,27.3,3.2,7.6,0.427,1.5,4.0,0.366,1.7,1.9,0.855,0.5,2.8,3.3,1.9,1.1,0.8,0.4,0.5,1.5,1.4,9.6,-1.1,18.9,0,0,18.7,35,89,85,260,140,230,214,364,170,171,185,142,176,100,392,216,271,231,216,191,220,172,322,211,201,344,241,281,44,229,2
1630592,Jalen Wilson,Jalen,1610612751,BKN,24.0,79,25,54,0.316,25.7,3.1,7.8,0.397,1.5,4.6,0.337,1.7,2.1,0.818,0.9,2.5,3.4,1.8,1.0,0.5,0.1,0.5,2.1,1.5,9.5,-3.3,17.0,0,0,17.4,23,252,8,448,169,244,198,454,161,137,287,138,157,169,208,273,251,235,250,354,498,196,158,194,205,469,280,281,44,256,1
1630540,Miles McBride,Miles,1610612752,NYK,24.0,64,39,25,0.609,24.9,3.5,8.5,0.406,1.8,4.9,0.369,0.8,1.0,0.813,0.7,1.8,2.5,2.9,0.6,1.0,0.3,0.5,1.7,1.1,9.5,3.3,20.2,0,0,19.4,170,100,256,156,184,205,170,430,115,120,176,294,314,186,280,367,362,130,366,91,301,168,248,287,203,78,212,281,44,214,1
1641787,Tosan Evbuomwan,Tosan,1610612751,BKN,24.0,28,8,20,0.286,23.7,3.4,7.9,0.427,0.9,2.8,0.312,2.0,2.6,0.753,1.1,3.1,4.3,2.0,1.4,0.9,0.4,0.8,2.0,2.1,9.5,-2.4,19.9,0,0,19.1,416,445,318,464,207,216,197,363,293,273,356,117,115,307,155,178,171,222,154,173,241,75,180,128,204,433,219,281,44,219,1
1641710,Anthony Black,Anthony,1610612753,ORL,21.0,78,39,39,0.5,24.2,3.4,7.9,0.423,0.8,2.5,0.318,1.9,2.5,0.761,0.7,2.3,2.9,3.1,1.8,1.1,0.6,0.7,2.1,2.3,9.4,-0.5,21.0,1,0,19.7,35,100,68,266,201,215,192,381,306,293,344,126,119,293,309,304,313,126,96,78,113,100,143,114,206,285,199,198,44,206,1
1641715,Cam Whitmore,Cam,1610612745,HOU,20.0,51,30,21,0.588,16.2,3.5,7.9,0.444,1.3,3.6,0.355,1.1,1.4,0.75,0.7,2.3,3.0,1.0,0.9,0.6,0.3,0.6,0.9,0.9,9.4,0.0,16.0,2,0,16.3,275,196,297,186,345,203,195,296,195,201,224,248,248,310,288,306,311,402,276,297,307,134,451,325,211,239,299,159,44,283,1
1630175,Cole Anthony,Cole,1610612763,MEM,25.0,67,35,32,0.522,18.4,3.4,8.1,0.424,1.1,3.3,0.353,1.4,1.7,0.823,0.7,2.4,3.0,2.9,1.5,0.7,0.5,0.2,2.3,1.6,9.4,-0.2,19.2,0,0,18.7,147,149,143,254,313,206,186,376,223,227,234,185,212,159,302,290,297,134,132,258,169,387,109,191,210,252,235,281,44,228,1
1629622,Max Strus,Max,1610612739,CLE,29.0,50,39,11,0.78,25.5,3.3,7.5,0.442,2.3,5.9,0.386,0.6,0.7,0.824,1.1,3.3,4.3,3.2,1.1,0.5,0.2,0.2,2.1,1.1,9.4,4.4,20.6,0,0,20.7,283,100,425,45,173,221,223,304,60,72,122,388,404,156,172,162,165,121,227,345,323,379,156,276,209,52,208,281,44,187,1
1629638,Nickeil Alexander-Walker,Nickeil,1610612750,MIN,26.0,82,49,33,0.598,25.3,3.3,7.5,0.438,1.7,4.5,0.381,1.1,1.4,0.78,0.7,2.6,3.2,2.7,1.2,0.6,0.4,0.3,1.7,1.7,9.4,3.3,19.3,1,0,19.1,1,25,130,173,176,226,220,316,134,142,133,232,244,250,318,249,278,143,197,294,212,308,246,175,208,79,234,198,44,217,1
1641774,Tristan Vukcevic,Tristan,1610612764,WAS,22.0,35,7,28,0.2,14.6,3.4,6.9,0.496,1.1,2.9,0.373,1.5,1.9,0.776,0.7,3.0,3.7,1.1,1.2,0.3,0.7,0.3,1.6,1.7,9.4,-3.6,17.3,1,0,17.3,381,460,209,520,376,207,248,144,242,261,163,167,180,260,278,201,220,361,199,445,101,342,271,179,207,482,275,198,44,262,1
1642276,Kel'el Ware,Kel'el,1610612748,MIA,21.0,64,28,36,0.438,22.2,4.0,7.3,0.554,0.5,1.7,0.315,0.7,1.0,0.687,1.8,5.6,7.4,0.9,0.9,0.6,1.1,0.3,1.7,0.9,9.3,0.6,23.8,15,0,21.6,170,220,106,357,228,165,230,67,357,362,350,337,306,413,69,40,47,405,279,295,35,333,237,335,212,190,156,37,44,174,1
1630208,Nick Richards,Nick,1610612756,PHX,27.0,57,17,40,0.298,22.0,3.6,6.1,0.591,0.0,0.0,0.0,2.1,2.8,0.744,2.6,5.6,8.2,0.9,1.4,0.2,1.0,0.9,2.5,2.1,9.3,-4.1,22.6,16,0,20.7,232,323,59,459,231,200,286,44,499,536,499,106,106,331,32,39,30,422,149,478,52,44,61,131,213,501,176,35,44,186,2
1641744,Zach Edey,Zach,1610612763,MEM,23.0,66,35,31,0.53,21.5,3.8,6.6,0.58,0.3,0.8,0.346,1.4,1.9,0.709,3.5,4.8,8.3,1.0,1.3,0.5,1.3,0.5,2.8,1.8,9.2,2.5,24.9,12,0,22.5,156,149,158,248,243,178,263,51,428,457,255,189,178,387,8,67,27,398,169,336,24,195,30,159,214,107,142,53,44,158,1
1630639,A.J. Lawson,A.J.,1610612761,TOR,24.0,26,14,12,0.538,18.7,3.1,7.3,0.421,1.3,3.9,0.327,1.7,2.4,0.683,0.8,2.5,3.3,1.2,0.6,0.5,0.2,0.5,1.7,1.5,9.1,-0.7,16.5,2,0,16.3,424,364,414,239,305,248,228,388,196,181,319,147,129,419,272,258,271,343,394,355,330,201,247,207,219,300,292,159,44,281,1
1642261,Dalton Knecht,Dalton,1610612747,LAL,24.0,78,47,31,0.603,19.2,3.3,7.1,0.461,1.6,4.4,0.376,0.8,1.1,0.762,0.5,2.3,2.8,0.8,0.5,0.3,0.1,0.3,1.2,0.7,9.1,-0.9,14.4,0,0,15.1,35,36,158,165,290,224,236,235,148,150,145,291,299,288,399,301,334,424,426,449,454,262,381,377,221,326,329,281,44,304,1
1641730,Noah Clowney,Noah,1610612751,BKN,20.0,46,11,35,0.239,22.7,2.9,8.1,0.358,1.9,5.7,0.333,1.5,1.7,0.838,0.9,3.0,3.9,0.9,1.0,0.5,0.5,0.6,2.3,1.8,9.1,-5.7,17.1,0,0,17.8,307,407,116,502,222,269,187,501,102,83,297,173,202,125,215,196,196,419,250,344,181,124,102,161,215,534,277,281,44,249,1
1626220,Royce O'Neale,Royce,1610612756,PHX,32.0,75,33,42,0.44,24.5,3.2,7.6,0.423,2.4,5.9,0.406,0.3,0.3,0.731,0.7,3.9,4.7,2.2,0.9,0.9,0.4,0.3,2.0,0.4,9.1,-2.1,21.0,1,0,20.9,59,166,47,356,191,234,211,380,50,70,68,487,495,347,287,106,149,193,290,154,196,347,168,467,220,416,196,198,44,185,1
204456,T.J. McConnell,T.J.,1610612754,IND,33.0,79,49,30,0.62,17.9,4.1,7.9,0.519,0.2,0.6,0.306,0.7,1.0,0.74,0.6,1.9,2.4,4.4,1.4,1.1,0.3,0.5,1.0,1.2,9.1,-0.7,21.3,2,0,18.8,23,25,176,137,316,160,196,94,456,472,371,334,328,336,353,356,367,69,156,89,300,157,416,258,216,306,191,159,44,225,1
1628976,Wendell Carter Jr.,Wendell,1610612753,ORL,26.0,68,31,37,0.456,25.9,3.3,7.2,0.46,0.5,2.3,0.234,1.9,2.6,0.737,2.2,5.0,7.2,2.0,1.1,0.8,0.6,0.5,2.9,2.6,9.1,-0.2,23.7,10,0,21.6,138,186,96,338,167,220,232,241,359,314,454,127,117,338,47,58,50,218,215,215,118,204,19,94,218,250,158,62,44,176,1
1642274,Yves Missi,Yves,1610612740,NOP,21.0,73,19,54,0.26,26.8,3.7,6.7,0.547,0.0,0.0,0.0,1.7,2.8,0.623,3.5,4.7,8.2,1.4,1.1,0.5,1.3,0.9,2.0,2.3,9.1,-7.0,25.4,14,0,22.4,86,302,8,485,154,190,255,70,499,541,499,135,108,473,9,71,28,316,218,352,21,46,172,119,217,548,135,40,44,159,1
201143,Al Horford,Al,1610612738,BOS,39.0,60,44,16,0.733,27.6,3.3,7.7,0.423,1.9,5.2,0.363,0.6,0.6,0.895,1.3,4.8,6.2,2.1,0.8,0.6,0.9,0.1,1.4,0.6,9.0,6.6,23.1,7,0,22.1,206,62,369,61,134,228,207,378,101,100,201,385,420,45,123,66,72,197,320,303,67,451,346,419,228,16,164,87,44,164,1
203110,Draymond Green,Draymond,1610612744,GSW,35.0,68,42,26,0.618,29.2,3.2,7.5,0.424,1.2,3.6,0.325,1.5,2.2,0.687,1.1,5.0,6.1,5.6,2.6,1.5,1.0,0.3,3.2,2.6,9.0,4.0,29.7,6,1,26.9,138,81,237,143,113,237,221,372,214,194,325,168,149,412,168,59,76,32,44,29,40,297,7,96,224,65,99,93,20,111,1
1630215,Jared Butler,Jared,1610612755,PHI,24.0,60,6,54,0.1,17.4,3.4,7.6,0.448,1.0,2.8,0.355,1.3,1.5,0.824,0.4,1.4,1.8,3.7,1.3,0.7,0.2,0.6,1.6,1.2,9.0,-2.2,18.1,1,0,17.4,206,473,8,551,326,212,217,283,257,269,225,205,228,155,421,412,419,98,169,245,344,115,274,253,223,423,261,198,44,259,2
1631124,Julian Strawther,Julian,1610612743,DEN,23.0,65,41,24,0.631,21.3,3.2,7.5,0.432,1.4,4.1,0.349,1.1,1.4,0.822,0.3,1.9,2.2,1.3,0.9,0.6,0.2,0.3,2.3,1.5,9.0,-1.1,15.2,0,0,15.6,162,83,271,120,246,230,222,340,173,165,249,225,252,161,487,353,393,331,286,303,318,311,92,201,222,349,319,281,44,291,1
1630165,Killian Hayes,Killian,1610612751,BKN,23.0,6,1,5,0.167,27.1,3.0,7.2,0.419,1.3,3.5,0.381,1.7,2.0,0.833,0.8,2.2,3.0,5.2,1.5,0.7,0.7,0.2,2.2,2.0,9.0,-4.0,22.9,0,0,21.2,524,539,495,535,148,255,235,398,188,209,134,142,165,131,249,323,300,44,138,259,96,426,128,132,225,495,170,281,44,181,1
203935,Marcus Smart,Marcus,1610612764,WAS,31.0,34,17,17,0.5,20.0,3.0,7.6,0.393,1.4,4.1,0.348,1.6,2.1,0.761,0.5,1.6,2.1,3.2,1.6,1.1,0.3,0.3,1.6,2.0,9.0,1.2,19.0,0,0,18.6,387,323,360,266,270,260,215,456,174,164,253,160,158,294,371,392,398,119,125,68,302,334,295,132,227,155,238,281,44,235,2
1630172,Patrick Williams,Patrick,1610612741,CHI,23.0,63,31,32,0.492,25.0,3.3,8.2,0.397,1.5,4.3,0.353,1.0,1.3,0.723,0.7,3.1,3.8,2.0,1.4,0.8,0.5,0.6,1.4,1.1,9.0,-2.9,18.9,1,0,18.8,185,186,143,293,179,227,183,452,162,153,235,267,263,361,303,186,216,220,163,217,147,135,336,290,226,454,242,198,44,227,1
203991,Clint Capela,Clint,1610612737,ATL,31.0,55,27,28,0.491,21.4,4.0,7.1,0.559,0.0,0.0,0.0,0.9,1.8,0.536,3.2,5.4,8.5,1.1,0.9,0.6,1.0,0.7,1.9,1.6,8.9,-1.4,24.7,11,0,21.7,253,232,209,297,244,168,238,62,499,539,499,270,196,501,14,44,25,358,297,292,53,107,186,183,231,382,143,55,44,171,1
1630548,Johnny Juzang,Johnny,1610612762,UTA,24.0,64,15,49,0.234,19.8,3.2,7.4,0.429,1.8,4.9,0.376,0.7,0.8,0.849,0.7,2.2,2.9,1.1,0.6,0.6,0.1,0.2,2.0,0.7,8.9,-5.6,15.6,0,0,16.2,170,349,19,504,275,236,225,351,109,119,148,343,370,108,320,314,321,373,402,295,433,365,178,398,229,531,311,281,44,284,1
203994,Jusuf Nurkić,Jusuf,1610612766,CHA,30.0,51,18,33,0.353,20.8,3.3,6.9,0.477,0.6,2.1,0.305,1.7,2.5,0.664,1.7,6.1,7.8,2.3,1.9,0.8,0.7,0.3,2.5,2.5,8.9,-3.6,24.1,10,0,22.5,275,312,130,428,257,225,250,183,344,332,373,142,122,448,82,32,38,182,85,206,96,294,47,102,230,485,150,62,44,157,2
1628379,Luke Kennard,Luke,1610612763,MEM,29.0,65,37,28,0.569,22.6,3.2,6.6,0.478,1.7,4.0,0.433,0.8,0.9,0.895,0.6,2.2,2.8,3.3,1.1,0.8,0.1,0.2,0.9,0.7,8.9,1.9,18.6,0,0,18.4,162,124,209,215,223,239,260,181,125,172,32,309,358,45,347,308,328,114,223,214,483,425,442,392,232,126,253,281,44,238,1
101108,Chris Paul,Chris,1610612759,SAS,40.0,82,34,48,0.415,28.0,3.0,7.1,0.427,1.7,4.5,0.377,1.0,1.1,0.924,0.4,3.2,3.6,7.4,1.6,1.3,0.3,0.1,1.8,1.0,8.8,0.0,27.2,12,0,24.6,1,157,23,378,125,252,237,365,137,141,143,251,290,28,425,169,234,8,128,48,298,472,209,296,233,233,116,53,44,135,1
1630551,Justin Champagnie,Justin,1610612764,WAS,24.0,62,16,46,0.258,21.6,3.4,6.6,0.511,1.2,3.1,0.383,0.8,1.2,0.685,1.8,3.9,5.7,1.0,0.9,1.0,0.6,0.4,1.8,0.9,8.8,-4.6,21.2,8,0,20.0,192,340,32,486,239,211,261,106,211,241,127,299,281,415,70,111,96,400,288,90,110,248,225,336,235,510,195,77,44,201,1
1629004,Svi Mykhailiuk,Svi,1610612762,UTA,28.0,38,6,32,0.158,20.0,3.1,7.9,0.391,1.8,5.3,0.345,0.7,0.9,0.8,0.6,1.8,2.4,2.0,1.4,0.5,0.2,0.4,1.1,0.8,8.8,-2.8,15.3,0,0,16.4,357,473,143,538,271,245,193,463,110,96,258,329,345,213,341,364,376,208,161,355,377,214,393,351,234,450,316,281,44,277,1
203957,Danté Exum,Danté,1610612742,DAL,29.0,20,7,13,0.35,18.6,3.2,6.7,0.478,1.2,2.7,0.434,1.2,1.6,0.742,0.2,1.5,1.7,2.8,1.1,0.6,0.2,0.7,1.7,1.6,8.7,-2.4,16.0,0,0,15.8,448,460,403,430,309,235,257,182,222,283,26,221,226,332,514,409,438,139,224,303,415,95,245,193,242,437,301,281,44,289,1
1641726,Dereck Lively II,Dereck,1610612742,DAL,21.0,36,21,15,0.583,23.1,3.7,5.3,0.702,0.0,0.0,0.0,1.3,2.0,0.63,2.9,4.6,7.5,2.4,1.1,0.6,1.6,0.6,2.8,1.4,8.7,3.4,26.5,8,0,22.8,370,280,382,197,215,186,310,9,499,542,499,202,162,468,21,77,45,171,214,325,12,114,28,216,238,77,122,77,44,152,1
1627827,Dorian Finney-Smith,Dorian,1610612747,LAL,32.0,63,36,27,0.571,28.9,3.1,6.9,0.448,2.0,5.0,0.411,0.5,0.7,0.667,1.3,2.7,3.9,1.4,0.9,0.9,0.4,0.4,2.2,0.7,8.7,4.9,18.5,0,0,18.7,185,136,222,210,115,247,249,281,83,110,57,412,400,438,131,244,199,302,280,143,235,237,130,399,240,38,255,281,44,230,2
1642268,Isaiah Collier,Isaiah,1610612762,UTA,20.0,71,14,57,0.197,25.9,3.3,7.8,0.422,0.6,2.4,0.249,1.5,2.2,0.682,0.5,2.9,3.3,6.3,2.9,0.9,0.2,0.8,2.1,1.9,8.7,-5.7,22.6,11,0,21.2,108,364,4,524,164,223,200,385,348,309,445,170,147,421,409,212,270,21,23,139,332,69,152,147,245,535,175,55,44,182,1
1630702,Jaden Hardy,Jaden,1610612742,DAL,22.0,57,30,27,0.526,15.9,3.2,7.3,0.435,1.3,3.5,0.386,1.1,1.5,0.698,0.2,1.4,1.6,1.4,1.4,0.5,0.1,0.4,1.6,1.2,8.7,-1.1,13.0,0,0,14.2,232,196,222,251,350,241,229,332,188,212,121,250,229,396,531,413,449,304,146,364,473,214,286,264,241,356,359,281,44,326,1
203482,Kelly Olynyk,Kelly,1610612740,NOP,34.0,44,12,32,0.273,20.2,3.0,6.1,0.5,0.8,1.8,0.418,1.9,2.5,0.769,1.4,3.3,4.7,2.9,1.7,0.8,0.4,0.3,2.8,2.2,8.7,-1.3,20.5,2,0,19.4,322,393,143,475,266,251,285,125,311,358,45,128,126,276,109,164,147,131,105,219,200,306,25,124,237,372,210,159,44,213,2
203484,Kentavious Caldwell-Pope,Kentavious,1610612763,MEM,32.0,77,38,39,0.494,29.6,3.1,7.1,0.439,1.5,4.3,0.342,1.1,1.2,0.863,0.4,1.8,2.2,1.8,0.8,1.3,0.4,0.1,1.8,1.4,8.7,0.1,18.4,0,0,17.6,43,110,68,288,108,246,242,310,172,157,269,247,272,90,417,369,391,244,311,44,194,456,227,232,236,225,257,281,44,253,1
1642273,Kyshawn George,Kyshawn,1610612764,WAS,21.0,68,15,53,0.221,26.5,3.0,8.0,0.372,1.7,5.2,0.322,1.0,1.4,0.753,0.7,3.5,4.2,2.5,1.4,1.0,0.7,0.5,3.0,1.4,8.7,-5.3,21.2,1,0,20.5,138,349,14,511,158,259,189,491,144,101,337,253,255,308,282,139,180,160,148,101,81,158,15,231,243,524,194,198,44,191,1
1629052,Oshae Brissett,Oshae,1610612755,PHI,27.0,6,1,5,0.167,23.7,3.2,6.5,0.487,1.0,3.0,0.333,1.3,2.3,0.571,1.2,2.5,3.7,0.7,1.3,0.7,0.5,0.5,2.3,2.0,8.7,-5.2,16.2,0,0,16.3,524,539,495,535,208,240,267,159,257,253,297,197,133,497,148,269,227,451,169,259,149,172,88,132,244,520,296,281,44,278,1
1631213,Tyrese Martin,Tyrese,1610612751,BKN,26.0,60,16,44,0.267,21.9,3.2,7.8,0.406,1.7,4.7,0.351,0.8,1.0,0.793,1.0,2.7,3.7,2.0,1.2,0.6,0.2,0.3,1.3,0.8,8.7,-4.3,17.1,1,0,17.5,206,340,42,480,235,242,204,424,146,128,243,315,332,230,201,237,230,205,190,321,415,348,358,345,239,505,278,198,44,255,1
1642266,Ja'Kobe Walter,Ja'Kobe,1610612761,TOR,20.0,52,19,33,0.365,21.2,3.1,7.6,0.405,1.3,3.6,0.349,1.3,1.6,0.795,1.1,1.9,3.1,1.6,1.0,0.8,0.2,0.8,1.8,1.4,8.6,-1.6,16.8,1,0,16.6,267,302,130,418,249,250,216,435,199,202,248,203,220,228,156,350,293,279,264,186,372,75,214,222,247,386,287,198,44,272,1
1631170,Jaime Jaquez Jr.,Jaime,1610612748,MIA,24.0,66,32,34,0.485,20.7,3.2,7.0,0.461,0.6,1.8,0.311,1.6,2.2,0.754,1.3,3.1,4.4,2.5,1.5,0.9,0.2,0.9,1.2,1.5,8.6,-2.3,19.6,3,1,18.4,156,179,124,303,261,232,243,237,353,357,359,152,150,306,130,181,164,158,141,141,353,39,371,200,246,428,229,134,20,239,1
1641824,Matas Buzelis,Matas,1610612741,CHI,20.0,80,39,41,0.488,18.9,3.2,6.9,0.454,1.2,3.3,0.361,1.1,1.4,0.815,0.7,2.8,3.5,1.0,0.9,0.4,0.9,0.4,1.6,1.0,8.6,-0.4,17.2,1,0,16.9,16,100,54,299,294,242,247,266,209,221,205,240,258,180,298,225,246,396,273,424,56,252,279,300,248,276,276,198,44,269,1
1626204,Larry Nance Jr.,Larry,1610612737,ATL,32.0,24,10,14,0.417,19.3,3.3,6.5,0.516,1.4,3.2,0.447,0.4,0.5,0.692,1.0,3.3,4.3,1.6,0.7,0.8,0.5,0.3,1.5,1.0,8.5,-4.0,19.4,3,0,18.5,432,419,392,375,286,217,268,99,178,234,16,445,442,402,203,157,170,276,357,182,130,348,303,294,250,494,232,134,44,237,1
1630573,Sam Hauser,Sam,1610612738,BOS,27.0,71,52,19,0.732,21.7,3.0,6.7,0.451,2.3,5.6,0.416,0.2,0.2,1.0,0.6,2.5,3.2,0.9,0.3,0.6,0.2,0.1,1.2,0.4,8.5,4.6,15.6,0,0,16.4,108,19,329,62,237,253,258,273,54,87,49,515,535,1,331,260,287,411,489,318,379,512,374,469,249,44,310,281,44,276,1
1641717,Cason Wallace,Cason,1610612760,OKC,21.0,68,55,13,0.809,27.6,3.4,7.2,0.474,1.1,3.1,0.356,0.4,0.5,0.811,1.0,2.3,3.4,2.5,0.9,1.8,0.5,0.5,2.1,0.6,8.4,5.4,22.2,0,0,19.9,138,11,403,30,135,209,234,197,241,248,222,425,441,193,175,299,260,156,289,8,144,193,142,412,253,30,181,281,44,202,1
1631197,Jared Rhoden,Jared,1610612761,TOR,25.0,14,8,6,0.571,16.2,3.0,6.2,0.483,0.9,2.8,0.308,1.6,1.8,0.88,1.0,2.0,3.0,1.1,0.6,0.7,0.1,0.4,1.4,1.1,8.4,4.6,15.7,1,0,15.1,482,445,481,210,347,255,278,171,293,270,366,162,192,68,183,339,300,352,365,237,420,207,329,289,251,45,308,198,44,303,2
1629669,Jaylen Nowell,Jaylen,1610612740,NOP,25.0,8,1,7,0.125,21.0,3.3,9.1,0.356,1.0,3.4,0.296,0.9,1.4,0.636,0.8,1.8,2.5,2.3,1.0,0.1,0.5,0.4,1.1,1.1,8.4,-5.3,15.6,0,0,15.4,516,539,467,545,255,228,151,503,257,218,385,282,254,463,273,374,363,183,250,518,149,242,394,280,252,523,309,281,44,298,1
1629634,Brandon Clarke,Brandon,1610612763,MEM,28.0,64,40,24,0.625,18.9,3.7,5.9,0.621,0.0,0.3,0.059,1.0,1.4,0.701,2.0,3.1,5.1,1.0,0.6,0.8,0.6,0.3,2.3,1.2,8.3,2.8,19.5,2,0,17.2,170,89,271,127,295,189,290,32,498,505,497,266,256,392,57,182,118,381,366,193,125,264,106,252,254,93,231,159,44,263,1
1630314,Brandon Williams,Brandon,1610612742,DAL,25.0,33,15,18,0.455,14.8,3.0,5.7,0.521,0.7,1.8,0.4,1.7,2.0,0.833,0.4,1.4,1.8,2.3,1.2,0.7,0.2,0.6,1.0,1.7,8.3,0.3,15.4,0,0,14.9,390,349,345,339,373,261,302,90,317,356,78,142,165,131,442,417,426,176,203,232,412,125,416,165,256,214,315,281,44,308,1
1628971,Bruce Brown,Bruce,1610612740,NOP,28.0,41,15,26,0.366,22.5,3.2,7.5,0.421,0.7,2.0,0.333,1.3,1.6,0.815,1.0,3.0,4.0,2.0,1.0,0.8,0.2,0.5,1.7,1.2,8.3,-5.5,18.4,0,0,17.1,336,349,237,416,225,238,218,391,337,341,297,200,222,179,197,195,191,203,265,184,319,155,238,268,258,529,256,281,44,264,2
1630625,Dalano Banton,Dalano,1610612757,POR,25.0,67,28,39,0.418,16.7,3.0,7.6,0.391,1.1,3.3,0.324,1.4,1.9,0.728,0.4,1.6,2.0,2.4,1.3,0.6,0.5,0.5,0.9,1.4,8.3,-0.8,16.5,0,0,16.1,147,220,68,374,336,264,213,466,245,223,328,193,185,348,411,397,409,166,179,282,148,163,450,229,255,315,290,281,44,285,1
1631165,Keon Ellis,Keon,1610612758,SAC,25.0,80,39,41,0.488,24.4,2.8,5.8,0.489,1.7,4.0,0.433,0.9,1.1,0.849,0.8,1.9,2.7,1.5,0.9,1.5,0.8,0.2,2.2,1.2,8.3,0.8,19.8,0,0,18.8,16,100,54,299,195,274,299,152,127,173,31,280,300,109,273,355,348,287,282,22,74,418,123,267,257,179,222,281,44,226,1
1630188,Jalen Smith,Jalen,1610612741,CHI,25.0,64,28,36,0.438,15.0,3.0,6.4,0.466,1.1,3.5,0.324,1.1,1.4,0.809,1.4,4.2,5.6,1.0,0.6,0.3,0.7,0.2,1.5,1.3,8.2,-0.6,18.7,4,0,17.8,170,220,106,357,366,262,273,223,229,211,328,230,250,203,112,90,102,382,392,467,91,381,317,242,261,290,251,116,44,248,1
201144,Mike Conley,Mike,1610612750,MIN,37.0,71,44,27,0.62,24.7,2.6,6.6,0.4,1.8,4.4,0.41,1.1,1.3,0.9,0.5,2.1,2.6,4.5,1.1,1.1,0.2,0.3,1.6,1.4,8.2,3.7,20.9,1,0,19.7,108,62,222,140,186,293,262,449,118,149,59,223,268,42,409,329,356,65,234,73,369,346,291,218,260,72,201,198,44,208,1
1627752,Taurean Prince,Taurean,1610612749,MIL,31.0,80,46,34,0.575,27.1,2.9,6.4,0.457,1.8,4.2,0.439,0.5,0.6,0.813,0.4,3.2,3.6,1.9,1.0,1.0,0.2,0.3,2.1,0.8,8.2,-0.3,17.8,1,0,17.8,16,45,124,207,145,265,271,255,112,161,19,408,429,186,420,173,236,225,246,125,375,327,160,369,259,256,265,198,44,247,1
1631212,Peyton Watson,Peyton,1610612743,DEN,22.0,68,40,28,0.588,24.3,3.0,6.3,0.477,0.7,2.0,0.353,1.4,2.0,0.693,0.7,2.7,3.4,1.4,0.8,0.7,1.4,0.5,1.8,1.4,8.1,-0.4,19.7,0,0,17.8,138,89,209,186,196,255,277,189,322,333,235,184,164,401,297,229,250,313,304,242,20,158,219,225,262,270,227,281,44,251,1
1642366,Quinten Post,Quinten,1610612744,GSW,25.0,42,26,16,0.619,16.3,2.9,6.5,0.449,1.7,4.3,0.408,0.5,0.6,0.778,0.8,2.7,3.5,1.3,0.8,0.4,0.4,0.4,2.0,0.6,8.1,1.0,16.0,0,0,16.3,330,240,369,141,344,266,266,278,126,158,64,400,417,252,249,236,242,322,316,417,201,237,176,422,263,167,302,281,44,280,1
1628997,Caleb Martin,Caleb,1610612742,DAL,29.0,45,17,28,0.378,27.1,2.9,6.8,0.424,0.8,2.3,0.359,1.4,2.2,0.622,1.2,2.8,3.9,2.1,1.2,1.0,0.5,0.3,1.9,1.8,7.9,-3.4,19.2,1,0,17.8,318,323,209,405,147,273,253,374,299,317,212,194,146,474,147,228,197,200,184,97,146,270,185,156,266,477,237,198,44,245,2
1630558,Davion Mitchell,Davion,1610612748,MIA,26.0,74,25,49,0.338,27.4,3.0,6.4,0.468,1.1,2.9,0.398,0.8,1.1,0.69,0.5,1.8,2.3,4.9,1.7,1.0,0.2,0.3,2.5,1.8,7.9,0.0,19.9,1,0,18.6,71,252,19,436,137,254,270,217,225,263,90,310,288,407,401,366,382,53,104,119,345,281,57,160,264,243,220,198,44,232,2
1630549,Day'Ron Sharpe,Day'Ron,1610612751,BKN,23.0,50,14,36,0.28,18.1,3.3,6.3,0.521,0.2,0.9,0.244,1.1,1.5,0.757,3.0,3.6,6.6,1.8,1.3,0.8,0.8,0.5,2.3,1.5,7.9,1.3,22.3,4,0,19.9,283,364,106,469,315,221,275,91,445,444,446,234,237,300,18,124,63,236,182,192,68,154,107,208,265,151,179,116,44,203,1
1630623,Tyson Etienne,Tyson,1610612751,BKN,25.0,7,1,6,0.143,21.6,2.4,7.4,0.327,1.9,6.3,0.295,1.1,1.4,0.8,0.4,0.9,1.3,1.7,1.1,0.4,0.1,0.3,2.4,1.1,7.9,-10.0,12.5,0,0,13.9,521,539,481,541,240,320,224,521,105,51,388,222,246,213,417,490,483,251,212,398,420,317,67,275,267,567,370,281,44,333,1
1642354,KJ Simpson,KJ,1610612766,CHA,22.0,36,3,33,0.083,23.4,2.9,8.4,0.346,0.9,3.6,0.254,1.1,1.4,0.82,1.1,1.9,3.0,3.1,1.6,0.9,0.2,0.5,1.6,2.1,7.8,-7.7,17.9,0,0,17.1,370,508,130,555,214,270,175,511,281,198,438,224,251,168,169,349,299,124,130,128,398,172,296,127,268,557,263,281,44,265,1
1631255,Karlo Matković,Karlo,1610612740,NOP,24.0,42,12,30,0.286,18.8,3.2,5.6,0.574,0.5,1.6,0.318,0.8,1.0,0.773,1.5,3.5,5.0,1.1,1.0,0.5,1.0,0.3,2.5,1.0,7.7,-2.1,18.8,4,0,17.3,330,393,176,464,298,233,306,54,366,375,343,297,305,268,99,141,130,367,247,343,47,336,54,316,269,420,243,116,44,261,1
1629611,Terance Mann,Terance,1610612737,ATL,28.0,67,37,30,0.552,21.1,3.1,6.2,0.496,0.9,2.4,0.368,0.7,1.0,0.691,1.0,2.0,3.0,1.8,0.7,0.7,0.2,0.4,1.9,1.0,7.7,-1.4,16.1,0,0,15.2,147,124,176,227,254,249,283,141,288,304,178,344,313,405,181,347,309,239,347,244,333,217,190,315,270,379,298,281,44,301,2
1642358,AJ Johnson,AJ,1610612764,WAS,20.0,29,8,21,0.276,22.0,2.8,7.3,0.385,0.8,3.1,0.267,1.1,1.3,0.865,0.3,1.8,2.0,2.6,1.2,0.4,0.1,0.6,1.7,0.9,7.6,-5.2,14.3,0,0,14.1,412,445,297,473,232,275,227,472,298,243,425,239,266,87,483,372,407,148,198,402,449,120,239,321,273,522,332,281,44,328,2
1628366,Lonzo Ball,Lonzo,1610612741,CHI,27.0,35,16,19,0.457,22.2,2.5,6.9,0.366,1.9,5.6,0.344,0.6,0.8,0.815,0.7,2.7,3.4,3.3,1.2,1.3,0.5,0.1,1.6,0.5,7.6,2.9,20.9,0,0,19.9,381,340,329,332,229,304,246,495,97,90,265,360,386,180,284,242,259,115,206,36,166,466,288,440,272,91,200,281,44,204,1
1631131,Oscar Tshiebwe,Oscar,1610612762,UTA,25.0,14,3,11,0.214,18.2,3.0,5.0,0.6,0.0,0.0,0.0,1.6,2.2,0.742,3.3,5.4,8.7,0.6,0.7,0.9,0.1,0.7,1.7,1.6,7.6,-0.8,21.4,4,0,19.0,482,508,425,516,314,255,330,40,499,542,499,150,142,332,12,41,23,462,339,140,490,88,241,189,271,313,189,116,44,222,1
1629726,Garrison Mathews,Garrison,1610612737,ATL,28.0,47,21,26,0.447,17.6,2.2,5.5,0.397,1.8,4.6,0.39,1.4,1.7,0.821,0.3,1.6,1.9,1.3,0.7,0.6,0.3,0.1,1.7,1.4,7.5,-1.3,13.6,0,0,14.2,298,280,237,351,319,353,308,453,113,132,114,191,213,167,482,395,418,332,362,331,261,492,240,212,274,368,345,281,44,324,1
1629680,Matisse Thybulle,Matisse,1610612757,POR,28.0,15,8,7,0.533,20.8,2.8,5.9,0.477,1.4,3.2,0.438,0.5,1.0,0.467,0.9,2.5,3.5,1.9,0.9,2.2,0.6,0.2,0.9,0.9,7.5,0.1,22.0,0,0,19.8,476,445,467,242,258,277,294,183,180,232,21,418,314,531,216,261,248,232,290,2,119,396,433,331,275,232,182,281,44,205,1
1631260,AJ Green,AJ,1610612749,MIL,25.0,73,44,29,0.603,22.7,2.5,5.8,0.429,2.1,5.0,0.427,0.3,0.4,0.815,0.2,2.1,2.4,1.5,0.5,0.5,0.1,0.0,2.2,0.7,7.4,3.1,13.8,0,0,14.6,86,62,188,164,220,310,298,353,77,112,37,470,486,180,497,326,374,291,408,352,467,520,136,394,278,83,342,281,44,318,1
1630182,Josh Green,Josh,1610612766,CHA,24.0,68,17,51,0.25,27.8,2.6,6.2,0.428,1.4,3.6,0.391,0.7,1.1,0.681,0.8,1.7,2.5,1.6,1.0,1.1,0.2,0.4,2.4,1.3,7.4,-5.4,15.8,0,0,15.6,138,323,16,489,133,291,281,361,176,191,111,335,302,425,254,380,360,275,243,80,340,236,69,247,276,526,306,281,44,294,1
1626158,Richaun Holmes,Richaun,1610612764,WAS,31.0,31,9,22,0.29,17.2,2.9,4.5,0.647,0.0,0.1,0.0,1.6,1.9,0.833,2.0,3.7,5.7,1.4,0.7,0.3,0.7,0.3,1.6,1.7,7.4,-1.2,18.7,3,0,16.5,402,434,288,462,329,268,365,24,499,522,499,153,177,131,55,119,92,317,353,459,77,287,284,171,277,359,249,134,44,273,1
202692,Alec Burks,Alec,1610612748,MIA,33.0,49,26,23,0.531,17.6,2.3,5.5,0.424,1.8,4.2,0.425,0.8,1.0,0.776,0.3,2.2,2.5,1.1,0.6,0.6,0.1,0.2,0.8,0.9,7.3,2.2,13.5,0,0,14.1,293,240,280,247,320,334,307,373,117,159,39,312,314,262,470,313,359,359,384,319,420,414,467,329,282,114,347,281,44,327,1
203083,Andre Drummond,Andre,1610612755,PHI,31.0,40,12,28,0.3,18.8,2.9,5.9,0.5,0.1,0.5,0.15,1.4,2.3,0.622,2.7,5.0,7.8,0.9,1.4,1.0,0.5,0.7,2.4,1.7,7.3,-6.1,20.8,5,0,18.9,342,393,209,456,302,267,295,125,481,483,491,182,141,476,26,57,41,423,158,117,187,85,85,166,279,538,204,106,44,224,1
1641878,Damion Baugh,Damion,1610612766,CHA,24.0,15,1,14,0.067,24.7,2.8,8.7,0.323,0.8,3.7,0.214,0.9,1.0,0.867,0.9,2.4,3.3,3.7,2.1,1.0,0.1,0.6,1.5,1.2,7.3,-11.3,18.2,0,0,17.4,476,539,392,556,187,277,165,523,304,187,467,283,314,85,216,282,265,93,71,101,429,127,323,259,281,569,258,281,44,257,1
1641741,Ricky Council IV,Ricky,1610612755,PHI,23.0,73,16,57,0.219,17.1,2.4,6.3,0.382,0.8,2.9,0.258,1.7,2.1,0.804,0.7,2.2,2.9,1.3,0.7,0.4,0.2,0.3,0.9,1.6,7.3,-2.2,13.9,3,0,13.5,86,340,4,515,331,321,274,478,310,259,435,140,155,207,292,311,316,326,342,396,384,266,435,185,280,422,339,134,44,339,1
1631342,Daeqwon Plowden,Daeqwon,1610612737,ATL,26.0,6,3,3,0.5,11.9,2.7,4.2,0.64,1.5,2.8,0.529,0.3,0.3,1.0,0.7,1.2,1.8,0.3,0.7,0.0,0.0,0.0,1.7,0.2,7.2,4.8,9.2,0,0,10.8,524,508,521,266,424,289,381,27,164,267,6,456,496,1,309,445,419,520,357,541,519,522,258,531,290,39,433,281,44,388,1
1641713,GG Jackson,GG,1610612763,MEM,20.0,29,19,10,0.655,15.8,2.6,6.9,0.372,1.1,3.3,0.337,1.0,1.4,0.725,0.9,2.2,3.2,1.0,1.1,0.4,0.2,0.5,1.0,1.1,7.2,-2.3,13.2,0,0,13.7,412,302,443,95,353,302,252,490,233,224,288,255,253,355,219,309,283,384,231,402,393,165,410,285,284,431,351,281,44,338,1
1629048,Goga Bitadze,Goga,1610612753,ORL,25.0,70,38,32,0.543,20.4,3.0,4.8,0.611,0.0,0.4,0.107,1.2,1.9,0.639,2.4,4.2,6.6,2.0,1.0,0.7,1.4,0.3,2.1,1.7,7.2,1.1,23.3,15,0,20.0,118,110,143,236,264,263,341,34,491,490,495,212,181,461,36,88,62,223,244,245,19,277,137,168,288,160,161,37,44,199,1
1641772,Nae'Qwan Tomlin,Nae'Qwan,1610612739,CLE,24.0,5,4,1,0.8,12.7,2.6,6.4,0.406,0.4,2.0,0.2,1.6,2.2,0.727,1.8,2.4,4.2,0.4,0.4,0.0,0.2,0.8,1.8,1.6,7.2,1.4,13.0,1,0,12.6,535,493,548,32,405,295,272,426,394,333,471,157,144,349,72,282,179,509,454,541,364,61,220,186,286,143,356,198,44,353,1
1630241,Sam Merrill,Sam,1610612739,CLE,29.0,71,54,17,0.761,19.7,2.4,6.0,0.406,1.9,5.2,0.372,0.4,0.4,0.966,0.5,1.7,2.2,1.5,0.5,0.7,0.2,0.2,1.7,0.8,7.2,4.5,14.4,0,0,14.7,108,16,360,54,278,323,289,431,95,102,165,439,475,23,366,387,390,285,422,226,369,385,231,357,289,47,328,281,44,312,1
1630200,Tre Jones,Tre,1610612741,CHI,25.0,46,21,25,0.457,19.7,2.8,5.2,0.538,0.4,1.0,0.396,1.2,1.5,0.821,0.7,1.8,2.5,4.2,0.8,0.8,0.2,0.4,1.2,1.5,7.2,-0.7,18.8,1,0,16.3,307,280,256,333,280,280,319,74,389,417,100,215,240,166,307,360,361,81,321,197,343,231,380,209,287,302,248,198,44,279,2
1641783,Tristan da Silva,Tristan,1610612753,ORL,24.0,74,35,39,0.473,22.0,2.7,6.5,0.412,1.1,3.2,0.335,0.7,0.9,0.873,1.0,2.3,3.3,1.5,0.8,0.4,0.2,0.3,1.3,0.8,7.2,-1.7,14.8,1,0,14.5,71,149,68,311,233,287,265,411,243,229,295,325,363,80,194,298,269,284,322,386,320,281,360,359,285,395,324,198,44,320,1
1630249,Vít Krejčí,Vít,1610612737,ATL,25.0,57,28,29,0.491,20.2,2.5,5.1,0.497,1.6,3.6,0.437,0.6,0.8,0.711,0.4,2.4,2.7,2.6,0.9,0.6,0.5,0.1,1.8,0.7,7.2,-1.2,16.8,1,0,16.3,232,220,188,295,267,303,323,139,156,197,23,387,379,382,434,291,337,154,285,287,183,448,207,384,283,358,286,198,44,282,1
1627936,Alex Caruso,Alex,1610612760,OKC,31.0,54,44,10,0.815,19.3,2.6,5.8,0.446,1.1,3.1,0.353,0.8,0.9,0.824,0.7,2.2,2.9,2.5,0.7,1.6,0.6,0.3,1.9,1.1,7.1,5.9,20.2,0,0,18.0,258,62,443,26,288,297,297,291,230,238,235,311,339,156,289,310,314,157,351,15,127,339,199,273,294,25,213,281,44,242,1
1641720,Jalen Hood-Schifino,Jalen,1610612755,PHI,22.0,15,3,12,0.2,21.0,2.5,6.5,0.378,0.9,3.1,0.304,1.2,1.4,0.857,0.2,1.6,1.8,2.5,1.2,0.3,0.5,0.3,1.7,1.1,7.1,-6.4,14.1,0,0,13.9,476,508,414,520,256,316,264,483,277,247,375,213,249,95,514,389,424,162,199,434,174,331,258,278,295,541,335,281,44,332,2
1642347,Jamal Shead,Jamal,1610612761,TOR,22.0,75,28,47,0.373,19.6,2.7,6.7,0.405,1.0,3.0,0.323,0.7,0.9,0.768,0.4,1.1,1.5,4.2,1.6,0.8,0.1,0.4,2.1,1.3,7.1,-3.1,16.4,1,0,15.6,59,220,29,409,282,285,256,434,275,256,335,340,346,277,427,453,450,78,129,213,429,233,149,238,291,464,293,198,44,292,1
1642419,Jamison Battle,Jamison,1610612761,TOR,24.0,59,21,38,0.356,17.7,2.5,5.9,0.429,1.8,4.4,0.405,0.3,0.3,0.889,0.6,2.1,2.7,0.9,0.5,0.3,0.2,0.2,1.6,0.4,7.1,-3.1,12.6,0,0,13.4,218,280,85,426,318,306,293,352,119,148,70,479,506,54,326,335,345,412,435,462,396,364,294,464,292,461,369,281,44,341,1
1629006,Josh Okogie,Josh,1610612766,CHA,26.0,40,11,29,0.275,15.6,2.4,5.3,0.443,0.8,2.3,0.348,1.6,2.1,0.741,1.1,1.7,2.8,0.8,0.8,1.2,0.5,0.5,1.2,1.7,7.1,-0.3,16.0,1,0,14.9,342,407,188,474,355,333,311,299,304,316,251,161,152,335,158,382,326,427,317,57,171,162,387,173,293,263,303,198,44,309,2
1630543,Isaiah Jackson,Isaiah,1610612754,IND,23.0,5,1,4,0.2,16.8,2.8,4.6,0.609,0.0,0.0,0.0,1.4,2.8,0.5,2.2,3.4,5.6,1.0,1.0,0.6,1.6,0.4,2.8,1.4,7.0,2.0,20.8,0,0,18.0,535,539,507,520,335,277,359,35,499,542,499,182,107,506,49,147,101,384,250,303,10,223,23,220,296,121,203,281,44,242,1
1631301,Jaylen Sims,Jaylen,1610612766,CHA,26.0,6,0,6,0.0,18.6,2.0,4.7,0.429,1.0,2.5,0.4,2.0,2.5,0.8,0.5,0.5,1.0,2.0,1.3,0.5,0.2,0.2,1.7,1.8,7.0,-7.8,11.9,0,0,12.3,524,557,481,557,308,364,355,355,257,293,78,112,123,213,378,534,510,208,169,355,398,426,258,153,296,558,380,281,44,362,1
1630288,Jeff Dowtin Jr.,Jeff,1610612755,PHI,28.0,41,10,31,0.244,15.1,2.7,5.6,0.487,0.7,1.7,0.4,0.8,1.1,0.733,0.3,1.2,1.5,1.9,0.4,0.6,0.3,0.3,0.7,0.9,7.0,-2.5,13.8,0,0,12.8,336,419,158,499,363,284,305,161,330,364,78,301,296,342,478,444,461,228,465,312,278,308,477,322,299,440,340,281,44,351,1
1630585,Marcus Garrett,Marcus,1610612766,CHA,26.0,4,1,3,0.25,19.8,2.8,6.8,0.407,0.8,2.0,0.375,0.8,1.0,0.75,0.3,1.3,1.5,3.3,1.5,0.8,0.5,0.8,2.5,0.8,7.0,-9.8,15.9,0,0,15.0,541,539,521,489,274,283,254,422,311,333,150,321,314,310,491,432,453,116,138,219,149,75,57,369,296,565,304,281,44,306,1
1641810,Antonio Reeves,Antonio,1610612740,NOP,24.0,44,6,38,0.136,15.0,2.6,5.6,0.456,1.2,2.9,0.395,0.6,0.8,0.8,0.4,1.0,1.4,0.9,0.7,0.5,0.1,0.3,0.9,0.5,6.9,-3.4,11.0,0,0,11.5,322,473,85,544,368,299,304,259,221,257,101,357,378,213,424,459,466,414,352,368,471,291,440,442,302,475,392,281,44,375,1
