PLAYER_ID,PLAYER_NAME,TEAM_ID,TEAM_ABBREVIATION,AGE,G,MIN,CONTESTED_SHOTS,CONTESTED_SHOTS_2PT,CONTESTED_SHOTS_3PT,DEFLECTIONS,CHARGES_DRAWN,SCREEN_ASSISTS,SCREEN_AST_PTS,OFF_LOOSE_BALLS_RECOVERED,DEF_LOOSE_BALLS_RECOVERED,LOOSE_BALLS_RECOVERED,PCT_LOOSE_BALLS_RECOVERED_OFF,PCT_LOOSE_BALLS_RECOVERED_DEF,OFF_BOXOUTS,DEF_BOXOUTS,BOX_OUTS,BOX_OUT_PLAYER_TEAM_REBS,BOX_OUT_PLAYER_REBS,PCT_BOX_OUTS_OFF,PCT_BOX_OUTS_DEF,PCT_BOX_OUTS_TEAM_REB,PCT_BOX_OUTS_REB
1630639,A.J. Lawson,1610612761,TOR,24.0,24,484.0,3.6,2.1,1.6,1.9,0.0,0.6,1.3,0.1,0.4,0.5,0.286,0.714,0.0,0.4,0.4,0.4,0.2,0.0,1.0,1.0,0.6
1631260,AJ Green,1610612749,MIL,25.0,72,1656.0,5.2,2.9,2.3,1.5,0.1,0.6,1.4,0.2,0.4,0.7,0.367,0.633,0.0,0.8,0.8,0.8,0.2,0.051,0.949,0.923,0.231
1642358,AJ Johnson,1610612764,WAS,20.0,22,616.0,4.6,2.5,2.1,1.5,0.0,0.1,0.2,0.2,0.3,0.5,0.444,0.556,0.1,0.0,0.1,0.1,0.0,1.0,0.0,1.0,0.0
203932,Aaron Gordon,1610612743,DEN,29.0,51,1447.0,4.1,2.9,1.2,1.2,0.0,0.9,2.3,0.3,0.2,0.5,0.524,0.476,0.1,0.3,0.5,0.5,0.4,0.263,0.737,1.0,0.842
1628988,Aaron Holiday,1610612745,HOU,28.0,57,778.0,5.1,2.5,2.5,2.3,0.0,0.2,0.5,0.6,0.2,0.8,0.722,0.278,0.0,0.7,0.7,0.6,0.1,0.0,1.0,0.933,0.2
1630174,Aaron Nesmith,1610612754,IND,25.0,45,1122.0,7.3,4.2,3.1,1.9,0.2,0.4,1.0,0.4,0.3,0.7,0.619,0.381,0.1,0.4,0.5,0.5,0.3,0.235,0.765,1.0,0.588
1630598,Aaron Wiggins,1610612760,OKC,26.0,76,1744.0,7.0,3.6,3.4,2.7,0.0,0.6,1.3,0.4,0.4,0.8,0.513,0.487,0.0,0.6,0.6,0.6,0.2,0.0,1.0,1.0,0.276
1641745,Adam Flagler,1610612760,OKC,25.0,16,155.0,5.3,1.2,4.2,2.6,0.0,0.9,2.1,0.0,1.4,1.4,0.0,1.0,0.0,0.9,0.9,0.9,0.5,0.0,1.0,1.0,0.5
1641766,Adama Sanogo,1610612741,CHI,23.0,3,21.0,15.4,6.9,8.6,1.7,0.0,8.6,20.6,0.0,0.0,0.0,0.0,0.0,3.4,0.0,3.4,3.4,3.4,1.0,0.0,1.0,1.0
1641737,Adem Bona,1610612755,PHI,22.0,53,900.0,11.4,8.4,3.0,2.3,0.0,4.6,10.6,0.3,0.3,0.6,0.5,0.5,0.9,1.1,2.0,2.0,1.2,0.451,0.549,0.961,0.569
1642349,Ajay Mitchell,1610612760,OKC,23.0,36,597.0,4.9,3.1,1.8,2.9,0.2,0.3,0.8,0.4,0.3,0.7,0.545,0.455,0.0,0.4,0.4,0.4,0.2,0.0,1.0,1.0,0.571
201143,Al Horford,1610612738,BOS,39.0,60,1659.0,9.2,5.2,4.0,1.7,0.0,2.1,5.4,0.3,0.2,0.4,0.6,0.4,0.3,1.5,1.8,1.7,1.0,0.148,0.852,0.975,0.543
202692,Alec Burks,1610612748,MIA,33.0,47,837.0,4.7,2.2,2.5,2.1,0.0,0.4,0.8,0.2,0.2,0.4,0.5,0.5,0.0,0.4,0.4,0.3,0.1,0.0,1.0,0.889,0.333
1627936,Alex Caruso,1610612760,OKC,31.0,53,1040.0,5.7,2.6,3.1,6.4,0.3,1.1,2.5,0.3,0.6,0.9,0.385,0.615,0.1,0.6,0.6,0.6,0.3,0.111,0.889,1.0,0.556
1642505,Alex Ducas,1610612760,OKC,24.0,15,98.0,2.9,2.2,0.7,2.6,0.0,0.4,0.7,0.7,0.4,1.1,0.667,0.333,0.7,2.9,3.7,3.7,1.5,0.2,0.8,1.0,0.4
203458,Alex Len,1610612747,LAL,32.0,39,366.0,13.9,9.9,3.9,2.1,0.0,4.9,12.2,0.7,0.6,1.3,0.538,0.462,0.9,2.7,3.5,3.3,1.4,0.25,0.75,0.944,0.389
1642024,Alex Reese,1610612755,PHI,26.0,15,216.0,13.3,8.3,5.0,2.5,0.3,3.0,6.8,0.3,0.2,0.5,0.667,0.333,0.3,0.7,1.0,1.0,0.7,0.333,0.667,1.0,0.667
1642259,Alex Sarr,1610612764,WAS,20.0,67,1814.0,12.1,9.1,3.0,2.0,0.0,5.1,11.9,0.4,0.3,0.8,0.553,0.447,0.3,1.2,1.6,1.5,0.9,0.215,0.785,1.0,0.59
1630578,Alperen Sengun,1610612745,HOU,22.0,75,2392.0,10.2,7.3,2.9,2.8,0.1,3.8,9.0,0.7,0.2,0.9,0.763,0.237,1.0,2.0,3.0,2.9,2.1,0.34,0.66,0.99,0.699
1641708,Amen Thompson,1610612745,HOU,22.0,69,2225.0,5.2,3.7,1.6,3.2,0.0,0.4,1.0,0.4,0.5,0.9,0.453,0.547,0.1,0.2,0.4,0.4,0.3,0.348,0.652,1.0,0.696
1629599,Amir Coffey,1610612746,LAC,28.0,68,1661.0,3.5,1.8,1.7,1.7,0.1,0.5,1.3,0.2,0.3,0.5,0.429,0.571,0.0,0.5,0.5,0.5,0.2,0.0,1.0,1.0,0.333
203083,Andre Drummond,1610612755,PHI,31.0,40,751.0,9.7,5.9,3.8,3.2,0.0,4.5,10.0,0.5,0.3,0.8,0.647,0.353,1.1,1.6,2.7,2.6,2.3,0.411,0.589,1.0,0.873
1641748,Andre Jackson Jr.,1610612749,MIL,23.0,58,939.0,3.9,2.5,1.5,2.6,0.0,0.9,2.3,0.5,0.3,0.8,0.636,0.364,0.2,0.3,0.5,0.5,0.3,0.357,0.643,0.929,0.5
1629614,Andrew Nembhard,1610612754,IND,25.0,65,1881.0,4.2,2.4,1.8,2.4,0.1,0.3,0.8,0.2,0.4,0.6,0.394,0.606,0.0,0.3,0.3,0.3,0.1,0.0,1.0,0.941,0.353
203952,Andrew Wiggins,1610612748,MIA,30.0,60,1842.0,7.6,3.7,3.9,1.8,0.0,0.3,0.8,0.4,0.3,0.7,0.556,0.444,0.1,0.7,0.8,0.8,0.4,0.15,0.85,0.975,0.55
1629014,Anfernee Simons,1610612757,POR,26.0,70,2292.0,3.3,1.5,1.8,1.3,0.0,0.1,0.2,0.2,0.4,0.6,0.351,0.649,0.0,0.3,0.3,0.3,0.0,0.0,1.0,1.0,0.188
1641710,Anthony Black,1610612753,ORL,21.0,78,1887.0,5.8,3.5,2.3,3.5,0.0,0.4,0.8,0.3,0.4,0.7,0.474,0.526,0.0,0.4,0.5,0.5,0.2,0.042,0.958,1.0,0.417
203076,Anthony Davis,1610612742,DAL,32.0,51,1705.0,10.3,6.7,3.7,2.3,0.0,3.4,7.9,0.5,0.4,0.9,0.545,0.455,0.7,1.4,2.0,2.0,1.6,0.34,0.66,0.99,0.804
1630162,Anthony Edwards,1610612750,MIN,23.0,79,2871.0,3.3,1.8,1.5,2.1,0.0,0.2,0.4,0.3,0.3,0.6,0.531,0.469,0.0,0.1,0.1,0.1,0.1,0.182,0.818,1.0,0.455
1630264,Anthony Gill,1610612764,WAS,32.0,39,380.0,7.8,3.6,4.2,1.7,0.0,0.7,1.5,0.7,0.4,1.0,0.636,0.364,0.2,2.0,2.2,2.2,0.9,0.087,0.913,1.0,0.435
1641817,Anton Watson,1610612752,NYK,24.0,5,16.0,9.0,6.8,2.3,2.3,0.0,13.5,33.8,0.0,0.0,0.0,0.0,0.0,0.0,0.0,0.0,0.0,0.0,0.0,0.0,0.0,0.0
1641810,Antonio Reeves,1610612740,NOP,24.0,28,529.0,3.7,1.3,2.4,1.8,0.0,0.1,0.2,0.4,0.3,0.7,0.545,0.455,0.1,0.3,0.3,0.3,0.1,0.2,0.8,1.0,0.4
1630574,Ariel Hukporti,1610612752,NYK,23.0,23,215.0,15.2,11.1,4.2,2.0,0.0,5.5,12.1,0.7,0.5,1.2,0.571,0.429,1.2,1.7,2.8,2.8,1.7,0.412,0.588,1.0,0.588
1642422,Armel Traore,1610612747,LAL,22.0,7,55.0,5.9,3.3,2.6,5.9,0.0,0.0,0.0,0.0,0.0,0.0,0.0,0.0,0.0,1.3,1.3,1.3,1.3,0.0,1.0,1.0,1.0
1641709,Ausar Thompson,1610612765,DET,22.0,59,1328.0,6.1,3.0,3.1,5.7,0.0,1.1,2.6,0.6,0.7,1.3,0.449,0.551,0.0,0.2,0.2,0.2,0.1,0.111,0.889,1.0,0.444
1630559,Austin Reaves,1610612747,LAL,27.0,73,2550.0,4.7,2.5,2.2,1.9,0.3,0.7,1.6,0.4,0.4,0.7,0.5,0.5,0.0,0.4,0.5,0.5,0.1,0.061,0.939,1.0,0.303
1630245,Ayo Dosunmu,1610612741,CHI,25.0,46,1394.0,4.9,2.8,2.1,1.8,0.0,0.4,1.0,0.3,0.5,0.8,0.419,0.581,0.0,0.2,0.2,0.2,0.0,0.111,0.889,0.889,0.111
1628389,Bam Adebayo,1610612748,MIA,27.0,78,2674.0,6.1,4.2,1.8,3.2,0.0,3.5,8.7,0.4,0.4,0.7,0.5,0.5,0.4,2.5,2.9,2.8,1.4,0.153,0.847,0.958,0.486
1631248,Baylor Scheierman,1610612738,BOS,24.0,26,366.0,4.2,2.1,2.2,3.8,0.1,0.3,0.7,0.3,0.1,0.4,0.75,0.25,0.2,1.0,1.2,1.2,0.6,0.167,0.833,1.0,0.5
1641767,Ben Sheppard,1610612754,IND,23.0,62,1200.0,4.8,2.9,2.0,2.2,0.0,0.2,0.4,0.4,0.5,0.9,0.483,0.517,0.0,0.4,0.4,0.4,0.2,0.0,1.0,1.0,0.5
1627732,Ben Simmons,1610612746,LAC,28.0,50,1105.0,4.8,2.4,2.4,3.3,0.1,2.7,6.4,0.5,0.2,0.7,0.7,0.3,0.0,0.6,0.6,0.6,0.3,0.0,1.0,1.0,0.421
1631097,Bennedict Mathurin,1610612754,IND,23.0,72,2149.0,3.8,1.7,2.1,1.5,0.0,0.2,0.5,0.4,0.4,0.8,0.479,0.521,0.1,0.6,0.6,0.6,0.3,0.108,0.892,0.973,0.486
1641731,Bilal Coulibaly,1610612764,WAS,20.0,59,1948.0,4.7,2.6,2.2,2.8,0.0,0.5,1.2,0.5,0.5,1.0,0.481,0.519,0.0,0.2,0.2,0.2,0.1,0.0,1.0,1.0,0.462
202687,Bismack Biyombo,1610612759,SAS,32.0,27,527.0,10.5,9.1,1.4,2.0,0.0,6.3,14.3,0.1,0.8,0.9,0.154,0.846,0.4,2.3,2.7,2.6,1.6,0.154,0.846,0.974,0.59
1631104,Blake Wesley,1610612759,SAS,22.0,47,643.0,3.5,1.6,1.9,3.7,0.0,0.3,0.6,0.4,0.3,0.7,0.538,0.462,0.0,0.1,0.1,0.1,0.0,0.0,1.0,1.0,0.0
1626171,Bobby Portis,1610612749,MIL,30.0,49,1244.0,8.9,5.3,3.7,2.2,0.0,1.9,4.8,0.3,0.3,0.5,0.526,0.474,0.9,1.2,2.1,2.1,1.4,0.417,0.583,0.986,0.681
1641752,Bobi Klintman,1610612765,DET,22.0,5,34.0,5.3,4.2,1.1,2.1,0.0,1.1,2.1,1.1,0.0,1.1,1.0,0.0,0.0,1.1,1.1,1.1,0.0,0.0,1.0,1.0,0.0
203992,Bogdan Bogdanović,1610612746,LAC,32.0,54,1348.0,5.7,2.5,3.2,2.7,0.0,0.7,1.7,0.1,0.4,0.5,0.25,0.75,0.1,0.3,0.4,0.4,0.3,0.2,0.8,1.0,0.733
1629626,Bol Bol,1610612756,PHX,25.0,31,434.0,10.0,4.1,5.8,1.0,0.0,0.8,1.9,0.3,0.2,0.6,0.571,0.429,0.1,1.0,1.1,1.0,0.7,0.077,0.923,0.923,0.692
1630538,Bones Hyland,1610612750,MIN,24.0,21,225.0,3.2,1.3,1.9,4.0,0.0,0.2,0.3,0.5,0.3,0.8,0.6,0.4,0.0,0.0,0.0,0.0,0.0,0.0,0.0,0.0,0.0
203078,Bradley Beal,1610612756,PHX,32.0,53,1702.0,5.2,2.4,2.8,2.7,0.1,0.3,0.6,0.4,0.3,0.8,0.556,0.444,0.0,0.2,0.3,0.3,0.1,0.154,0.846,1.0,0.385
1642382,Branden Carlson,1610612760,OKC,26.0,24,232.0,13.3,9.3,4.0,1.1,0.0,3.1,7.0,0.8,0.3,1.1,0.714,0.286,0.6,2.8,3.4,3.4,1.4,0.182,0.818,1.0,0.409
1641764,Brandin Podziemski,1610612744,GSW,22.0,63,1716.0,3.6,1.9,1.7,2.8,0.4,0.8,2.0,0.4,0.6,0.9,0.378,0.622,0.0,0.6,0.7,0.7,0.2,0.063,0.938,0.969,0.313
1630527,Brandon Boston,1610612740,NOP,23.0,41,990.0,3.7,1.7,1.9,3.1,0.0,0.4,1.1,0.1,0.4,0.5,0.286,0.714,0.0,0.1,0.1,0.1,0.0,0.0,1.0,1.0,0.25
1629634,Brandon Clarke,1610612763,MEM,28.0,64,1207.0,9.1,5.7,3.3,3.0,0.1,2.1,5.0,0.4,0.5,0.8,0.429,0.571,0.5,1.8,2.3,2.2,0.8,0.211,0.789,0.961,0.355
1627742,Brandon Ingram,1610612761,TOR,27.0,18,595.0,3.9,2.4,1.5,1.1,0.0,0.2,0.6,0.4,0.1,0.5,0.778,0.222,0.0,0.3,0.3,0.3,0.2,0.0,1.0,1.0,0.6
1641706,Brandon Miller,1610612766,CHA,22.0,27,924.0,5.3,2.6,2.7,2.5,0.1,1.4,3.3,0.2,0.4,0.5,0.308,0.692,0.0,0.4,0.5,0.5,0.2,0.083,0.917,1.0,0.333
1630314,Brandon Williams,1610612742,DAL,25.0,26,468.0,5.0,3.2,1.8,3.7,0.0,0.4,0.8,0.8,0.8,1.5,0.5,0.5,0.0,0.4,0.4,0.4,0.1,0.0,1.0,1.0,0.2
1630296,Braxton Key,1610612744,GSW,28.0,1,7.0,5.1,0.0,5.1,10.3,0.0,0.0,0.0,0.0,0.0,0.0,0.0,0.0,0.0,0.0,0.0,0.0,0.0,0.0,0.0,0.0,0.0
1641729,Brice Sensabaugh,1610612762,UTA,21.0,68,1388.0,4.3,1.9,2.3,2.1,0.0,0.3,0.8,0.3,0.4,0.7,0.393,0.607,0.1,0.4,0.5,0.5,0.3,0.158,0.842,1.0,0.684
1642355,Bronny James,1610612747,LAL,20.0,15,146.0,5.9,3.5,2.5,3.5,0.0,0.0,0.0,0.0,0.7,0.7,0.0,1.0,0.0,0.7,0.7,0.7,0.5,0.0,1.0,1.0,0.667
201572,Brook Lopez,1610612749,MIL,37.0,80,2546.0,15.4,12.8,2.6,1.7,0.0,3.0,7.1,0.1,0.1,0.3,0.444,0.556,0.4,2.0,2.3,2.3,1.2,0.164,0.848,0.988,0.491
1628971,Bruce Brown,1610612740,NOP,28.0,41,922.0,3.6,1.5,2.1,2.8,0.0,0.7,1.9,0.4,0.3,0.6,0.563,0.438,0.2,0.5,0.7,0.7,0.5,0.294,0.706,1.0,0.765
1628981,Bruno Fernando,1610612761,TOR,26.0,13,137.0,10.8,6.3,4.5,2.1,0.0,5.5,12.4,0.3,0.5,0.8,0.333,0.667,0.8,1.3,2.1,2.1,0.8,0.375,0.625,1.0,0.375
1631121,Bryce McGowens,1610612757,POR,22.0,6,14.0,15.4,2.6,12.9,2.6,0.0,0.0,0.0,0.0,0.0,0.0,0.0,0.0,0.0,0.0,0.0,0.0,0.0,0.0,0.0,0.0,0.0
1642267,Bub Carrington,1610612764,WAS,19.0,82,2458.0,4.1,2.0,2.1,1.5,0.0,0.4,1.0,0.2,0.3,0.6,0.436,0.564,0.0,0.3,0.3,0.3,0.2,0.043,0.957,1.0,0.478
1627741,Buddy Hield,1610612744,GSW,32.0,82,1863.0,5.7,3.2,2.5,2.8,0.0,0.3,0.7,0.3,0.3,0.6,0.515,0.485,0.0,0.3,0.3,0.3,0.1,0.118,0.882,1.0,0.412
203468,CJ McCollum,1610612740,NOP,33.0,56,1832.0,4.2,1.8,2.4,1.6,0.0,0.3,0.6,0.3,0.4,0.7,0.472,0.528,0.0,0.4,0.4,0.4,0.1,0.053,0.947,0.947,0.158
1630595,Cade Cunningham,1610612765,DET,23.0,70,2452.0,5.8,3.1,2.8,2.2,0.0,0.3,0.8,0.3,0.4,0.7,0.451,0.549,0.0,0.6,0.7,0.6,0.3,0.044,0.956,0.956,0.422
1631216,Caleb Houstan,1610612753,ORL,22.0,49,737.0,4.9,3.2,1.7,1.7,0.0,1.1,2.5,0.2,0.2,0.4,0.5,0.5,0.0,0.7,0.8,0.7,0.4,0.063,0.938,0.938,0.563
1628997,Caleb Martin,1610612742,DAL,29.0,44,1212.0,4.5,2.5,2.0,2.6,0.1,0.6,1.4,0.4,0.5,0.8,0.429,0.571,0.0,0.5,0.5,0.5,0.1,0.0,1.0,0.941,0.294
1642353,Cam Christie,1610612746,LAC,19.0,5,41.0,3.5,2.6,0.9,3.5,0.0,0.9,2.6,0.9,0.0,0.9,1.0,0.0,0.0,0.0,0.0,0.0,0.0,0.0,0.0,0.0,0.0
1629629,Cam Reddish,1610612747,LAL,25.0,31,582.0,3.8,1.4,2.4,4.1,0.0,0.5,1.2,0.4,0.8,1.2,0.316,0.684,0.0,0.4,0.4,0.4,0.0,0.0,1.0,1.0,0.0
1642285,Cam Spencer,1610612763,MEM,25.0,16,227.0,3.0,1.1,1.9,2.1,0.2,0.3,0.8,0.3,0.3,0.6,0.5,0.5,0.5,0.6,1.1,1.1,0.8,0.429,0.571,1.0,0.714
1630560,Cam Thomas,1610612751,BKN,23.0,24,745.0,4.4,2.5,1.9,1.0,0.0,0.3,0.8,0.3,0.2,0.6,0.583,0.417,0.0,0.2,0.2,0.2,0.1,0.0,1.0,1.0,0.75
1641715,Cam Whitmore,1610612745,HOU,20.0,44,792.0,3.5,2.0,1.5,2.5,0.0,0.1,0.3,0.4,0.6,1.0,0.381,0.619,0.0,0.3,0.3,0.3,0.3,0.143,0.857,1.0,0.857
1629661,Cameron Johnson,1610612751,BKN,29.0,57,1800.0,4.8,2.3,2.5,2.0,0.1,0.6,1.3,0.4,0.3,0.7,0.529,0.471,0.1,0.5,0.6,0.6,0.2,0.107,0.893,1.0,0.357
1626166,Cameron Payne,1610612752,NYK,30.0,68,1055.0,3.5,1.9,1.6,3.8,0.4,0.3,0.6,0.1,0.3,0.5,0.286,0.714,0.0,0.6,0.6,0.6,0.2,0.0,1.0,1.0,0.294
1627747,Caris LeVert,1610612737,ATL,30.0,64,1596.0,5.3,2.8,2.5,3.3,0.0,0.2,0.4,0.5,0.4,0.9,0.526,0.474,0.0,0.4,0.4,0.4,0.2,0.053,0.947,0.947,0.526
1641717,Cason Wallace,1610612760,OKC,21.0,68,1876.0,6.1,2.3,3.8,4.7,0.0,1.1,2.3,0.6,0.6,1.2,0.468,0.532,0.0,0.5,0.5,0.5,0.2,0.0,1.0,1.0,0.36
1629646,Charles Bassey,1610612759,SAS,24.0,32,367.0,12.2,9.1,3.0,2.8,0.0,3.6,8.5,0.2,0.5,0.7,0.286,0.714,1.2,1.4,2.6,2.6,2.1,0.462,0.538,1.0,0.808
1631096,Chet Holmgren,1610612760,OKC,23.0,32,877.0,13.3,9.8,3.6,1.2,0.0,1.9,4.3,0.2,0.5,0.7,0.333,0.667,0.2,1.3,1.5,1.4,0.7,0.139,0.861,0.917,0.444
1628449,Chris Boucher,1610612761,TOR,32.0,50,862.0,5.6,2.8,2.8,1.9,0.1,0.2,0.3,0.4,0.3,0.6,0.6,0.4,0.5,0.6,1.1,1.0,0.8,0.462,0.538,0.962,0.692
1630537,Chris Duarte,1610612741,CHI,28.0,9,55.0,10.5,5.9,4.6,2.0,0.0,0.0,0.0,1.3,0.0,1.3,1.0,0.0,1.3,0.7,2.0,2.0,2.0,0.667,0.333,1.0,1.0
1641753,Chris Livingston,1610612749,MIL,21.0,14,89.0,6.1,5.7,0.4,6.1,0.0,1.6,4.0,0.0,1.2,1.2,0.0,1.0,0.0,1.2,1.2,1.2,0.8,0.0,1.0,1.0,0.667
101108,Chris Paul,1610612759,SAS,40.0,82,2292.0,2.1,0.7,1.4,3.1,0.0,0.8,1.8,0.3,0.7,1.0,0.281,0.719,0.0,0.3,0.3,0.3,0.1,0.0,1.0,1.0,0.375
1631128,Christian Braun,1610612743,DEN,24.0,79,2675.0,5.1,2.8,2.4,1.9,0.1,0.9,2.1,0.3,0.4,0.7,0.451,0.549,0.1,0.2,0.4,0.4,0.2,0.333,0.667,1.0,0.667
1631132,Christian Koloko,1610612747,LAL,25.0,35,339.0,13.5,10.1,3.4,2.1,0.0,3.6,8.7,0.4,0.5,1.0,0.444,0.556,0.5,1.9,2.4,2.3,1.1,0.217,0.783,0.957,0.435
1629643,Chuma Okeke,1610612739,CLE,26.0,8,195.0,6.3,3.3,3.0,2.6,0.0,0.2,0.4,0.4,0.6,0.9,0.4,0.6,0.4,0.4,0.7,0.7,0.4,0.5,0.5,1.0,0.5
203991,Clint Capela,1610612737,ATL,31.0,55,1176.0,10.0,7.3,2.7,1.8,0.3,3.7,8.6,0.6,0.2,0.9,0.724,0.276,0.8,1.7,2.5,2.4,1.8,0.317,0.683,0.963,0.732
1629632,Coby White,1610612741,CHI,25.0,73,2424.0,4.3,2.2,2.0,1.4,0.0,0.4,0.9,0.3,0.4,0.7,0.409,0.591,0.0,0.2,0.2,0.2,0.0,0.0,1.0,1.0,0.25
1628998,Cody Martin,1610612756,PHX,29.0,52,1170.0,4.6,2.5,2.1,3.3,0.2,0.8,2.2,0.6,0.9,1.5,0.417,0.583,0.2,1.0,1.2,1.2,0.5,0.184,0.816,1.0,0.447
1642262,Cody Williams,1610612762,UTA,20.0,49,1043.0,6.0,3.2,2.8,1.8,0.0,0.8,2.1,0.2,0.2,0.4,0.583,0.417,0.0,0.3,0.3,0.3,0.1,0.0,1.0,0.889,0.222
1641732,Colby Jones,1610612764,WAS,23.0,32,504.0,5.8,3.6,2.2,3.4,0.1,0.6,1.3,0.4,0.3,0.6,0.556,0.444,0.0,0.6,0.6,0.6,0.4,0.0,1.0,1.0,0.556
1630175,Cole Anthony,1610612763,MEM,25.0,61,1195.0,4.6,2.8,1.9,2.8,0.1,0.5,1.1,0.6,0.5,1.1,0.571,0.429,0.0,0.4,0.4,0.4,0.2,0.0,1.0,0.923,0.615
1631306,Cole Swider,1610612761,TOR,26.0,10,170.0,5.1,2.8,2.3,1.7,0.2,0.6,1.7,0.0,0.2,0.2,0.0,1.0,0.0,0.4,0.4,0.4,0.4,0.0,1.0,1.0,1.0
1630658,Colin Castleton,1610612761,TOR,25.0,23,430.0,10.3,6.2,4.1,1.1,0.0,2.3,5.4,0.3,0.1,0.4,0.8,0.2,0.7,0.8,1.4,1.4,0.9,0.471,0.529,1.0,0.647
1631221,Collin Gillespie,1610612756,PHX,26.0,29,453.0,3.6,1.4,2.1,4.2,0.1,0.2,0.3,0.6,0.6,1.3,0.5,0.5,0.0,0.7,0.7,0.6,0.2,0.0,1.0,0.889,0.333
1629012,Collin Sexton,1610612762,UTA,26.0,62,1728.0,2.2,1.1,1.2,2.1,0.0,0.6,1.7,0.3,0.3,0.6,0.467,0.533,0.0,0.3,0.3,0.3,0.1,0.067,0.933,1.0,0.467
1630557,Corey Kispert,1610612764,WAS,26.0,60,1587.0,4.4,2.4,2.1,1.3,0.0,0.7,1.7,0.3,0.2,0.6,0.56,0.44,0.0,0.5,0.5,0.5,0.2,0.091,0.955,1.0,0.348
202709,Cory Joseph,1610612753,ORL,33.0,44,594.0,5.4,3.0,2.4,2.6,0.1,1.0,2.4,0.3,0.5,0.8,0.385,0.615,0.1,0.4,0.5,0.5,0.2,0.125,0.875,1.0,0.375
1641854,Craig Porter Jr.,1610612739,CLE,25.0,41,481.0,6.1,3.2,2.8,3.2,0.0,1.1,2.5,0.6,0.2,0.8,0.727,0.273,0.0,0.2,0.2,0.2,0.1,0.0,1.0,1.0,0.667
1642385,Cui Yongxi,1610612751,BKN,22.0,1,1.0,0.0,0.0,0.0,36.0,0.0,0.0,0.0,0.0,0.0,0.0,0.0,0.0,0.0,0.0,0.0,0.0,0.0,0.0,0.0,0.0,0.0
1626156,D'Angelo Russell,1610612751,BKN,29.0,57,1455.0,3.8,1.8,2.1,3.1,0.0,0.7,1.4,0.2,0.2,0.4,0.471,0.529,0.0,0.3,0.3,0.3,0.0,0.0,1.0,1.0,0.071
1630618,D.J. Carton,1610612761,TOR,24.0,1,16.0,0.0,0.0,0.0,9.0,0.0,0.0,0.0,0.0,0.0,0.0,0.0,0.0,0.0,0.0,0.0,0.0,0.0,0.0,0.0,0.0,0.0
1629610,DaQuan Jeffries,1610612766,CHA,27.0,45,1053.0,6.6,3.2,3.4,2.1,0.0,0.4,1.0,0.3,0.3,0.6,0.471,0.529,0.0,0.7,0.8,0.7,0.3,0.045,0.955,0.955,0.364
1631342,Daeqwon Plowden,1610612737,ATL,26.0,4,63.0,5.7,2.3,3.4,0.6,0.0,0.0,0.0,0.0,0.6,0.6,0.0,1.0,0.0,1.1,1.1,0.6,0.6,0.0,1.0,1.0,1.0
1630227,Daishen Nix,1610612750,MIN,23.0,2,7.0,5.1,0.0,5.1,0.0,0.0,5.1,10.3,0.0,0.0,0.0,0.0,0.0,0.0,0.0,0.0,0.0,0.0,0.0,0.0,0.0,0.0
1630625,Dalano Banton,1610612757,POR,25.0,63,1104.0,5.7,3.3,2.4,2.8,0.0,0.2,0.5,0.2,0.3,0.5,0.429,0.571,0.0,0.4,0.4,0.4,0.2,0.077,0.923,1.0,0.385
1631207,Dalen Terry,1610612741,CHI,22.0,67,938.0,6.8,3.8,3.0,3.8,0.0,0.5,1.0,0.6,0.3,0.9,0.652,0.348,0.0,0.6,0.6,0.5,0.0,0.0,1.0,0.933,0.067
1642261,Dalton Knecht,1610612747,LAL,24.0,71,1450.0,4.8,2.3,2.5,0.9,0.0,0.3,0.6,0.1,0.3,0.4,0.222,0.778,0.0,0.5,0.5,0.5,0.2,0.0,1.0,1.0,0.474
203081,Damian Lillard,1610612749,MIL,34.0,58,2093.0,2.6,0.8,1.9,3.0,0.0,0.2,0.3,0.3,0.2,0.5,0.556,0.444,0.0,0.3,0.3,0.3,0.2,0.0,1.0,0.947,0.474
1641878,Damion Baugh,1610612766,CHA,24.0,15,370.0,5.0,2.4,2.5,3.5,0.0,0.4,1.0,0.2,0.4,0.6,0.333,0.667,0.2,0.5,0.7,0.7,0.4,0.286,0.714,1.0,0.571
1627814,Damion Lee,1610612756,PHX,32.0,14,92.0,4.7,0.4,4.3,2.3,0.0,0.4,1.2,0.8,0.0,0.8,1.0,0.0,0.0,0.8,0.8,0.8,0.4,0.0,1.0,1.0,0.5
1629655,Daniel Gafford,1610612742,DAL,26.0,57,1226.0,13.9,10.6,3.3,2.4,0.0,4.3,9.8,0.6,0.3,0.9,0.688,0.313,1.1,1.6,2.6,2.6,1.7,0.4,0.6,0.967,0.644
1628464,Daniel Theis,1610612740,NOP,33.0,37,615.0,7.4,5.0,2.4,2.9,0.2,5.6,13.4,0.5,0.5,1.1,0.5,0.5,0.9,2.2,3.1,3.0,1.7,0.302,0.698,0.962,0.547
1642450,Daniss Jenkins,1610612765,DET,23.0,3,16.0,6.8,2.3,4.5,2.3,0.0,0.0,0.0,0.0,0.0,0.0,0.0,0.0,0.0,0.0,0.0,0.0,0.0,0.0,0.0,0.0,0.0
203957,Danté Exum,1610612742,DAL,29.0,20,372.0,4.5,2.4,2.1,1.4,0.2,0.8,1.9,0.1,0.4,0.5,0.2,0.8,0.0,0.2,0.2,0.2,0.2,0.0,1.0,1.0,1.0
203967,Dario Šarić,1610612743,DEN,31.0,15,207.0,10.3,8.0,2.3,2.4,0.0,3.3,8.2,0.7,0.7,1.4,0.5,0.5,0.5,1.9,2.4,2.4,1.2,0.214,0.786,1.0,0.5
1641727,Dariq Whitehead,1610612751,BKN,20.0,15,240.0,4.5,1.4,3.2,1.4,0.0,0.5,1.1,0.0,0.3,0.3,0.0,1.0,0.0,0.3,0.3,0.3,0.2,0.0,1.0,1.0,0.5
1629636,Darius Garland,1610612739,CLE,25.0,74,2284.0,3.0,1.5,1.5,2.3,0.0,0.3,0.6,0.4,0.2,0.6,0.641,0.359,0.0,0.1,0.1,0.1,0.0,0.0,1.0,0.857,0.286
1630561,David Duke Jr.,1610612759,SAS,25.0,4,26.0,1.4,0.0,1.4,1.4,0.0,0.0,0.0,1.4,2.8,4.2,0.333,0.667,0.0,2.8,2.8,2.8,1.4,0.0,1.0,1.0,0.5
1631223,David Roddy,1610612745,HOU,24.0,30,405.0,6.9,4.1,2.8,1.9,0.0,0.8,2.1,0.3,0.4,0.6,0.429,0.571,0.1,0.8,0.9,0.9,0.4,0.1,0.9,1.0,0.4
1630558,Davion Mitchell,1610612748,MIA,26.0,71,1993.0,3.1,1.0,2.0,2.5,0.2,0.4,1.0,0.2,0.5,0.7,0.325,0.675,0.0,0.4,0.4,0.4,0.1,0.0,1.0,1.0,0.13
1630549,Day'Ron Sharpe,1610612751,BKN,23.0,50,907.0,8.5,6.0,2.5,2.9,0.0,3.9,8.6,0.5,0.3,0.8,0.619,0.381,1.4,2.1,3.5,3.5,2.3,0.404,0.596,0.989,0.67
1628368,De'Aaron Fox,1610612759,SAS,27.0,62,2241.0,4.5,1.5,3.0,3.1,0.0,0.3,0.6,0.4,0.3,0.7,0.537,0.463,0.0,0.2,0.2,0.2,0.1,0.0,1.0,1.0,0.333
1629631,De'Andre Hunter,1610612739,CLE,27.0,64,1740.0,5.3,2.2,3.1,1.8,0.0,0.5,1.4,0.3,0.3,0.6,0.448,0.552,0.1,0.9,1.0,0.9,0.4,0.106,0.894,0.957,0.447
1629001,De'Anthony Melton,1610612751,BKN,27.0,6,121.0,2.1,0.9,1.2,4.5,0.0,0.6,1.2,0.6,0.3,0.9,0.667,0.333,0.3,0.3,0.6,0.6,0.6,0.5,0.5,1.0,1.0
201599,DeAndre Jordan,1610612743,DEN,36.0,56,691.0,6.9,5.2,1.7,1.5,0.0,5.6,12.8,0.4,0.2,0.6,0.727,0.273,1.6,2.0,3.6,3.5,2.9,0.449,0.551,0.971,0.812
201942,DeMar DeRozan,1610612758,SAC,35.0,77,2768.0,3.4,1.5,1.9,1.7,0.1,0.2,0.5,0.2,0.2,0.4,0.441,0.559,0.0,0.5,0.5,0.5,0.2,0.026,0.974,1.0,0.308
1629731,Dean Wade,1610612739,CLE,28.0,58,1249.0,7.2,5.4,1.8,3.1,0.0,1.3,3.1,0.3,0.4,0.6,0.409,0.591,0.1,1.4,1.5,1.4,0.5,0.039,0.961,0.98,0.373
1629028,Deandre Ayton,1610612757,POR,26.0,40,1206.0,9.3,6.1,3.1,1.6,0.0,4.9,11.3,0.4,0.0,0.5,0.938,0.063,0.4,1.4,1.8,1.7,1.2,0.233,0.767,0.967,0.667
1627749,Dejounte Murray,1610612740,NOP,28.0,31,1012.0,3.8,1.8,2.0,3.8,0.0,0.2,0.6,0.1,0.4,0.6,0.25,0.75,0.0,0.3,0.3,0.3,0.2,0.111,0.889,1.0,0.667
1626153,Delon Wright,1610612752,NYK,33.0,37,629.0,3.6,1.9,1.7,3.8,0.1,0.2,0.6,0.3,0.5,0.7,0.385,0.615,0.0,0.1,0.1,0.1,0.0,0.0,1.0,1.0,0.0
1630166,Deni Avdija,1610612757,POR,24.0,72,2161.0,6.4,4.0,2.4,2.0,0.0,0.3,0.7,0.4,0.3,0.7,0.578,0.422,0.1,0.4,0.5,0.4,0.2,0.143,0.857,0.964,0.393
203471,Dennis Schröder,1610612765,DET,31.0,75,2105.0,3.6,1.8,1.9,2.3,0.1,0.3,0.6,0.4,0.5,0.9,0.481,0.519,0.0,0.3,0.3,0.3,0.1,0.0,1.0,1.0,0.25
1641726,Dereck Lively II,1610612742,DAL,21.0,36,833.0,14.3,11.0,3.3,2.4,0.0,4.2,9.9,0.5,0.0,0.6,0.923,0.077,0.9,1.7,2.6,2.5,1.7,0.333,0.667,1.0,0.661
1627884,Derrick Jones Jr.,1610612746,LAC,28.0,77,1873.0,4.6,2.5,2.1,2.7,0.0,1.1,2.6,0.4,0.3,0.8,0.561,0.439,0.0,0.8,0.8,0.8,0.3,0.024,0.976,0.976,0.381
1628401,Derrick White,1610612738,BOS,30.0,76,2574.0,7.4,4.4,3.0,2.2,0.1,0.4,0.9,0.4,0.4,0.8,0.466,0.534,0.0,0.1,0.1,0.1,0.0,0.111,0.889,0.889,0.111
1630217,Desmond Bane,1610612753,ORL,27.0,69,2205.0,4.5,2.4,2.1,2.1,0.0,0.2,0.4,0.4,0.4,0.8,0.5,0.5,0.1,0.5,0.5,0.5,0.2,0.125,0.875,0.938,0.469
1626164,Devin Booker,1610612756,PHX,28.0,75,2795.0,3.2,1.8,1.4,1.5,0.0,0.4,0.9,0.5,0.3,0.8,0.587,0.413,0.0,0.5,0.5,0.5,0.1,0.051,0.949,0.974,0.256
1642269,Devin Carter,1610612758,SAC,23.0,33,387.0,5.2,2.4,2.8,3.4,0.2,0.0,0.0,0.7,0.3,0.9,0.7,0.3,0.0,0.2,0.2,0.2,0.2,0.0,1.0,1.0,1.0
1630170,Devin Vassell,1610612759,SAS,24.0,64,1983.0,3.8,2.2,1.7,2.7,0.0,0.1,0.3,0.3,0.4,0.7,0.439,0.561,0.0,0.2,0.2,0.2,0.1,0.0,1.0,1.0,0.667
1628415,Dillon Brooks,1610612745,HOU,29.0,75,2388.0,4.3,2.3,1.9,2.1,0.1,0.7,1.7,0.1,0.2,0.3,0.429,0.571,0.1,0.6,0.7,0.7,0.3,0.13,0.87,1.0,0.5
1641794,Dillon Jones,1610612760,OKC,23.0,47,531.0,4.3,2.4,1.9,3.3,0.0,0.9,1.9,0.3,0.5,0.8,0.417,0.583,0.2,0.8,1.0,1.0,0.6,0.2,0.8,1.0,0.6
1627734,Domantas Sabonis,1610612758,SAC,29.0,70,2429.0,7.6,5.8,1.8,1.9,0.0,6.2,13.9,0.4,0.3,0.7,0.571,0.429,1.2,1.9,3.1,3.1,2.2,0.378,0.627,0.981,0.714
1631230,Dominick Barlow,1610612737,ATL,22.0,32,368.0,12.9,9.4,3.5,2.9,0.0,4.7,10.5,0.4,0.6,1.0,0.4,0.6,0.0,0.7,0.7,0.7,0.3,0.0,1.0,1.0,0.429
1642270,Donovan Clingan,1610612757,POR,21.0,67,1324.0,17.7,13.2,4.5,2.0,0.0,5.0,11.7,0.2,0.2,0.4,0.563,0.438,1.1,1.2,2.3,2.3,1.6,0.471,0.529,0.988,0.682
1628378,Donovan Mitchell,1610612739,CLE,28.0,70,2210.0,3.1,1.3,1.8,2.8,0.0,0.2,0.4,0.5,0.5,0.9,0.509,0.491,0.0,0.5,0.5,0.5,0.2,0.032,0.968,0.968,0.387
1628978,Donte DiVincenzo,1610612750,MIN,28.0,62,1606.0,3.7,1.8,1.9,3.5,0.0,0.5,1.4,0.3,0.5,0.8,0.333,0.667,0.0,0.3,0.3,0.3,0.2,0.067,0.933,0.933,0.467
1627827,Dorian Finney-Smith,1610612747,LAL,32.0,63,1819.0,5.6,3.6,2.0,2.0,0.0,1.3,3.1,0.2,0.3,0.6,0.393,0.607,0.1,0.9,1.0,0.9,0.3,0.122,0.878,0.98,0.347
203926,Doug McDermott,1610612758,SAC,33.0,31,297.0,6.9,3.4,3.5,1.1,0.0,0.8,1.7,0.0,0.0,0.0,0.0,0.0,0.0,0.5,0.5,0.5,0.0,0.0,1.0,1.0,0.0
203110,Draymond Green,1610612744,GSW,35.0,68,1983.0,11.2,6.8,4.4,3.3,0.3,2.3,6.0,0.4,0.4,0.8,0.489,0.511,0.2,1.8,1.9,1.9,1.1,0.093,0.907,0.972,0.579
1629234,Drew Eubanks,1610612746,LAC,28.0,58,740.0,10.1,7.3,2.8,1.8,0.0,4.5,11.3,0.3,0.1,0.4,0.778,0.222,0.6,1.4,2.0,1.9,1.0,0.293,0.707,0.951,0.512
1641809,Drew Peterson,1610612738,BOS,25.0,19,175.0,3.9,2.1,1.9,3.5,0.0,0.6,1.6,0.0,0.6,0.6,0.0,1.0,0.0,1.4,1.4,1.4,0.2,0.0,1.0,1.0,0.143
1631166,Drew Timme,1610612751,BKN,24.0,9,254.0,7.5,4.4,3.1,1.6,0.3,1.8,4.7,0.1,0.3,0.4,0.333,0.667,0.4,1.6,2.0,2.0,1.1,0.214,0.786,1.0,0.571
1630696,Dru Smith,1610612748,MIA,27.0,14,268.0,5.9,3.2,2.7,6.2,0.5,0.4,1.1,0.5,0.8,1.3,0.4,0.6,0.0,0.4,0.4,0.4,0.3,0.0,1.0,1.0,0.667
1629130,Duncan Robinson,1610612748,MIA,31.0,72,1756.0,4.1,2.2,1.9,2.1,0.2,1.1,2.3,0.1,0.3,0.4,0.316,0.684,0.0,0.6,0.6,0.5,0.2,0.0,1.0,0.897,0.276
1641871,Duop Reath,1610612757,POR,29.0,39,448.0,13.0,9.6,3.5,1.6,0.0,3.1,7.6,0.3,0.2,0.6,0.571,0.429,0.5,1.3,1.8,1.7,0.5,0.273,0.727,0.955,0.273
203939,Dwight Powell,1610612742,DAL,33.0,48,541.0,12.9,9.5,3.4,3.0,0.2,5.0,11.3,0.5,0.2,0.7,0.7,0.3,0.4,1.7,2.1,2.1,0.6,0.194,0.806,1.0,0.29
1630700,Dyson Daniels,1610612737,ATL,22.0,76,2571.0,6.5,3.4,3.0,6.3,0.0,0.5,1.1,0.5,0.6,1.1,0.43,0.57,0.1,0.3,0.4,0.3,0.2,0.2,0.8,0.96,0.52
1630604,E.J. Liddell,1610612741,CHI,24.0,8,46.0,10.2,7.8,2.3,1.6,0.0,2.3,5.5,0.8,0.0,0.8,1.0,0.0,0.0,1.6,1.6,1.6,1.6,0.0,1.0,1.0,1.0
203901,Elfrid Payton,1610612740,NOP,31.0,23,487.0,3.3,2.1,1.2,3.1,0.0,0.4,1.0,0.1,0.1,0.3,0.5,0.5,0.0,0.4,0.4,0.4,0.2,0.0,1.0,1.0,0.5
1641989,Elijah Harkless,1610612762,UTA,25.0,8,126.0,5.4,2.6,2.9,4.6,0.3,0.6,1.4,0.6,0.6,1.1,0.5,0.5,0.0,0.9,0.9,0.9,0.3,0.0,1.0,1.0,0.333
1641801,Emanuel Miller,1610612741,CHI,25.0,3,18.0,6.0,2.0,4.0,2.0,0.0,0.0,0.0,0.0,0.0,0.0,0.0,0.0,2.0,0.0,2.0,2.0,2.0,1.0,0.0,1.0,1.0
1641734,Emoni Bates,1610612739,CLE,21.0,6,62.0,4.6,3.5,1.2,1.2,0.0,1.7,4.6,0.6,0.0,0.6,1.0,0.0,0.0,1.2,1.2,1.2,0.0,0.0,1.0,1.0,0.0
1642402,Enrique Freeman,1610612754,IND,24.0,18,171.0,9.9,5.7,4.2,1.5,0.0,2.1,4.4,0.4,0.0,0.4,1.0,0.0,0.2,1.7,1.9,1.9,0.6,0.111,0.889,1.0,0.333
201569,Eric Gordon,1610612755,PHI,36.0,37,753.0,3.0,1.2,1.7,2.4,0.0,0.6,1.5,0.2,0.2,0.5,0.5,0.5,0.0,0.4,0.4,0.4,0.0,0.0,1.0,1.0,0.0
1630596,Evan Mobley,1610612739,CLE,24.0,71,2167.0,12.4,8.5,3.9,2.0,0.0,2.7,6.5,0.6,0.4,0.9,0.614,0.386,0.3,1.6,1.9,1.9,1.3,0.181,0.828,0.966,0.667
1630532,Franz Wagner,1610612753,ORL,23.0,60,2023.0,4.6,2.5,2.0,2.4,0.1,0.4,0.8,0.2,0.5,0.7,0.35,0.65,0.0,0.4,0.5,0.5,0.3,0.074,0.926,0.963,0.593
1627832,Fred VanVleet,1610612745,HOU,31.0,60,2111.0,2.8,1.2,1.6,3.1,0.0,0.8,1.7,0.3,0.4,0.8,0.422,0.578,0.0,0.5,0.5,0.5,0.2,0.0,1.0,1.0,0.393
1641713,GG Jackson,1610612763,MEM,20.0,27,447.0,6.2,3.5,2.7,1.9,0.0,0.5,1.0,0.5,0.3,0.8,0.6,0.4,0.1,0.4,0.5,0.5,0.2,0.167,0.833,1.0,0.5
1629216,Gabe Vincent,1610612747,LAL,29.0,72,1527.0,4.9,2.8,2.1,2.4,0.3,0.4,1.0,0.3,0.4,0.7,0.4,0.6,0.0,0.6,0.7,0.6,0.0,0.036,0.964,0.893,0.071
202066,Garrett Temple,1610612761,TOR,39.0,19,202.0,5.3,3.0,2.3,6.8,0.2,0.7,1.6,0.4,0.4,0.7,0.5,0.5,0.0,0.4,0.4,0.4,0.0,0.0,1.0,1.0,0.0
1629726,Garrison Mathews,1610612737,ATL,28.0,42,801.0,5.7,3.0,2.7,2.0,0.4,0.3,0.7,0.4,0.2,0.5,0.667,0.333,0.0,0.5,0.6,0.6,0.2,0.077,0.923,1.0,0.385
203914,Gary Harris,1610612753,ORL,30.0,44,662.0,3.5,1.5,2.0,3.9,0.0,0.9,2.2,0.5,0.3,0.9,0.625,0.375,0.0,0.5,0.5,0.4,0.1,0.0,1.0,0.778,0.111
1627780,Gary Payton II,1610612744,GSW,32.0,61,921.0,4.2,2.3,1.8,5.0,0.0,1.3,3.4,0.6,0.6,1.2,0.516,0.484,0.1,0.8,0.9,0.9,0.3,0.091,0.909,1.0,0.364
1629018,Gary Trent Jr.,1610612749,MIL,26.0,73,1870.0,2.1,0.6,1.4,3.1,0.0,0.2,0.5,0.1,0.2,0.4,0.368,0.632,0.0,0.1,0.1,0.1,0.0,0.167,0.833,1.0,0.333
1627777,Georges Niang,1610612737,ATL,32.0,78,1684.0,4.7,2.6,2.1,1.6,0.1,1.6,4.1,0.4,0.2,0.6,0.607,0.393,0.0,1.3,1.3,1.3,0.4,0.032,0.968,0.984,0.339
203507,Giannis Antetokounmpo,1610612749,MIL,30.0,67,2289.0,5.7,3.1,2.5,1.7,0.0,2.3,5.4,0.5,0.2,0.7,0.727,0.273,0.3,0.7,0.9,0.9,0.7,0.283,0.717,0.95,0.75
1629048,Goga Bitadze,1610612753,ORL,25.0,70,1429.0,11.3,7.7,3.5,2.9,0.0,4.2,9.4,0.3,0.4,0.7,0.481,0.519,1.1,1.6,2.7,2.7,1.8,0.398,0.602,0.981,0.648
1641711,Gradey Dick,1610612761,TOR,21.0,54,1587.0,2.4,1.0,1.4,2.4,0.1,0.4,0.8,0.4,0.4,0.7,0.485,0.515,0.0,0.3,0.3,0.3,0.1,0.0,1.0,1.0,0.429
1629684,Grant Williams,1610612766,CHA,26.0,16,479.0,9.3,6.2,3.2,2.0,0.4,2.9,7.5,0.3,0.5,0.8,0.364,0.636,0.4,2.3,2.7,2.7,0.8,0.139,0.861,1.0,0.306
1628960,Grayson Allen,1610612756,PHX,29.0,63,1532.0,4.3,2.2,2.2,2.0,0.0,0.5,1.1,0.4,0.5,0.9,0.459,0.541,0.0,0.6,0.6,0.6,0.2,0.0,1.0,1.0,0.36
1627824,Guerschon Yabusele,1610612755,PHI,29.0,70,1895.0,4.8,3.3,1.6,2.6,0.2,3.2,7.6,0.3,0.5,0.7,0.368,0.632,0.9,1.3,2.2,2.1,1.2,0.404,0.596,0.982,0.544
1630611,Gui Santos,1610612744,GSW,23.0,52,748.0,7.7,4.2,3.5,3.0,0.0,0.6,1.6,0.6,0.6,1.2,0.5,0.5,0.2,1.6,1.9,1.9,0.8,0.128,0.872,1.0,0.41
203084,Harrison Barnes,1610612759,SAS,33.0,81,2209.0,5.2,2.7,2.5,1.3,0.0,0.8,1.8,0.3,0.3,0.6,0.543,0.457,0.1,0.9,1.0,1.0,0.5,0.141,0.859,0.984,0.438
1631127,Harrison Ingram,1610612759,SAS,22.0,5,35.0,6.2,4.1,2.1,13.4,0.0,2.1,6.2,0.0,1.0,1.0,0.0,1.0,0.0,0.0,0.0,0.0,0.0,0.0,0.0,0.0,0.0
1629312,Haywood Highsmith,1610612748,MIA,28.0,74,1818.0,7.3,3.8,3.6,3.3,0.0,0.8,1.9,0.3,0.3,0.6,0.516,0.484,0.2,0.6,0.8,0.7,0.3,0.275,0.725,0.9,0.425
1630529,Herbert Jones,1610612740,NOP,26.0,20,648.0,6.0,2.6,3.4,5.1,0.2,1.0,2.4,0.2,0.3,0.5,0.444,0.556,0.0,1.1,1.1,1.1,0.2,0.0,1.0,0.95,0.2
1641816,Hunter Tyson,1610612743,DEN,25.0,40,370.0,7.8,3.9,3.9,2.0,0.1,0.9,1.8,0.4,0.7,1.1,0.364,0.636,0.2,0.6,0.8,0.8,0.3,0.25,0.75,1.0,0.375
1630193,Immanuel Quickley,1610612761,TOR,26.0,32,891.0,3.9,1.9,2.0,2.0,0.0,0.4,1.0,0.0,0.4,0.4,0.091,0.909,0.0,0.4,0.4,0.3,0.1,0.0,1.0,0.889,0.222
1642403,Isaac Jones,1610612758,SAC,24.0,33,289.0,11.6,8.1,3.5,2.5,0.0,2.7,6.5,0.5,0.1,0.6,0.8,0.2,0.1,1.2,1.4,1.4,0.4,0.091,0.909,1.0,0.273
1630171,Isaac Okoro,1610612739,CLE,24.0,54,1045.0,6.1,3.3,2.8,1.7,0.1,1.3,3.3,0.4,0.4,0.9,0.5,0.5,0.1,0.9,1.0,1.0,0.4,0.1,0.9,0.933,0.4
1642268,Isaiah Collier,1610612762,UTA,20.0,69,1814.0,3.9,1.2,2.7,2.1,0.1,0.5,1.3,0.2,0.5,0.7,0.314,0.686,0.0,0.1,0.1,0.1,0.1,0.0,1.0,1.0,0.429
1642384,Isaiah Crawford,1610612758,SAC,23.0,8,30.0,7.2,6.0,1.2,4.8,0.0,1.2,2.4,0.0,0.0,0.0,0.0,0.0,0.0,4.8,4.8,4.8,3.6,0.0,1.0,1.0,0.75
1628392,Isaiah Hartenstein,1610612760,OKC,27.0,57,1590.0,11.0,7.7,3.2,3.0,0.0,5.6,12.4,0.3,0.4,0.7,0.467,0.533,0.6,2.8,3.4,3.3,2.3,0.187,0.813,0.987,0.691
1630543,Isaiah Jackson,1610612754,IND,23.0,5,84.0,11.1,8.1,3.0,2.6,0.0,3.9,9.0,0.4,0.4,0.9,0.5,0.5,0.4,0.9,1.3,1.3,0.9,0.333,0.667,1.0,0.667
1630198,Isaiah Joe,1610612760,OKC,25.0,74,1604.0,4.3,1.9,2.4,2.3,0.4,0.8,1.7,0.3,0.6,0.9,0.308,0.692,0.0,0.4,0.4,0.4,0.1,0.0,1.0,1.0,0.176
1630600,Isaiah Mobley,1610612755,PHI,25.0,1,17.0,21.2,14.8,6.4,4.2,0.0,4.2,12.7,0.0,0.0,0.0,0.0,0.0,0.0,0.0,0.0,0.0,0.0,0.0,0.0,0.0,0.0
1641815,Isaiah Stevens,1610612748,MIA,24.0,1,2.0,0.0,0.0,0.0,18.0,0.0,0.0,0.0,0.0,0.0,0.0,0.0,0.0,0.0,0.0,0.0,0.0,0.0,0.0,0.0,0.0,0.0
1630191,Isaiah Stewart,1610612765,DET,24.0,72,1434.0,15.8,12.1,3.7,1.2,0.0,5.1,12.6,0.4,0.3,0.7,0.519,0.481,1.1,1.8,2.9,2.8,1.9,0.371,0.629,0.974,0.647
1631209,Isaiah Wong,1610612766,CHA,24.0,17,251.0,3.9,1.7,2.2,3.7,0.1,0.4,0.9,0.9,0.6,1.4,0.6,0.4,0.0,0.1,0.1,0.1,0.0,0.0,1.0,1.0,0.0
1627826,Ivica Zubac,1610612746,LAC,28.0,80,2624.0,11.0,8.5,2.5,1.2,0.0,3.8,8.6,0.2,0.3,0.5,0.343,0.657,1.0,1.9,2.9,2.8,1.9,0.356,0.659,0.972,0.668
1631120,JD Davison,1610612738,BOS,22.0,10,74.0,2.9,1.5,1.5,3.9,0.0,0.5,1.5,0.0,0.5,0.5,0.0,1.0,0.0,1.0,1.0,1.0,0.5,0.0,1.0,1.0,0.5
1630550,JT Thor,1610612764,WAS,22.0,17,241.0,7.0,4.0,3.0,2.4,0.0,0.7,1.6,0.1,0.4,0.6,0.25,0.75,0.4,0.7,1.2,1.2,0.9,0.375,0.625,1.0,0.75
1629630,Ja Morant,1610612763,MEM,25.0,50,1519.0,2.5,1.2,1.2,2.7,0.1,0.1,0.3,0.3,0.4,0.7,0.379,0.621,0.0,0.3,0.3,0.3,0.1,0.0,1.0,1.0,0.429
1642266,Ja'Kobe Walter,1610612761,TOR,20.0,50,1093.0,4.2,1.6,2.6,3.0,0.1,0.6,1.4,0.4,0.5,0.9,0.423,0.577,0.1,0.4,0.4,0.4,0.2,0.154,0.846,1.0,0.385
1631095,Jabari Smith Jr.,1610612745,HOU,22.0,57,1716.0,6.3,4.1,2.2,1.5,0.0,0.7,1.7,0.3,0.3,0.5,0.538,0.462,0.4,0.7,1.0,1.0,0.6,0.34,0.66,0.98,0.56
1631133,Jabari Walker,1610612757,POR,22.0,47,702.0,5.1,2.3,2.8,2.4,0.1,2.1,4.7,0.5,0.6,1.0,0.45,0.55,0.5,0.7,1.2,1.2,0.8,0.391,0.609,1.0,0.696
1629098,Jack McVeigh,1610612745,HOU,29.0,5,34.0,12.7,8.5,4.2,0.0,0.0,1.1,2.1,0.0,1.1,1.1,0.0,1.0,0.0,0.0,0.0,0.0,0.0,0.0,0.0,0.0,0.0
1642050,Jackson Rowe,1610612744,GSW,28.0,4,47.0,4.6,3.1,1.5,4.6,0.0,0.8,1.5,0.0,0.0,0.0,0.0,0.0,0.8,3.1,3.8,3.8,1.5,0.2,0.8,1.0,0.4
1631210,Jacob Toppin,1610612737,ATL,25.0,9,59.0,7.9,4.3,3.7,3.1,0.0,0.6,1.2,0.0,0.0,0.0,0.0,0.0,0.0,1.8,1.8,1.8,1.2,0.0,1.0,1.0,0.667
1630702,Jaden Hardy,1610612742,DAL,22.0,47,839.0,3.0,1.6,1.4,1.9,0.1,0.2,0.4,0.5,0.6,1.1,0.48,0.52,0.0,0.5,0.5,0.5,0.2,0.0,1.0,1.0,0.455
1631093,Jaden Ivey,1610612765,DET,23.0,30,898.0,3.9,2.2,1.8,2.0,0.0,0.5,1.1,0.8,0.2,1.1,0.778,0.222,0.0,0.4,0.4,0.4,0.2,0.091,0.909,1.0,0.364
1630183,Jaden McDaniels,1610612750,MIN,24.0,82,2614.0,6.7,4.0,2.7,3.0,0.0,0.4,1.1,0.5,0.3,0.8,0.6,0.4,0.1,0.4,0.5,0.5,0.3,0.182,0.818,1.0,0.576
1630531,Jaden Springer,1610612762,UTA,22.0,28,329.0,2.7,1.1,1.6,4.8,0.0,0.4,1.0,0.3,0.5,0.9,0.375,0.625,0.0,0.8,0.8,0.8,0.4,0.0,1.0,1.0,0.571
203109,Jae Crowder,1610612758,SAC,34.0,7,86.0,5.0,0.8,4.2,2.1,0.0,0.4,0.8,0.0,0.8,0.8,0.0,1.0,0.0,0.8,0.8,0.8,0.0,0.0,1.0,1.0,0.0
1630256,Jae'Sean Tate,1610612745,HOU,29.0,47,576.0,6.2,2.7,3.5,3.8,0.5,1.4,3.4,0.5,0.3,0.8,0.667,0.333,0.3,1.3,1.6,1.6,0.7,0.16,0.84,1.0,0.44
1626143,Jahlil Okafor,1610612754,IND,29.0,1,3.0,24.0,12.0,12.0,0.0,0.0,0.0,0.0,0.0,12.0,12.0,0.0,1.0,0.0,0.0,0.0,0.0,0.0,0.0,0.0,0.0,0.0
1642443,Jahmir Young,1610612741,CHI,24.0,3,16.0,9.0,2.3,6.8,2.3,0.0,0.0,0.0,0.0,0.0,0.0,0.0,0.0,0.0,0.0,0.0,0.0,0.0,0.0,0.0,0.0,0.0
1631170,Jaime Jaquez Jr.,1610612748,MIA,24.0,65,1366.0,5.4,3.1,2.3,2.9,0.0,0.4,1.1,0.4,0.6,1.0,0.405,0.595,0.2,0.8,0.9,0.9,0.5,0.171,0.829,0.971,0.514
1631222,Jake LaRavia,1610612758,SAC,23.0,64,1318.0,5.2,2.4,2.8,3.8,0.0,0.4,0.8,0.5,0.7,1.2,0.395,0.605,0.1,0.4,0.5,0.5,0.3,0.118,0.882,1.0,0.588
1627751,Jakob Poeltl,1610612761,TOR,29.0,57,1686.0,10.8,8.0,2.9,3.3,0.0,4.7,10.5,0.4,0.4,0.7,0.514,0.486,0.7,1.8,2.5,2.4,1.5,0.267,0.733,0.991,0.626
1641779,Jalen Bridges,1610612756,PHX,24.0,4,14.0,0.0,0.0,0.0,2.6,0.0,2.6,5.1,0.0,0.0,0.0,0.0,0.0,0.0,5.1,5.1,5.1,2.6,0.0,1.0,1.0,0.5
1628973,Jalen Brunson,1610612752,NYK,28.0,65,2301.0,3.4,1.3,2.2,1.5,0.3,0.3,0.6,0.4,0.3,0.7,0.523,0.477,0.0,0.3,0.3,0.3,0.2,0.048,0.952,1.0,0.476
1631105,Jalen Duren,1610612765,DET,21.0,78,2034.0,11.1,8.1,3.0,1.9,0.0,5.0,11.7,0.2,0.3,0.5,0.429,0.571,1.3,1.8,3.1,3.1,2.4,0.424,0.576,0.994,0.761
1630224,Jalen Green,1610612745,HOU,23.0,82,2697.0,4.6,2.9,1.7,1.3,0.0,0.1,0.2,0.2,0.2,0.4,0.531,0.469,0.0,0.2,0.2,0.2,0.1,0.0,1.0,1.0,0.385
1641720,Jalen Hood-Schifino,1610612755,PHI,22.0,15,315.0,3.7,1.9,1.7,1.8,0.0,0.5,1.1,0.2,0.2,0.5,0.5,0.5,0.0,0.3,0.3,0.3,0.1,0.0,1.0,1.0,0.333
1630552,Jalen Johnson,1610612737,ATL,23.0,36,1284.0,5.5,3.2,2.3,2.7,0.0,0.9,2.2,0.3,0.3,0.6,0.429,0.571,0.1,0.6,0.7,0.7,0.6,0.083,0.917,1.0,0.833
1629667,Jalen McDaniels,1610612764,WAS,27.0,1,6.0,30.0,18.0,12.0,6.0,0.0,0.0,0.0,0.0,0.0,0.0,0.0,0.0,0.0,0.0,0.0,0.0,0.0,0.0,0.0,0.0,0.0
1629618,Jalen Pickett,1610612743,DEN,25.0,37,629.0,4.8,1.4,3.4,1.9,0.0,1.1,2.7,0.3,0.3,0.6,0.5,0.5,0.2,0.9,1.0,1.0,0.4,0.167,0.833,1.0,0.389
1630188,Jalen Smith,1610612741,CHI,25.0,61,952.0,9.4,7.0,2.4,0.9,0.1,2.9,6.7,0.3,0.3,0.7,0.5,0.5,0.5,2.0,2.5,2.5,1.5,0.212,0.803,1.0,0.597
1630591,Jalen Suggs,1610612753,ORL,24.0,35,1002.0,4.2,2.6,1.7,3.7,0.2,0.3,0.9,0.3,0.6,1.0,0.333,0.667,0.1,0.3,0.4,0.4,0.2,0.182,0.818,1.0,0.545
1631114,Jalen Williams,1610612760,OKC,24.0,69,2237.0,4.7,3.1,1.7,3.9,0.1,0.2,0.5,0.4,0.6,1.0,0.403,0.597,0.0,0.8,0.8,0.8,0.4,0.04,0.96,1.0,0.52
1630592,Jalen Wilson,1610612751,BKN,24.0,77,1970.0,4.2,2.2,2.0,1.2,0.0,0.4,1.0,0.3,0.3,0.6,0.485,0.515,0.1,1.0,1.2,1.2,0.5,0.125,0.875,1.0,0.406
1631288,Jamal Cain,1610612740,NOP,26.0,33,493.0,5.8,3.2,2.6,3.7,0.0,0.7,1.6,0.5,0.4,0.9,0.583,0.417,0.1,0.2,0.3,0.2,0.1,0.25,0.75,0.75,0.25
1627750,Jamal Murray,1610612743,DEN,28.0,67,2418.0,5.7,3.2,2.5,2.3,0.0,0.3,0.8,0.4,0.3,0.7,0.511,0.489,0.0,0.3,0.3,0.3,0.1,0.0,1.0,0.944,0.333
1642347,Jamal Shead,1610612761,TOR,22.0,70,1418.0,3.0,1.2,1.8,3.1,0.2,0.2,0.5,0.2,0.4,0.6,0.32,0.68,0.0,0.3,0.3,0.3,0.1,0.0,1.0,1.0,0.273
1631123,Jamaree Bouyea,1610612749,MIL,26.0,4,59.0,6.1,3.1,3.1,4.9,0.0,0.6,1.8,1.2,0.0,1.2,1.0,0.0,0.0,0.0,0.0,0.0,0.0,0.0,0.0,0.0,0.0
201935,James Harden,1610612746,LAC,35.0,79,2789.0,3.1,1.2,1.8,2.6,0.0,0.1,0.1,0.4,0.4,0.8,0.452,0.548,0.0,0.5,0.5,0.5,0.2,0.054,0.946,1.0,0.417
201949,James Johnson,1610612754,IND,38.0,5,17.0,12.7,6.4,6.4,0.0,0.0,2.1,4.2,0.0,0.0,0.0,0.0,0.0,0.0,2.1,2.1,2.1,0.0,0.0,1.0,1.0,0.0
1630164,James Wiseman,1610612754,IND,24.0,1,5.0,14.4,14.4,0.0,0.0,0.0,0.0,0.0,0.0,0.0,0.0,0.0,0.0,0.0,0.0,0.0,0.0,0.0,0.0,0.0,0.0,0.0
1642419,Jamison Battle,1610612761,TOR,24.0,56,1037.0,5.0,2.8,2.2,1.1,0.0,0.4,0.9,0.3,0.2,0.5,0.6,0.4,0.1,0.3,0.3,0.3,0.2,0.2,0.8,1.0,0.7
1641716,Jarace Walker,1610612754,IND,21.0,66,1130.0,4.8,2.5,2.2,3.4,0.0,0.2,0.3,0.1,0.3,0.4,0.333,0.667,0.1,0.4,0.5,0.5,0.4,0.133,0.933,1.0,0.733
1630215,Jared Butler,1610612755,PHI,24.0,52,996.0,5.0,2.1,2.9,3.3,0.1,0.1,0.3,0.3,0.5,0.8,0.381,0.619,0.0,0.5,0.5,0.5,0.1,0.0,1.0,1.0,0.231
1642272,Jared McCain,1610612755,PHI,21.0,20,567.0,3.1,1.4,1.7,1.7,0.0,0.2,0.4,0.4,0.3,0.7,0.545,0.455,0.0,0.4,0.4,0.4,0.1,0.0,1.0,1.0,0.143
1631197,Jared Rhoden,1610612761,TOR,25.0,9,216.0,5.7,2.8,2.8,2.7,0.0,0.5,1.3,0.0,0.0,0.0,0.0,0.0,0.0,0.2,0.2,0.2,0.2,0.0,1.0,1.0,1.0
1628991,Jaren Jackson Jr.,1610612763,MEM,25.0,73,2205.0,9.6,6.9,2.7,3.4,0.0,0.8,1.9,0.5,0.5,1.0,0.492,0.508,0.1,1.0,1.0,1.0,0.4,0.065,0.952,0.968,0.429
1629020,Jarred Vanderbilt,1610612747,LAL,26.0,36,581.0,5.3,3.8,1.5,4.6,0.0,2.4,5.9,0.7,0.4,1.1,0.647,0.353,0.5,0.7,1.2,1.2,1.0,0.421,0.579,1.0,0.842
1628386,Jarrett Allen,1610612739,CLE,27.0,81,2295.0,12.0,9.6,2.4,2.3,0.0,4.9,11.4,0.4,0.4,0.8,0.521,0.479,0.5,1.7,2.2,2.1,1.4,0.217,0.783,0.993,0.63
1629750,Javonte Green,1610612739,CLE,31.0,63,1229.0,4.7,2.5,2.2,4.7,0.0,0.9,2.1,0.5,0.4,0.9,0.548,0.452,0.1,0.4,0.5,0.5,0.2,0.125,0.875,1.0,0.438
1629637,Jaxson Hayes,1610612747,LAL,25.0,56,1093.0,10.9,7.7,3.2,2.5,0.0,4.0,9.9,0.5,0.4,0.9,0.593,0.407,0.5,1.5,2.0,2.0,1.0,0.23,0.77,0.984,0.492
1630643,Jay Huff,1610612763,MEM,27.0,58,740.0,16.1,11.3,4.8,1.1,0.0,0.8,2.0,0.2,0.1,0.3,0.714,0.286,0.1,2.2,2.3,2.2,0.8,0.042,0.958,0.958,0.354
1627759,Jaylen Brown,1610612738,BOS,28.0,63,2158.0,4.5,2.0,2.5,1.9,0.1,0.3,0.9,0.5,0.4,0.9,0.577,0.423,0.1,0.6,0.7,0.7,0.4,0.122,0.878,0.976,0.61
1641740,Jaylen Clark,1610612750,MIN,23.0,36,514.0,6.0,3.9,2.1,4.9,0.1,0.5,1.3,0.3,0.5,0.8,0.364,0.636,0.2,0.4,0.6,0.6,0.3,0.375,0.625,1.0,0.5
1641798,Jaylen Martin,1610612764,WAS,21.0,9,222.0,6.5,3.9,2.6,1.9,0.0,0.2,0.3,0.2,0.0,0.2,1.0,0.0,0.0,0.6,0.6,0.6,0.5,0.0,1.0,1.0,0.75
1629669,Jaylen Nowell,1610612740,NOP,25.0,7,165.0,3.9,2.8,1.1,2.0,0.0,0.4,1.1,0.4,0.0,0.4,1.0,0.0,0.0,0.2,0.2,0.2,0.2,0.0,1.0,1.0,1.0
1631301,Jaylen Sims,1610612766,CHA,26.0,6,112.0,4.8,1.9,2.9,1.3,0.0,0.6,1.9,0.0,0.3,0.3,0.0,1.0,0.0,0.0,0.0,0.0,0.0,0.0,0.0,0.0,0.0
1642377,Jaylen Wells,1610612763,MEM,21.0,77,2010.0,4.8,2.6,2.1,1.3,0.1,0.2,0.5,0.4,0.3,0.6,0.571,0.429,0.0,0.4,0.5,0.4,0.1,0.038,0.962,0.96,0.16
1631119,Jaylin Williams,1610612760,OKC,23.0,47,784.0,13.2,8.2,5.0,2.5,0.6,2.9,6.8,0.5,0.2,0.6,0.714,0.286,0.2,2.6,2.8,2.8,1.5,0.066,0.934,1.0,0.525
1642281,Jaylon Tyson,1610612739,CLE,22.0,36,422.0,7.6,3.8,3.8,2.0,0.1,0.7,1.6,0.3,0.3,0.6,0.571,0.429,0.5,1.3,1.8,1.8,0.9,0.286,0.714,1.0,0.524
1628369,Jayson Tatum,1610612738,BOS,27.0,72,2624.0,3.2,1.4,1.8,2.1,0.0,0.4,1.1,0.3,0.3,0.6,0.556,0.444,0.0,0.5,0.6,0.5,0.3,0.07,0.93,0.93,0.558
1641789,Jazian Gortman,1610612742,DAL,22.0,6,39.0,6.5,3.7,2.8,3.7,0.0,0.9,1.8,0.9,0.0,0.9,1.0,0.0,0.0,0.0,0.0,0.0,0.0,0.0,0.0,0.0,0.0
1630288,Jeff Dowtin Jr.,1610612755,PHI,28.0,28,545.0,3.4,2.0,1.5,3.0,0.0,0.3,0.7,0.1,0.5,0.5,0.125,0.875,0.0,0.2,0.2,0.2,0.1,0.0,1.0,1.0,0.667
201145,Jeff Green,1610612745,HOU,38.0,30,386.0,6.5,3.8,2.7,1.4,0.1,2.1,5.4,0.1,0.4,0.5,0.2,0.8,0.1,0.7,0.7,0.7,0.4,0.125,0.875,1.0,0.5
203924,Jerami Grant,1610612757,POR,31.0,47,1524.0,4.6,2.6,2.0,2.5,0.1,0.2,0.5,0.3,0.4,0.6,0.423,0.577,0.0,0.3,0.4,0.3,0.1,0.067,0.933,0.933,0.2
1630526,Jeremiah Robinson-Earl,1610612740,NOP,24.0,65,1237.0,7.2,3.6,3.7,2.0,0.0,1.3,3.1,0.4,0.5,0.9,0.484,0.516,0.5,1.2,1.6,1.6,1.0,0.286,0.714,0.964,0.607
1631110,Jeremy Sochan,1610612759,SAS,22.0,54,1364.0,7.6,4.9,2.7,2.3,0.0,2.9,6.5,0.3,0.4,0.8,0.448,0.552,0.3,0.6,0.9,0.9,0.5,0.353,0.647,1.0,0.559
1630579,Jericho Sims,1610612749,MIL,26.0,47,622.0,10.5,7.7,2.8,1.4,0.0,5.7,13.4,0.4,0.3,0.7,0.583,0.417,1.6,2.5,4.1,3.9,2.7,0.386,0.614,0.971,0.671
1642399,Jesse Edwards,1610612750,MIN,25.0,1,3.0,0.0,0.0,0.0,0.0,0.0,0.0,0.0,12.0,0.0,12.0,1.0,0.0,0.0,0.0,0.0,0.0,0.0,0.0,0.0,0.0,0.0
1641724,Jett Howard,1610612753,ORL,21.0,49,639.0,6.0,3.4,2.6,1.2,0.0,0.4,0.9,0.3,0.2,0.6,0.6,0.4,0.1,0.2,0.2,0.2,0.1,0.25,0.75,1.0,0.5
1628975,Jevon Carter,1610612741,CHI,29.0,26,283.0,4.5,1.0,3.4,2.4,0.0,0.6,1.4,0.4,0.1,0.5,0.75,0.25,0.0,0.4,0.4,0.4,0.1,0.0,1.0,1.0,0.333
202710,Jimmy Butler III,1610612744,GSW,35.0,54,1739.0,3.8,2.0,1.8,3.3,0.0,1.2,2.9,0.6,0.4,1.0,0.596,0.404,0.3,0.6,0.9,0.9,0.5,0.326,0.674,1.0,0.558
1629111,Jock Landale,1610612745,HOU,29.0,40,495.0,9.9,7.9,2.0,1.4,0.1,6.1,14.3,0.5,0.2,0.7,0.7,0.3,1.2,2.4,3.6,3.6,2.0,0.34,0.66,1.0,0.54
204060,Joe Ingles,1610612750,MIN,37.0,13,108.0,3.3,1.0,2.3,2.3,0.0,1.7,3.7,0.3,0.7,1.0,0.333,0.667,0.0,0.3,0.3,0.3,0.0,0.0,1.0,1.0,0.0
203954,Joel Embiid,1610612755,PHI,31.0,19,574.0,9.5,6.2,3.3,1.8,0.0,3.1,7.7,0.6,0.2,0.8,0.75,0.25,0.4,2.0,2.4,2.4,1.4,0.179,0.821,1.0,0.564
1628381,John Collins,1610612762,UTA,27.0,40,1221.0,6.6,3.6,3.0,1.9,0.1,1.8,4.5,0.5,0.3,0.8,0.667,0.333,0.3,0.8,1.1,1.1,0.6,0.263,0.737,0.974,0.553
1629723,John Konchar,1610612763,MEM,29.0,35,524.0,6.3,3.2,3.1,3.9,0.1,0.3,0.8,0.4,0.5,1.0,0.429,0.571,0.1,0.6,0.7,0.7,0.2,0.1,0.9,1.0,0.3
1631098,Johnny Davis,1610612764,WAS,23.0,20,184.0,4.3,2.2,2.2,5.3,0.0,0.8,1.8,0.4,1.2,1.6,0.25,0.75,0.2,0.4,0.6,0.6,0.4,0.333,0.667,1.0,0.667
1642277,Johnny Furphy,1610612754,IND,20.0,36,353.0,7.3,4.2,3.2,4.1,0.1,0.6,1.4,0.5,0.5,1.0,0.5,0.5,0.0,0.5,0.5,0.5,0.3,0.0,1.0,1.0,0.6
1630548,Johnny Juzang,1610612762,UTA,24.0,64,1270.0,6.2,3.8,2.5,1.9,0.1,0.5,1.4,0.5,0.2,0.7,0.696,0.304,0.0,0.5,0.5,0.5,0.2,0.0,1.0,1.0,0.333
202685,Jonas Valančiūnas,1610612758,SAC,33.0,81,1524.0,10.3,7.4,2.8,1.7,0.0,5.1,12.1,0.4,0.1,0.4,0.789,0.211,1.6,2.3,3.9,3.9,2.6,0.415,0.585,1.0,0.659
1628371,Jonathan Isaac,1610612753,ORL,27.0,70,1081.0,9.5,7.3,2.2,3.9,0.0,1.5,3.4,0.5,0.3,0.8,0.625,0.375,1.3,0.8,2.1,2.1,1.4,0.619,0.381,1.0,0.683
1630228,Jonathan Kuminga,1610612744,GSW,22.0,47,1144.0,5.4,3.1,2.2,2.3,0.1,0.5,1.4,0.5,0.4,0.9,0.571,0.429,0.2,0.7,0.9,0.9,0.5,0.214,0.786,1.0,0.607
1642367,Jonathan Mogbo,1610612761,TOR,23.0,62,1285.0,7.0,4.1,2.9,4.2,0.0,1.6,3.6,0.4,0.3,0.7,0.577,0.423,0.1,1.1,1.2,1.2,0.6,0.07,0.93,1.0,0.465
203903,Jordan Clarkson,1610612762,UTA,33.0,37,962.0,3.1,1.4,1.7,1.9,0.0,0.7,1.8,0.7,0.2,0.9,0.75,0.25,0.0,0.4,0.4,0.4,0.1,0.0,1.0,1.0,0.4
1630692,Jordan Goodwin,1610612747,LAL,26.0,29,543.0,3.5,2.0,1.5,4.1,0.0,0.8,2.0,0.5,0.7,1.3,0.421,0.579,0.2,0.9,1.1,1.1,0.4,0.176,0.824,1.0,0.353
1641722,Jordan Hawkins,1610612740,NOP,23.0,55,1311.0,5.5,2.5,3.1,1.5,0.0,0.3,0.7,0.2,0.3,0.5,0.421,0.579,0.0,0.2,0.2,0.2,0.1,0.0,1.0,1.0,0.625
1629162,Jordan McLaughlin,1610612759,SAS,29.0,34,279.0,4.1,2.1,2.1,3.7,0.3,0.8,1.9,0.6,1.0,1.7,0.385,0.615,0.0,0.4,0.4,0.4,0.1,0.0,1.0,1.0,0.333
1641757,Jordan Miller,1610612746,LAC,25.0,25,369.0,5.1,2.0,3.0,2.6,0.0,0.4,0.9,0.2,0.1,0.3,0.667,0.333,0.0,0.6,0.6,0.6,0.0,0.0,1.0,1.0,0.0
1629673,Jordan Poole,1610612764,WAS,26.0,66,1966.0,3.6,1.1,2.5,2.1,0.0,0.6,1.4,0.3,0.4,0.7,0.475,0.525,0.0,0.1,0.2,0.2,0.1,0.222,0.778,1.0,0.556
1641775,Jordan Walsh,1610612738,BOS,21.0,38,360.0,6.9,4.1,2.8,1.9,0.1,0.5,1.4,0.8,0.4,1.2,0.667,0.333,0.1,1.2,1.3,1.2,0.5,0.077,0.923,0.923,0.385
1630631,Jose Alvarado,1610612740,NOP,27.0,55,1338.0,2.2,0.6,1.5,3.9,0.1,0.3,0.8,0.5,0.5,1.0,0.472,0.528,0.0,0.4,0.4,0.4,0.0,0.0,1.0,1.0,0.067
1630528,Josh Christopher,1610612748,MIA,23.0,3,49.0,6.6,3.7,2.9,5.1,0.0,0.7,1.5,0.0,2.2,2.2,0.0,1.0,0.0,0.0,0.0,0.0,0.0,0.0,0.0,0.0,0.0
1630581,Josh Giddey,1610612741,CHI,22.0,69,2093.0,6.2,3.1,3.2,2.6,0.0,0.4,1.0,0.5,0.4,0.9,0.547,0.453,0.1,0.2,0.2,0.2,0.2,0.214,0.786,1.0,0.643
1630182,Josh Green,1610612766,CHA,24.0,68,1888.0,3.8,2.0,1.7,2.4,0.0,0.7,1.7,0.4,0.4,0.8,0.452,0.548,0.0,0.2,0.2,0.2,0.1,0.0,1.0,1.0,0.25
1628404,Josh Hart,1610612752,NYK,30.0,77,2897.0,4.7,1.9,2.8,2.7,0.0,1.6,3.6,0.4,0.6,1.1,0.402,0.598,0.1,0.5,0.6,0.6,0.4,0.133,0.867,1.0,0.667
1631169,Josh Minott,1610612750,MIN,22.0,35,260.0,8.0,3.7,4.3,4.3,0.0,0.3,0.8,0.1,0.6,0.7,0.2,0.8,0.0,0.4,0.4,0.4,0.3,0.0,1.0,1.0,0.667
1629006,Josh Okogie,1610612766,CHA,26.0,37,604.0,4.4,2.7,1.7,4.8,0.0,0.4,0.8,0.6,0.8,1.4,0.435,0.565,0.3,0.7,1.0,1.0,0.6,0.294,0.706,0.941,0.588
1626196,Josh Richardson,1610612748,MIA,31.0,8,149.0,3.6,1.7,1.9,2.7,0.0,0.7,1.7,0.2,0.0,0.2,1.0,0.0,0.0,0.5,0.5,0.5,0.2,0.0,1.0,1.0,0.5
201950,Jrue Holiday,1610612738,BOS,35.0,62,1896.0,4.1,1.9,2.2,2.5,0.0,0.8,2.0,0.4,0.4,0.9,0.489,0.511,0.1,0.7,0.8,0.8,0.2,0.114,0.886,0.977,0.273
1630577,Julian Champagnie,1610612759,SAS,24.0,82,1932.0,5.8,2.9,2.8,2.2,0.0,0.5,1.2,0.3,0.2,0.5,0.519,0.481,0.0,0.6,0.7,0.6,0.2,0.029,0.971,0.971,0.371
1641763,Julian Phillips,1610612741,CHI,21.0,73,1081.0,5.5,3.0,2.5,2.5,0.0,0.6,1.4,0.3,0.5,0.8,0.391,0.609,0.0,0.7,0.8,0.8,0.3,0.043,0.957,1.0,0.435
1631124,Julian Strawther,1610612743,DEN,23.0,65,1384.0,6.1,3.4,2.8,2.2,0.0,0.7,1.7,0.2,0.4,0.6,0.261,0.739,0.0,0.6,0.6,0.6,0.1,0.0,1.0,1.0,0.167
203944,Julius Randle,1610612750,MIN,30.0,68,2215.0,5.8,3.4,2.4,1.7,0.0,1.9,4.9,0.7,0.3,1.0,0.689,0.311,0.4,1.0,1.4,1.4,1.0,0.256,0.744,0.988,0.686
1630551,Justin Champagnie,1610612764,WAS,24.0,57,1321.0,6.9,4.0,2.9,2.9,0.0,0.2,0.5,0.3,0.4,0.7,0.4,0.6,0.1,0.4,0.5,0.5,0.4,0.278,0.722,1.0,0.889
1642348,Justin Edwards,1610612755,PHI,21.0,43,1151.0,4.2,2.2,2.0,3.1,0.0,0.4,0.8,0.3,0.3,0.7,0.524,0.476,0.1,0.4,0.5,0.5,0.4,0.188,0.813,1.0,0.75
1631303,Justin Minaya,1610612757,POR,26.0,8,77.0,7.0,4.2,2.8,5.1,0.0,0.5,1.4,0.0,0.5,0.5,0.0,1.0,0.0,0.5,0.5,0.5,0.0,0.0,1.0,1.0,0.0
203994,Jusuf Nurkić,1610612766,CHA,30.0,51,1063.0,10.7,7.7,2.9,3.3,0.0,5.8,13.6,0.7,0.6,1.4,0.55,0.45,0.8,2.3,3.1,3.0,2.3,0.269,0.731,0.968,0.731
1630231,KJ Martin,1610612762,UTA,24.0,41,908.0,6.9,3.8,3.1,1.5,0.0,1.1,2.6,0.4,0.3,0.7,0.529,0.471,0.0,0.8,0.8,0.8,0.3,0.0,1.0,1.0,0.368
1642354,KJ Simpson,1610612766,CHA,22.0,36,842.0,3.9,1.8,2.1,3.0,0.0,0.8,1.8,0.5,0.3,0.8,0.667,0.333,0.0,0.3,0.3,0.3,0.1,0.0,1.0,1.0,0.333
1630539,Kai Jones,1610612742,DAL,24.0,35,458.0,9.0,7.0,2.0,3.5,0.0,4.3,9.4,0.6,0.3,0.9,0.636,0.364,0.2,0.6,0.8,0.8,0.4,0.3,0.7,1.0,0.5
1626157,Karl-Anthony Towns,1610612752,NYK,29.0,72,2517.0,7.5,5.7,1.8,2.1,0.0,2.5,5.8,0.3,0.3,0.7,0.522,0.478,0.6,2.3,2.8,2.8,2.0,0.202,0.798,0.98,0.706
1631255,Karlo Matković,1610612740,NOP,24.0,42,791.0,12.9,9.4,3.5,2.8,0.0,3.3,7.7,0.3,0.6,0.9,0.35,0.65,0.5,2.4,2.9,2.9,1.6,0.159,0.841,1.0,0.571
202695,Kawhi Leonard,1610612746,LAC,34.0,37,1180.0,4.0,1.7,2.3,3.5,0.0,0.2,0.5,0.4,0.5,0.9,0.414,0.586,0.0,0.5,0.5,0.5,0.3,0.0,1.0,1.0,0.588
1630811,Keaton Wallace,1610612737,ATL,26.0,27,491.0,6.2,2.8,3.4,3.9,0.0,0.9,2.0,0.4,0.3,0.7,0.556,0.444,0.0,0.2,0.2,0.2,0.0,0.0,1.0,1.0,0.0
1631099,Keegan Murray,1610612758,SAC,24.0,76,2610.0,7.7,4.5,3.2,1.5,0.2,0.6,1.2,0.2,0.4,0.6,0.364,0.636,0.3,0.8,1.1,1.0,0.6,0.256,0.744,0.974,0.519
1631232,Keion Brooks Jr.,1610612740,NOP,24.0,12,322.0,6.0,3.6,2.5,2.1,0.0,0.2,0.6,0.1,0.3,0.4,0.25,0.75,0.0,0.4,0.4,0.4,0.3,0.0,1.0,1.0,0.75
1642276,Kel'el Ware,1610612748,MIA,21.0,62,1419.0,8.9,6.8,2.1,1.8,0.0,3.2,7.5,0.3,0.2,0.5,0.556,0.444,0.2,1.3,1.5,1.4,1.0,0.121,0.879,0.966,0.672
1629640,Keldon Johnson,1610612759,SAS,25.0,77,1838.0,4.9,2.9,2.0,1.8,0.0,0.4,1.0,0.4,0.4,0.8,0.45,0.55,0.2,0.5,0.7,0.7,0.5,0.278,0.722,1.0,0.639
203482,Kelly Olynyk,1610612740,NOP,34.0,44,891.0,7.9,4.9,2.9,3.9,0.2,1.9,4.6,0.4,0.2,0.5,0.692,0.308,0.4,1.3,1.7,1.7,0.7,0.262,0.738,0.976,0.405
1626162,Kelly Oubre Jr.,1610612755,PHI,29.0,60,2078.0,4.6,2.0,2.6,4.4,0.0,0.2,0.6,0.3,0.5,0.8,0.37,0.63,0.0,0.2,0.2,0.2,0.1,0.1,0.9,1.0,0.5
1629026,Kenrich Williams,1610612760,OKC,30.0,68,1113.0,4.7,2.4,2.3,3.6,0.4,1.1,2.6,0.2,0.5,0.7,0.318,0.682,0.3,1.0,1.3,1.3,0.6,0.22,0.78,1.0,0.439
203484,Kentavious Caldwell-Pope,1610612763,MEM,32.0,76,2258.0,2.8,1.6,1.2,2.5,0.0,0.7,1.5,0.3,0.4,0.7,0.386,0.614,0.0,0.2,0.2,0.2,0.1,0.067,0.933,0.933,0.467
1631165,Keon Ellis,1610612758,SAC,25.0,78,1941.0,4.9,2.1,2.8,5.2,0.0,0.8,1.7,0.4,0.4,0.8,0.488,0.512,0.0,0.3,0.4,0.4,0.1,0.105,0.895,1.0,0.316
1630553,Keon Johnson,1610612751,BKN,23.0,79,1925.0,4.8,2.7,2.1,2.7,0.1,0.4,0.9,0.4,0.5,0.9,0.449,0.551,0.0,0.3,0.3,0.3,0.1,0.059,0.941,0.882,0.353
1642352,Keshad Johnson,1610612748,MIA,24.0,11,85.0,8.9,6.4,2.5,2.1,0.0,1.7,3.4,0.4,0.8,1.3,0.333,0.667,0.4,2.1,2.5,2.5,1.3,0.167,0.833,1.0,0.5
1630556,Kessler Edwards,1610612742,DAL,24.0,30,597.0,9.0,6.5,2.5,2.2,0.0,2.5,5.8,0.1,0.3,0.4,0.286,0.714,0.1,1.1,1.3,1.3,0.7,0.095,0.905,1.0,0.524
201142,Kevin Durant,1610612756,PHX,36.0,62,2265.0,6.1,2.9,3.1,1.5,0.0,0.4,0.8,0.1,0.2,0.3,0.429,0.571,0.0,0.6,0.6,0.6,0.3,0.026,0.974,1.0,0.553
1628989,Kevin Huerter,1610612741,CHI,26.0,69,1679.0,5.4,3.1,2.3,3.0,0.0,0.7,1.6,0.1,0.4,0.5,0.182,0.818,0.1,0.3,0.4,0.4,0.2,0.176,0.824,1.0,0.412
1628995,Kevin Knox II,1610612744,GSW,25.0,9,69.0,8.9,4.7,4.2,2.6,0.0,0.0,0.0,0.0,0.0,0.0,0.0,0.0,0.0,0.0,0.0,0.0,0.0,0.0,0.0,0.0,0.0
201567,Kevin Love,1610612748,MIA,36.0,21,238.0,4.7,3.2,1.5,4.4,0.3,2.4,5.6,0.3,0.8,1.1,0.286,0.714,0.9,1.7,2.6,2.4,1.2,0.353,0.647,1.0,0.5
1641755,Kevin McCullar Jr.,1610612752,NYK,24.0,3,26.0,8.3,6.9,1.4,2.8,0.0,0.0,0.0,0.0,2.8,2.8,0.0,1.0,0.0,0.0,0.0,0.0,0.0,0.0,0.0,0.0,0.0
1629645,Kevin Porter Jr.,1610612749,MIL,25.0,74,1452.0,5.0,2.6,2.4,3.4,0.0,0.2,0.5,0.3,0.6,0.9,0.324,0.676,0.1,0.6,0.7,0.7,0.4,0.148,0.852,1.0,0.593
1626172,Kevon Looney,1610612744,GSW,29.0,76,1142.0,13.1,9.7,3.4,2.7,0.0,5.9,14.6,0.6,0.4,1.0,0.606,0.394,1.3,1.9,3.2,3.1,2.2,0.4,0.6,0.99,0.69
1641718,Keyonte George,1610612762,UTA,21.0,67,2108.0,3.1,1.2,1.9,1.3,0.1,0.5,1.1,0.2,0.3,0.5,0.406,0.594,0.0,0.2,0.2,0.2,0.1,0.154,0.846,1.0,0.385
203114,Khris Middleton,1610612764,WAS,33.0,37,843.0,4.2,1.7,2.6,2.6,0.3,0.4,0.9,0.5,0.3,0.8,0.667,0.333,0.0,1.2,1.2,1.2,0.5,0.0,1.0,0.931,0.414
1630165,Killian Hayes,1610612751,BKN,23.0,6,162.0,5.8,4.0,1.8,2.9,0.4,0.2,0.4,0.2,0.2,0.4,0.5,0.5,0.0,0.4,0.4,0.4,0.2,0.0,1.0,1.0,0.5
202691,Klay Thompson,1610612742,DAL,35.0,72,1965.0,4.0,2.2,1.7,1.6,0.0,0.5,1.2,0.2,0.3,0.5,0.345,0.655,0.0,0.2,0.2,0.2,0.1,0.077,0.923,1.0,0.231
1641738,Kobe Brown,1610612746,LAC,25.0,27,245.0,6.0,3.7,2.4,1.9,0.0,1.5,3.5,1.2,0.9,2.1,0.571,0.429,0.3,1.9,2.2,2.2,1.3,0.133,0.867,1.0,0.6
1641723,Kobe Bufkin,1610612737,ATL,21.0,10,124.0,5.5,2.0,3.5,3.2,0.0,0.0,0.0,0.6,0.9,1.5,0.4,0.6,0.0,0.3,0.3,0.3,0.3,0.0,1.0,1.0,1.0
1627739,Kris Dunn,1610612746,LAC,31.0,74,1783.0,4.7,2.2,2.5,4.8,0.0,1.1,2.6,0.5,0.8,1.3,0.381,0.619,0.0,0.3,0.3,0.3,0.2,0.0,1.0,1.0,0.625
1631200,Kris Murray,1610612757,POR,24.0,61,1008.0,4.6,3.5,1.1,2.2,0.1,0.5,1.3,0.5,0.5,1.0,0.5,0.5,0.4,0.7,1.0,1.0,0.5,0.345,0.655,0.931,0.517
204001,Kristaps Porziņģis,1610612738,BOS,29.0,42,1210.0,13.2,9.3,3.9,2.0,0.0,2.5,6.2,0.3,0.4,0.6,0.429,0.571,0.2,1.5,1.7,1.6,0.6,0.103,0.897,0.948,0.362
203937,Kyle Anderson,1610612748,MIA,31.0,56,969.0,6.5,4.0,2.5,3.3,0.1,1.4,3.5,0.2,0.2,0.4,0.455,0.545,0.2,1.2,1.3,1.3,0.6,0.139,0.861,1.0,0.457
1642271,Kyle Filipowski,1610612762,UTA,21.0,71,1518.0,8.7,5.6,3.1,2.5,0.0,2.3,5.5,0.5,0.2,0.6,0.741,0.259,0.3,1.0,1.3,1.3,0.9,0.208,0.811,1.0,0.741
1628398,Kyle Kuzma,1610612749,MIL,29.0,64,1928.0,5.6,3.1,2.5,1.0,0.2,0.3,0.6,0.1,0.2,0.3,0.4,0.6,0.1,0.5,0.6,0.6,0.4,0.1,0.9,1.0,0.633
200768,Kyle Lowry,1610612755,PHI,39.0,34,648.0,3.1,1.7,1.4,3.5,0.3,0.9,2.3,0.3,0.6,0.8,0.333,0.667,0.1,1.0,1.1,1.1,0.4,0.053,0.947,1.0,0.368
1630283,Kylor Kelley,1610612740,NOP,27.0,10,125.0,17.3,8.9,8.4,0.6,0.0,2.0,4.3,0.0,0.3,0.3,0.0,1.0,0.6,1.2,1.7,1.7,1.4,0.333,0.667,1.0,0.833
202681,Kyrie Irving,1610612742,DAL,33.0,50,1804.0,3.1,1.6,1.5,3.3,0.0,0.5,1.1,0.5,0.4,0.9,0.558,0.442,0.0,0.3,0.3,0.3,0.1,0.0,1.0,1.0,0.313
1642273,Kyshawn George,1610612764,WAS,21.0,68,1802.0,9.3,5.1,4.3,2.8,0.0,0.4,0.9,0.4,0.6,1.0,0.375,0.625,0.0,0.7,0.7,0.7,0.3,0.027,0.973,1.0,0.459
1630163,LaMelo Ball,1610612766,CHA,23.0,47,1505.0,2.6,1.3,1.3,3.3,0.0,0.5,1.1,0.5,0.5,1.0,0.5,0.5,0.0,0.3,0.3,0.3,0.2,0.071,0.929,1.0,0.643
1630205,Lamar Stevens,1610612763,MEM,27.0,12,136.0,8.2,4.5,3.7,2.6,0.0,1.1,2.6,0.5,0.3,0.8,0.667,0.333,0.0,0.8,0.8,0.8,0.8,0.0,1.0,1.0,1.0
1629013,Landry Shamet,1610612752,NYK,28.0,47,750.0,6.5,4.0,2.4,2.5,0.0,0.5,1.2,0.0,0.5,0.6,0.083,0.917,0.0,1.1,1.1,1.1,0.3,0.0,1.0,1.0,0.318
1626204,Larry Nance Jr.,1610612737,ATL,32.0,23,456.0,6.6,3.8,2.8,3.9,0.6,2.2,5.2,0.5,0.2,0.7,0.667,0.333,0.4,2.3,2.7,2.7,1.3,0.147,0.853,1.0,0.471
1628374,Lauri Markkanen,1610612762,UTA,28.0,47,1476.0,5.9,3.9,2.0,1.8,0.0,1.4,3.5,0.5,0.1,0.6,0.76,0.24,0.1,1.1,1.2,1.2,0.6,0.061,0.939,0.98,0.469
2544,LeBron James,1610612747,LAL,40.0,70,2444.0,3.9,1.8,2.1,1.9,0.1,0.9,2.0,0.4,0.3,0.7,0.553,0.447,0.1,0.5,0.6,0.7,0.4,0.182,0.841,1.0,0.622
1631159,Leonard Miller,1610612750,MIN,21.0,6,18.0,8.0,4.0,4.0,4.0,0.0,0.0,0.0,0.0,0.0,0.0,0.0,0.0,0.0,4.0,4.0,4.0,0.0,0.0,1.0,1.0,0.0
1631311,Lester Quinones,1610612740,NOP,24.0,9,163.0,2.9,2.2,0.7,2.2,0.2,0.0,0.0,0.2,0.0,0.2,1.0,0.0,0.0,0.7,0.7,0.7,0.2,0.0,1.0,1.0,0.333
1641857,Liam Robbins,1610612749,MIL,25.0,11,51.0,10.6,7.1,3.5,2.8,0.0,3.5,8.5,0.0,0.0,0.0,0.0,0.0,0.0,3.5,3.5,3.5,0.7,0.0,1.0,1.0,0.2
1630322,Lindy Waters III,1610612765,DET,27.0,46,756.0,5.1,2.7,2.4,2.9,0.2,0.7,1.6,0.2,0.2,0.5,0.5,0.5,0.0,0.7,0.8,0.8,0.2,0.063,0.938,1.0,0.313
1629022,Lonnie Walker IV,1610612755,PHI,26.0,18,471.0,4.2,1.8,2.4,1.6,0.0,0.2,0.3,0.2,0.3,0.5,0.333,0.667,0.0,0.1,0.1,0.1,0.1,0.0,1.0,1.0,1.0
1628366,Lonzo Ball,1610612741,CHI,27.0,35,777.0,5.3,3.0,2.4,3.8,0.0,0.5,1.3,0.4,0.5,0.9,0.45,0.55,0.1,0.5,0.6,0.5,0.3,0.167,0.833,0.917,0.5
1629652,Luguentz Dort,1610612760,OKC,26.0,71,2073.0,4.3,1.8,2.5,2.8,0.1,0.9,2.1,0.3,0.5,0.9,0.408,0.592,0.3,0.6,0.8,0.8,0.2,0.313,0.688,0.979,0.298
1629029,Luka Dončić,1610612747,LAL,26.0,50,1769.0,4.9,2.1,2.8,3.4,0.1,0.2,0.5,0.2,0.4,0.5,0.296,0.704,0.0,0.4,0.4,0.4,0.2,0.045,0.955,1.0,0.455
1630568,Luka Garza,1610612750,MIN,26.0,33,209.0,11.9,8.6,3.3,4.0,0.7,4.5,10.7,0.9,0.3,1.2,0.714,0.286,1.4,1.7,3.1,3.1,1.6,0.444,0.556,1.0,0.5
1628379,Luke Kennard,1610612763,MEM,29.0,63,1449.0,2.8,1.2,1.6,2.2,0.0,0.5,1.2,0.2,0.2,0.5,0.526,0.474,0.0,0.4,0.4,0.4,0.1,0.0,1.0,1.0,0.235
1628436,Luke Kornet,1610612738,BOS,29.0,72,1361.0,14.4,10.8,3.6,1.7,0.0,4.4,11.2,0.3,0.3,0.5,0.5,0.5,1.5,1.8,3.3,3.3,2.2,0.455,0.545,1.0,0.675
1631247,Luke Travers,1610612739,CLE,23.0,8,80.0,8.1,6.8,1.4,2.3,0.0,0.9,2.3,0.0,0.0,0.0,0.0,0.0,0.5,1.4,1.8,1.8,0.9,0.25,0.75,1.0,0.5
1630644,Mac McClung,1610612753,ORL,26.0,1,5.0,0.0,0.0,0.0,7.2,0.0,0.0,0.0,0.0,0.0,0.0,0.0,0.0,0.0,0.0,0.0,0.0,0.0,0.0,0.0,0.0,0.0
1630201,Malachi Flynn,1610612766,CHA,27.0,3,42.0,7.7,5.1,2.6,5.1,0.0,0.0,0.0,0.0,0.9,0.9,0.0,1.0,0.0,2.6,2.6,2.6,0.9,0.0,1.0,1.0,0.333
1631103,Malaki Branham,1610612759,SAS,22.0,30,362.0,4.7,2.4,2.3,1.6,0.0,0.1,0.3,0.3,0.4,0.7,0.429,0.571,0.0,0.5,0.5,0.4,0.0,0.0,1.0,0.8,0.0
1627763,Malcolm Brogdon,1610612764,WAS,32.0,24,564.0,4.0,1.5,2.6,1.9,0.0,0.4,1.0,0.3,0.3,0.6,0.5,0.5,0.2,0.4,0.6,0.6,0.3,0.333,0.667,1.0,0.444
1642502,Malevy Leons,1610612760,OKC,25.0,2,8.0,9.0,0.0,9.0,0.0,0.0,0.0,0.0,0.0,0.0,0.0,0.0,0.0,0.0,0.0,0.0,0.0,0.0,0.0,0.0,0.0,0.0
1627736,Malik Beasley,1610612765,DET,28.0,80,2230.0,2.7,1.1,1.5,2.1,0.0,0.4,0.9,0.2,0.2,0.4,0.458,0.542,0.1,0.2,0.3,0.3,0.1,0.222,0.778,0.944,0.444
1628370,Malik Monk,1610612758,SAC,27.0,65,2054.0,4.5,2.1,2.4,1.9,0.0,0.6,1.2,0.4,0.4,0.7,0.524,0.476,0.0,0.3,0.3,0.3,0.1,0.0,1.0,1.0,0.158
1630699,MarJon Beauchamp,1610612752,NYK,24.0,22,129.0,4.7,2.2,2.5,3.1,0.3,0.0,0.0,0.8,1.1,2.0,0.429,0.571,0.0,1.1,1.1,0.8,0.6,0.0,1.0,0.75,0.5
1630542,Marcus Bagley,1610612755,PHI,23.0,10,253.0,6.3,3.7,2.6,3.3,0.1,0.9,2.1,0.3,0.4,0.7,0.4,0.6,0.1,0.3,0.4,0.4,0.1,0.333,0.667,1.0,0.333
1630585,Marcus Garrett,1610612766,CHA,26.0,4,79.0,2.7,1.8,0.9,3.6,0.0,0.0,0.0,0.0,0.0,0.0,0.0,0.0,0.0,0.9,0.9,0.9,0.0,0.0,1.0,1.0,0.0
1631204,Marcus Sasser,1610612765,DET,24.0,51,772.0,3.7,1.9,1.8,3.5,0.0,0.2,0.6,0.5,0.4,0.9,0.55,0.45,0.0,0.3,0.3,0.3,0.0,0.0,1.0,1.0,0.167
203935,Marcus Smart,1610612764,WAS,31.0,34,680.0,4.1,1.9,2.3,4.2,0.3,0.4,1.1,0.6,0.6,1.2,0.478,0.522,0.0,0.8,0.8,0.8,0.3,0.0,1.0,1.0,0.333
1631109,Mark Williams,1610612766,CHA,23.0,44,1171.0,13.4,8.0,5.4,1.9,0.0,4.1,9.5,0.6,0.3,0.9,0.643,0.357,0.6,1.7,2.2,2.2,1.5,0.26,0.74,1.0,0.658
1628365,Markelle Fultz,1610612758,SAC,27.0,19,177.0,4.3,2.2,2.0,3.5,0.0,0.6,1.2,0.2,0.6,0.8,0.25,0.75,0.0,0.4,0.4,0.4,0.0,0.0,1.0,1.0,0.0
202693,Markieff Morris,1610612747,LAL,35.0,11,144.0,5.5,3.3,2.3,1.8,0.0,1.8,4.8,0.0,0.3,0.3,0.0,1.0,0.0,2.0,2.0,2.0,1.3,0.0,1.0,1.0,0.625
1628963,Marvin Bagley III,1610612763,MEM,26.0,24,239.0,13.4,7.4,6.0,1.5,0.2,3.2,6.5,0.8,0.2,0.9,0.833,0.167,0.8,1.4,2.1,2.1,1.1,0.357,0.643,1.0,0.5
1630222,Mason Jones,1610612758,SAC,26.0,3,22.0,9.8,8.2,1.6,4.9,0.0,0.0,0.0,1.6,0.0,1.6,1.0,0.0,0.0,0.0,0.0,0.0,0.0,0.0,0.0,0.0,0.0
203486,Mason Plumlee,1610612756,PHX,35.0,74,1300.0,8.2,6.8,1.4,2.2,0.0,4.5,10.3,0.2,0.2,0.4,0.563,0.438,0.6,1.7,2.3,2.3,1.7,0.25,0.75,1.0,0.714
1641824,Matas Buzelis,1610612741,CHI,20.0,74,1491.0,9.1,5.7,3.4,1.5,0.0,0.7,1.6,0.3,0.3,0.6,0.538,0.462,0.0,0.7,0.7,0.7,0.3,0.034,0.966,1.0,0.483
1629680,Matisse Thybulle,1610612757,POR,28.0,15,312.0,2.7,0.9,1.7,6.9,0.0,0.8,1.8,0.0,0.7,0.7,0.0,1.0,0.0,0.2,0.2,0.2,0.1,0.0,1.0,1.0,0.5
1630346,Matt Ryan,1610612752,NYK,28.0,7,37.0,7.8,2.9,4.9,2.9,1.0,1.0,1.9,0.0,1.0,1.0,0.0,1.0,0.0,0.0,0.0,0.0,0.0,0.0,0.0,0.0,0.0
1631108,Max Christie,1610612742,DAL,22.0,75,2105.0,6.7,4.4,2.3,1.5,0.0,0.6,1.3,0.1,0.3,0.4,0.286,0.714,0.0,0.4,0.4,0.4,0.1,0.0,1.0,0.923,0.269
1629622,Max Strus,1610612739,CLE,29.0,50,1273.0,4.6,2.4,2.2,1.3,0.1,1.0,2.5,0.6,0.4,1.0,0.618,0.382,0.0,0.6,0.7,0.6,0.4,0.043,0.957,0.957,0.565
1628467,Maxi Kleber,1610612747,LAL,33.0,34,637.0,10.9,7.2,3.6,1.7,0.0,2.5,5.9,0.3,0.2,0.5,0.667,0.333,0.3,1.4,1.6,1.6,0.6,0.172,0.828,0.966,0.345
1641721,Maxwell Lewis,1610612751,BKN,22.0,22,316.0,5.0,2.5,2.5,3.1,0.0,0.1,0.2,0.2,0.0,0.2,1.0,0.0,0.1,0.2,0.3,0.3,0.3,0.333,0.667,1.0,1.0
1630695,Micah Potter,1610612762,UTA,27.0,37,699.0,10.6,6.1,4.5,1.6,0.1,1.2,2.7,0.3,0.2,0.5,0.556,0.444,0.2,1.7,1.9,1.8,0.5,0.083,0.917,0.944,0.25
1629008,Michael Porter Jr.,1610612743,DEN,27.0,77,2593.0,3.7,2.1,1.7,1.4,0.0,0.7,1.7,0.2,0.2,0.5,0.471,0.529,0.4,0.3,0.6,0.6,0.5,0.587,0.413,1.0,0.826
1628969,Mikal Bridges,1610612752,NYK,28.0,80,3004.0,4.8,2.8,2.0,1.6,0.0,0.4,0.9,0.4,0.3,0.7,0.569,0.431,0.0,0.3,0.3,0.3,0.1,0.036,0.964,1.0,0.296
201144,Mike Conley,1610612750,MIN,37.0,71,1756.0,3.2,1.4,1.8,2.9,0.1,0.3,0.9,0.2,0.4,0.6,0.333,0.667,0.0,0.5,0.5,0.5,0.2,0.0,1.0,1.0,0.348
1628970,Miles Bridges,1610612766,CHA,27.0,64,2029.0,7.2,4.1,3.1,1.7,0.0,0.6,1.5,0.3,0.2,0.6,0.563,0.438,0.1,0.9,1.0,1.0,0.6,0.111,0.889,1.0,0.648
1630540,Miles McBride,1610612752,NYK,24.0,64,1593.0,4.8,2.9,1.9,2.9,0.0,0.5,1.2,0.2,0.6,0.8,0.25,0.75,0.0,0.7,0.7,0.7,0.2,0.0,1.0,1.0,0.226
1641936,Miles Norris,1610612738,BOS,25.0,3,35.0,8.2,5.1,3.1,3.1,0.0,0.0,0.0,0.0,2.1,2.1,0.0,1.0,0.0,2.1,2.1,2.1,1.0,0.0,1.0,1.0,0.5
1629011,Mitchell Robinson,1610612752,NYK,27.0,17,290.0,9.1,6.0,3.1,4.1,0.0,5.5,12.3,0.7,0.6,1.4,0.545,0.455,1.9,1.6,3.5,3.4,2.7,0.536,0.464,0.964,0.786
1628964,Mo Bamba,1610612740,NOP,27.0,32,413.0,11.8,8.0,3.7,1.9,0.0,3.1,6.9,0.4,0.4,0.9,0.5,0.5,0.9,1.7,2.5,2.4,1.7,0.345,0.655,0.966,0.69
1628420,Monté Morris,1610612756,PHX,30.0,39,518.0,3.3,1.5,1.8,1.9,0.0,0.6,1.3,0.1,0.4,0.6,0.25,0.75,0.0,0.6,0.6,0.6,0.1,0.0,1.0,0.889,0.222
1629021,Moritz Wagner,1610612753,ORL,28.0,29,563.0,6.0,4.0,2.0,4.6,0.3,3.5,7.7,0.4,0.3,0.7,0.636,0.364,0.3,1.8,2.1,2.0,1.3,0.152,0.848,0.97,0.606
1629650,Moses Brown,1610612742,DAL,25.0,11,114.0,17.1,13.6,3.5,3.5,0.0,2.2,4.7,0.3,0.0,0.3,1.0,0.0,0.3,1.3,1.6,1.6,0.9,0.2,0.8,1.0,0.6
1630541,Moses Moody,1610612744,GSW,23.0,71,1624.0,5.0,2.9,2.1,4.0,0.1,0.4,1.1,0.5,0.4,0.8,0.553,0.447,0.0,0.6,0.6,0.6,0.2,0.069,0.931,0.966,0.31
1631243,Mouhamed Gueye,1610612737,ATL,22.0,32,519.0,10.4,7.4,3.0,3.0,0.1,1.7,4.3,0.3,0.5,0.8,0.364,0.636,0.4,1.0,1.5,1.5,0.7,0.286,0.714,1.0,0.476
1631217,Moussa Diabaté,1610612766,CHA,23.0,70,1241.0,9.6,6.1,3.5,3.5,0.0,3.8,9.1,0.8,0.3,1.1,0.757,0.243,1.7,1.5,3.1,3.0,2.1,0.537,0.463,0.972,0.667
1626167,Myles Turner,1610612754,IND,29.0,72,2174.0,10.3,8.1,2.3,1.7,0.0,3.4,8.0,0.2,0.2,0.4,0.458,0.542,0.3,1.7,2.0,2.0,0.9,0.148,0.852,0.975,0.467
1642368,N'Faly Dante,1610612745,HOU,23.0,4,51.0,9.9,7.8,2.1,2.8,0.0,4.9,12.0,0.0,0.0,0.0,0.0,0.0,0.0,1.4,1.4,1.4,1.4,0.0,1.0,1.0,1.0
1641772,Nae'Qwan Tomlin,1610612739,CLE,24.0,4,56.0,6.4,4.5,1.9,0.6,0.0,1.3,3.9,0.6,0.0,0.6,1.0,0.0,0.6,1.9,2.6,2.6,1.9,0.25,0.75,1.0,0.75
1630230,Naji Marshall,1610612742,DAL,27.0,68,1903.0,4.5,2.4,2.1,2.3,0.0,0.5,1.1,0.4,0.4,0.8,0.476,0.524,0.0,0.7,0.8,0.8,0.4,0.05,0.95,1.0,0.55
1631466,Nate Williams,1610612745,HOU,26.0,12,123.0,5.6,3.5,2.0,4.7,0.0,0.9,2.0,0.0,0.9,0.9,0.0,1.0,0.0,0.9,0.9,0.9,0.0,0.0,1.0,1.0,0.0
1629675,Naz Reid,1610612750,MIN,25.0,80,2200.0,8.1,4.8,3.3,2.1,0.1,1.5,3.5,0.3,0.4,0.7,0.419,0.581,0.1,1.2,1.3,1.3,0.6,0.098,0.902,0.988,0.451
1629674,Neemias Queta,1610612738,BOS,25.0,56,853.0,11.3,8.3,3.0,1.6,0.0,5.4,13.9,0.3,0.1,0.4,0.667,0.333,0.8,1.7,2.5,2.4,1.1,0.322,0.678,0.983,0.431
1629651,Nic Claxton,1610612751,BKN,26.0,70,1882.0,9.5,6.7,2.8,2.3,0.0,4.0,9.4,0.3,0.2,0.6,0.552,0.448,0.3,1.2,1.6,1.6,1.0,0.207,0.793,1.0,0.61
1630208,Nick Richards,1610612756,PHX,27.0,57,1256.0,12.0,9.1,2.9,1.1,0.1,5.4,12.4,0.4,0.3,0.7,0.565,0.435,1.3,1.5,2.8,2.8,2.3,0.48,0.52,0.99,0.827
1641733,Nick Smith Jr.,1610612766,CHA,21.0,49,1221.0,3.2,1.5,1.8,0.9,0.0,0.6,1.3,0.3,0.3,0.6,0.524,0.476,0.0,0.3,0.3,0.3,0.0,0.0,1.0,1.0,0.111
1629638,Nickeil Alexander-Walker,1610612750,MIN,26.0,81,2058.0,3.1,2.2,0.9,3.0,0.1,0.4,1.0,0.2,0.5,0.7,0.275,0.725,0.0,0.8,0.8,0.8,0.2,0.022,0.978,0.956,0.244
201587,Nicolas Batum,1610612746,LAC,36.0,77,1362.0,6.7,3.2,3.5,2.7,0.0,1.0,2.3,0.2,0.3,0.5,0.35,0.65,0.0,0.8,0.8,0.8,0.3,0.0,1.0,1.0,0.375
203999,Nikola Jokić,1610612743,DEN,30.0,70,2571.0,5.4,3.2,2.2,3.7,0.0,4.3,9.8,0.3,0.3,0.5,0.538,0.462,0.6,1.8,2.5,2.4,1.8,0.256,0.744,0.977,0.71
1631107,Nikola Jović,1610612748,MIA,22.0,46,1156.0,7.0,4.3,2.7,1.8,0.0,0.8,2.0,0.4,0.2,0.6,0.632,0.368,0.0,0.8,0.8,0.7,0.4,0.038,1.0,0.96,0.56
202696,Nikola Vučević,1610612741,CHI,34.0,73,2278.0,9.7,6.5,3.2,1.8,0.0,3.4,7.6,0.2,0.2,0.4,0.458,0.542,0.5,2.0,2.5,2.4,1.5,0.212,0.795,0.968,0.618
1641730,Noah Clowney,1610612751,BKN,20.0,46,1042.0,7.8,4.3,3.5,2.1,0.2,1.0,2.3,0.2,0.3,0.5,0.333,0.667,0.1,1.1,1.2,1.2,0.5,0.111,0.889,0.944,0.417
1626181,Norman Powell,1610612746,LAC,32.0,60,1958.0,3.1,1.3,1.8,2.2,0.0,0.1,0.3,0.3,0.2,0.5,0.538,0.462,0.0,0.5,0.5,0.5,0.3,0.034,0.966,1.0,0.655
1628384,OG Anunoby,1610612752,NYK,27.0,74,2706.0,7.6,4.2,3.4,3.2,0.0,0.5,1.2,0.4,0.3,0.7,0.519,0.481,0.1,0.8,0.9,0.9,0.5,0.092,0.908,0.985,0.569
1630167,Obi Toppin,1610612754,IND,27.0,79,1545.0,5.7,3.1,2.6,2.1,0.0,1.4,3.1,0.3,0.3,0.6,0.5,0.5,0.2,1.0,1.2,1.2,0.7,0.176,0.824,1.0,0.627
1630534,Ochai Agbaji,1610612761,TOR,25.0,64,1739.0,7.0,3.9,3.1,2.8,0.0,0.5,1.2,0.2,0.3,0.5,0.423,0.577,0.0,0.5,0.5,0.5,0.2,0.0,1.0,1.0,0.348
1641765,Olivier-Maxence Prosper,1610612742,DAL,22.0,43,549.0,7.7,5.0,2.7,1.7,0.0,0.9,2.0,0.5,0.6,1.0,0.438,0.563,0.2,1.5,1.7,1.5,0.6,0.115,0.885,0.885,0.346
1630168,Onyeka Okongwu,1610612737,ATL,24.0,74,2064.0,9.0,6.6,2.3,2.5,0.0,3.1,7.4,0.4,0.4,0.8,0.488,0.512,0.7,1.3,2.0,2.0,1.4,0.365,0.635,0.991,0.722
1631115,Orlando Robinson,1610612761,TOR,24.0,43,769.0,11.8,7.5,4.3,2.9,0.0,4.0,9.3,0.5,0.4,0.9,0.579,0.421,0.6,1.5,2.2,2.1,1.2,0.283,0.717,0.957,0.565
1631131,Oscar Tshiebwe,1610612762,UTA,25.0,14,255.0,7.5,3.8,3.7,3.1,0.1,6.1,15.2,0.6,0.7,1.3,0.444,0.556,1.6,1.4,3.0,3.0,2.5,0.524,0.476,1.0,0.857
1629052,Oshae Brissett,1610612755,PHI,27.0,6,142.0,6.3,2.8,3.5,3.5,0.5,2.0,4.6,0.0,0.3,0.3,0.0,1.0,0.3,1.3,1.5,1.3,0.8,0.167,0.833,0.833,0.5
1642345,Oso Ighodaro,1610612756,PHX,22.0,58,1039.0,8.7,5.8,2.9,2.4,0.0,4.7,10.8,0.3,0.3,0.7,0.526,0.474,0.1,1.2,1.3,1.2,0.4,0.054,0.946,0.946,0.324
1631172,Ousmane Dieng,1610612760,OKC,22.0,32,389.0,8.9,5.3,3.6,1.9,0.0,0.9,1.9,0.4,0.6,0.9,0.4,0.6,0.0,1.3,1.3,1.3,0.8,0.0,1.0,1.0,0.643
200782,P.J. Tucker,1610612752,NYK,40.0,2,56.0,5.8,1.9,3.9,1.9,0.0,1.9,5.8,0.0,0.0,0.0,0.0,0.0,1.3,0.6,1.9,1.9,1.3,0.667,0.333,1.0,0.667
1629023,P.J. Washington,1610612742,DAL,26.0,57,1835.0,6.5,4.2,2.3,2.4,0.0,0.6,1.3,0.4,0.4,0.7,0.474,0.526,0.1,0.7,0.8,0.8,0.5,0.095,0.905,0.976,0.571
1628408,PJ Dozier,1610612750,MIN,28.0,5,23.0,6.3,3.1,3.1,6.3,0.0,0.0,0.0,0.0,0.0,0.0,0.0,0.0,0.0,1.6,1.6,1.6,0.0,0.0,1.0,1.0,0.0
1641790,PJ Hall,1610612743,DEN,23.0,14,54.0,12.7,6.0,6.7,0.7,0.0,2.7,6.0,1.3,0.0,1.3,1.0,0.0,1.3,2.7,4.0,4.0,2.7,0.333,0.667,1.0,0.667
1642359,Pacôme Dadiet,1610612752,NYK,19.0,13,102.0,6.4,4.6,1.8,1.4,0.0,0.0,0.0,1.1,0.0,1.1,1.0,0.0,0.0,0.7,0.7,0.7,0.4,0.0,1.0,1.0,0.5
1631094,Paolo Banchero,1610612753,ORL,22.0,46,1582.0,6.2,3.1,3.0,1.3,0.0,0.8,1.7,0.4,0.2,0.6,0.64,0.36,0.1,0.6,0.7,0.7,0.3,0.103,0.931,1.0,0.467
1627783,Pascal Siakam,1610612754,IND,31.0,78,2548.0,6.9,3.8,3.1,2.3,0.0,1.1,2.6,0.5,0.4,0.9,0.585,0.415,0.2,1.1,1.3,1.3,0.7,0.183,0.817,0.968,0.527
1626192,Pat Connaughton,1610612749,MIL,32.0,39,594.0,5.8,2.4,3.5,1.4,0.0,0.6,1.4,0.4,0.2,0.7,0.636,0.364,0.2,0.3,0.5,0.5,0.2,0.375,0.625,1.0,0.5
1630311,Pat Spencer,1610612744,GSW,28.0,25,214.0,4.5,3.0,1.5,4.4,0.0,1.0,2.9,0.7,0.0,0.7,1.0,0.0,0.0,0.3,0.3,0.3,0.2,0.0,1.0,1.0,0.5
1631116,Patrick Baldwin Jr.,1610612746,LAC,22.0,14,78.0,3.7,2.8,0.9,3.2,0.0,1.4,2.8,0.0,0.0,0.0,0.0,0.0,0.5,0.9,1.4,1.4,1.4,0.333,0.667,1.0,1.0
1630172,Patrick Williams,1610612741,CHI,23.0,63,1576.0,5.9,3.2,2.7,2.5,0.0,0.9,2.3,0.3,0.3,0.6,0.48,0.52,0.1,1.2,1.3,1.3,0.4,0.069,0.931,0.948,0.328
201988,Patty Mills,1610612746,LAC,36.0,25,306.0,2.4,0.8,1.5,2.4,0.5,1.3,3.2,0.4,0.6,0.9,0.375,0.625,0.0,0.7,0.7,0.6,0.0,0.0,1.0,0.833,0.0
202331,Paul George,1610612755,PHI,35.0,41,1334.0,6.3,3.4,2.9,4.3,0.1,0.3,0.6,0.6,0.8,1.4,0.412,0.588,0.0,0.8,0.7,0.8,0.5,0.0,1.037,1.0,0.607
1630194,Paul Reed,1610612765,DET,26.0,44,437.0,12.2,9.7,2.5,6.5,0.1,5.7,13.7,0.6,0.6,1.2,0.5,0.5,0.2,1.6,1.8,1.8,0.7,0.136,0.864,1.0,0.364
1630202,Payton Pritchard,1610612738,BOS,27.0,79,2260.0,2.4,1.3,1.1,1.8,0.0,0.4,1.0,0.5,0.4,0.9,0.542,0.458,0.1,0.4,0.6,0.6,0.2,0.2,0.8,1.0,0.4
1641796,Pelle Larsson,1610612748,MIA,24.0,47,769.0,7.6,4.4,3.2,2.9,0.1,0.6,1.7,0.3,0.5,0.8,0.412,0.588,0.2,1.1,1.3,1.1,0.4,0.148,0.852,0.889,0.333
1631250,Pete Nance,1610612749,MIL,25.0,10,134.0,11.0,7.0,4.0,1.6,0.0,4.8,11.6,0.3,0.0,0.3,1.0,0.0,0.5,2.7,3.2,3.2,1.3,0.167,0.833,1.0,0.417
1631212,Peyton Watson,1610612743,DEN,22.0,68,1656.0,8.0,5.4,2.6,2.1,0.0,0.8,2.0,0.3,0.5,0.8,0.4,0.6,0.0,0.4,0.4,0.4,0.1,0.0,1.0,1.0,0.333
1630762,Phillip Wheeler,1610612755,PHI,23.0,3,34.0,7.4,3.2,4.2,2.1,0.0,0.0,0.0,0.0,0.0,0.0,0.0,0.0,0.0,0.0,0.0,0.0,0.0,0.0,0.0,0.0,0.0
1630173,Precious Achiuwa,1610612752,NYK,25.0,56,1165.0,10.0,6.6,3.5,2.4,0.0,3.6,7.9,0.5,0.3,0.8,0.6,0.4,0.7,1.1,1.8,1.9,1.3,0.39,0.627,1.0,0.683
1629656,Quentin Grimes,1610612755,PHI,25.0,74,1992.0,4.3,2.1,2.2,2.3,0.0,0.3,0.7,0.4,0.6,1.0,0.407,0.593,0.0,0.4,0.4,0.4,0.3,0.087,0.913,1.0,0.609
1631245,Quenton Jackson,1610612754,IND,26.0,22,361.0,5.2,2.0,3.2,4.2,0.0,0.5,1.4,0.1,0.8,0.9,0.111,0.889,0.0,0.3,0.3,0.3,0.0,0.0,1.0,1.0,0.0
1642439,Quincy Olivari,1610612747,LAL,24.0,1,8.0,4.5,0.0,4.5,0.0,0.0,0.0,0.0,0.0,0.0,0.0,0.0,0.0,0.0,0.0,0.0,0.0,0.0,0.0,0.0,0.0,0.0
1642366,Quinten Post,1610612744,GSW,25.0,42,686.0,12.5,9.6,2.9,1.8,0.0,1.8,4.6,0.3,0.3,0.6,0.545,0.455,0.4,1.7,2.2,2.1,1.1,0.195,0.805,0.976,0.512
1629628,RJ Barrett,1610612761,TOR,25.0,58,1869.0,5.3,2.7,2.5,2.7,0.1,0.5,1.0,0.4,0.3,0.7,0.618,0.382,0.1,0.5,0.6,0.6,0.3,0.172,0.828,1.0,0.448
1642484,RayJ Dennis,1610612754,IND,24.0,6,60.0,6.0,2.4,3.6,4.8,0.0,0.6,1.2,0.6,1.8,2.4,0.25,0.75,0.6,0.0,0.6,0.6,0.6,1.0,0.0,1.0,1.0
1641712,Rayan Rupert,1610612757,POR,21.0,38,412.0,4.9,2.9,2.0,3.6,0.2,0.4,1.0,0.3,0.2,0.5,0.667,0.333,0.1,0.6,0.7,0.7,0.3,0.125,0.875,1.0,0.5
1641736,Reece Beekman,1610612751,BKN,23.0,32,458.0,2.4,1.0,1.4,5.3,0.0,0.1,0.2,0.4,0.3,0.7,0.556,0.444,0.0,0.5,0.5,0.5,0.2,0.0,1.0,1.0,0.333
1642263,Reed Sheppard,1610612745,HOU,21.0,50,647.0,5.0,2.4,2.6,5.5,0.0,0.3,0.8,0.1,0.6,0.7,0.167,0.833,0.0,0.3,0.3,0.3,0.1,0.0,1.0,1.0,0.4
202704,Reggie Jackson,1610612755,PHI,35.0,28,367.0,6.2,2.9,3.2,2.6,0.1,0.5,1.2,0.4,0.3,0.7,0.571,0.429,0.0,0.2,0.2,0.2,0.1,0.0,1.0,1.0,0.5
1626158,Richaun Holmes,1610612764,WAS,31.0,30,530.0,8.8,7.0,1.8,2.0,0.0,5.0,11.6,0.4,0.3,0.7,0.545,0.455,0.6,1.4,2.0,1.9,0.9,0.31,0.69,0.966,0.448
1641741,Ricky Council IV,1610612755,PHI,23.0,63,1199.0,3.8,1.7,2.1,2.6,0.0,0.5,1.2,0.4,0.2,0.6,0.65,0.35,0.1,0.4,0.5,0.5,0.4,0.133,0.867,1.0,0.8
1642434,Riley Minix,1610612759,SAS,24.0,1,7.0,10.3,5.1,5.1,0.0,0.0,0.0,0.0,0.0,0.0,0.0,0.0,0.0,0.0,0.0,0.0,0.0,0.0,0.0,0.0,0.0,0.0
1642265,Rob Dillingham,1610612750,MIN,20.0,36,471.0,3.7,1.9,1.8,2.7,0.0,0.4,0.9,0.4,0.4,0.8,0.5,0.5,0.0,0.2,0.2,0.2,0.1,0.0,1.0,1.0,0.5
1629057,Robert Williams III,1610612757,POR,27.0,19,335.0,10.7,7.6,3.1,3.5,0.0,4.3,10.4,0.4,0.2,0.6,0.667,0.333,0.9,0.5,1.4,1.4,1.0,0.615,0.385,1.0,0.692
1631199,Ron Harper Jr.,1610612765,DET,25.0,1,17.0,2.1,2.1,0.0,0.0,0.0,0.0,0.0,0.0,0.0,0.0,0.0,0.0,0.0,0.0,0.0,0.0,0.0,0.0,0.0,0.0,0.0
1641842,Ronald Holland II,1610612765,DET,19.0,76,1219.0,3.6,1.9,1.8,2.8,0.0,0.6,1.6,0.7,0.4,1.1,0.605,0.395,0.0,0.1,0.2,0.2,0.1,0.167,0.833,1.0,0.833
1626220,Royce O'Neale,1610612756,PHX,32.0,73,1811.0,3.4,1.8,1.6,2.2,0.0,0.7,1.6,0.3,0.4,0.7,0.412,0.588,0.1,0.6,0.7,0.7,0.3,0.088,0.912,1.0,0.5
203497,Rudy Gobert,1610612750,MIN,33.0,72,2388.0,10.8,8.4,2.4,1.9,0.0,5.2,13.1,0.3,0.1,0.4,0.8,0.2,0.9,1.4,2.2,2.2,1.6,0.389,0.611,1.0,0.705
1629060,Rui Hachimura,1610612747,LAL,27.0,59,1869.0,5.6,3.3,2.3,1.9,0.0,0.5,1.3,0.3,0.3,0.5,0.5,0.5,0.3,1.1,1.4,1.4,0.8,0.211,0.789,1.0,0.592
201566,Russell Westbrook,1610612743,DEN,36.0,75,2092.0,3.0,1.5,1.6,3.2,0.1,0.4,1.0,0.4,0.4,0.8,0.469,0.531,0.2,0.1,0.3,0.3,0.3,0.6,0.4,1.0,0.85
1642346,Ryan Dunn,1610612756,PHX,22.0,71,1385.0,8.2,4.5,3.7,2.5,0.0,0.5,1.2,0.5,0.3,0.8,0.667,0.333,0.0,0.4,0.4,0.4,0.2,0.067,1.0,1.0,0.375
1631157,Ryan Rollins,1610612749,MIL,22.0,50,794.0,5.3,3.0,2.2,4.0,0.0,0.2,0.5,0.3,0.6,0.9,0.3,0.7,0.0,0.4,0.4,0.4,0.2,0.0,1.0,1.0,0.5
1630573,Sam Hauser,1610612738,BOS,27.0,70,1530.0,5.2,3.5,1.7,2.4,0.0,0.7,1.8,0.4,0.3,0.7,0.586,0.414,0.0,0.8,0.9,0.9,0.2,0.027,0.973,1.0,0.243
1630241,Sam Merrill,1610612739,CLE,29.0,71,1401.0,4.8,3.3,1.5,2.6,0.2,0.8,1.8,0.2,0.3,0.5,0.474,0.526,0.1,0.3,0.4,0.4,0.1,0.143,0.857,1.0,0.357
1630572,Sandro Mamukelashvili,1610612759,SAS,26.0,54,664.0,10.5,7.0,3.5,2.3,0.0,1.9,4.6,0.8,0.5,1.2,0.609,0.391,0.3,1.5,1.8,1.8,0.9,0.182,0.818,1.0,0.515
1630583,Santi Aldama,1610612763,MEM,24.0,65,1660.0,6.7,4.1,2.6,1.8,0.0,0.5,1.0,0.3,0.3,0.6,0.483,0.517,0.2,0.6,0.8,0.8,0.5,0.194,0.806,1.0,0.583
1630703,Scoot Henderson,1610612757,POR,21.0,66,1759.0,3.5,1.4,2.1,3.7,0.0,0.2,0.5,0.6,0.4,1.0,0.58,0.42,0.0,0.3,0.3,0.3,0.1,0.063,0.938,1.0,0.375
1630567,Scottie Barnes,1610612761,TOR,23.0,65,2134.0,5.8,3.6,2.2,2.5,0.0,0.8,1.9,0.5,0.4,0.9,0.549,0.451,0.1,1.0,1.2,1.1,0.5,0.116,0.884,0.986,0.464
1630590,Scotty Pippen Jr.,1610612763,MEM,24.0,79,1683.0,3.8,1.6,2.2,4.5,0.1,0.2,0.6,0.5,0.7,1.2,0.436,0.564,0.0,0.3,0.3,0.3,0.1,0.067,0.933,0.933,0.333
203552,Seth Curry,1610612766,CHA,34.0,58,981.0,2.7,0.9,1.8,2.0,0.1,0.8,1.9,0.4,0.5,0.8,0.435,0.565,0.0,0.6,0.6,0.6,0.2,0.0,1.0,1.0,0.313
1631101,Shaedon Sharpe,1610612757,POR,22.0,72,2252.0,3.4,1.5,2.0,1.4,0.0,0.1,0.4,0.3,0.3,0.6,0.444,0.556,0.0,0.4,0.4,0.4,0.2,0.08,0.92,1.0,0.4
1628983,Shai Gilgeous-Alexander,1610612760,OKC,26.0,76,2598.0,5.7,3.1,2.7,2.9,0.0,0.3,0.6,0.5,0.5,1.0,0.458,0.542,0.0,0.6,0.6,0.6,0.2,0.0,1.0,1.0,0.425
1629003,Shake Milton,1610612747,LAL,28.0,46,784.0,3.1,1.5,1.6,2.5,0.2,0.6,1.5,0.4,0.1,0.5,0.727,0.273,0.0,0.3,0.3,0.3,0.1,0.0,1.0,1.0,0.5
1631321,Sidy Cissoko,1610612757,POR,21.0,7,76.0,3.8,1.9,1.9,1.9,0.0,0.5,0.9,0.9,0.9,1.9,0.5,0.5,0.0,0.5,0.5,0.5,0.5,0.0,1.0,1.0,1.0
1631323,Simone Fontecchio,1610612765,DET,29.0,72,1198.0,5.3,2.8,2.4,2.3,0.0,1.0,2.4,0.3,0.5,0.8,0.4,0.6,0.4,1.1,1.5,1.5,0.8,0.26,0.74,0.98,0.5
1627746,Skal Labissiere,1610612758,SAC,29.0,2,10.0,7.2,3.6,3.6,0.0,0.0,7.2,21.6,3.6,0.0,3.6,1.0,0.0,0.0,3.6,3.6,3.6,0.0,0.0,1.0,1.0,0.0
203915,Spencer Dinwiddie,1610612742,DAL,32.0,76,2101.0,4.0,2.0,2.0,1.5,0.0,0.5,1.1,0.2,0.3,0.5,0.448,0.552,0.0,0.5,0.5,0.5,0.3,0.0,1.0,1.0,0.484
1642461,Spencer Jones,1610612743,DEN,24.0,13,111.0,6.5,2.9,3.6,3.6,0.0,0.6,1.6,1.3,0.0,1.3,1.0,0.0,1.0,1.9,2.9,2.9,1.9,0.333,0.667,1.0,0.667
1630649,Stanley Umude,1610612749,MIL,26.0,17,80.0,9.5,5.4,4.1,3.6,0.0,0.0,0.0,0.5,0.9,1.4,0.333,0.667,0.0,0.0,0.0,0.0,0.0,0.0,0.0,0.0,0.0
201939,Stephen Curry,1610612744,GSW,37.0,70,2252.0,3.6,1.6,2.0,2.5,0.1,0.8,1.8,0.4,0.4,0.8,0.51,0.49,0.0,0.3,0.4,0.3,0.1,0.045,0.955,0.864,0.364
1642264,Stephon Castle,1610612759,SAS,20.0,80,2154.0,5.1,2.8,2.3,2.4,0.0,0.4,1.0,0.5,0.4,0.9,0.537,0.463,0.0,0.1,0.1,0.1,0.0,0.0,1.0,1.0,0.4
203500,Steven Adams,1610612745,HOU,31.0,56,794.0,10.3,8.0,2.3,1.7,0.0,6.4,14.5,1.0,0.4,1.4,0.7,0.3,2.9,2.5,5.5,5.2,3.5,0.537,0.463,0.95,0.645
1629004,Svi Mykhailiuk,1610612762,UTA,28.0,36,750.0,4.2,2.4,1.8,2.7,0.0,0.5,1.3,0.5,0.2,0.7,0.733,0.267,0.0,0.0,0.1,0.1,0.1,0.5,0.5,1.0,1.0
204456,T.J. McConnell,1610612754,IND,33.0,78,1415.0,3.2,1.1,2.1,4.2,0.2,0.0,0.1,0.5,0.6,1.1,0.419,0.581,0.0,0.1,0.1,0.1,0.0,0.0,1.0,1.0,0.25
201959,Taj Gibson,1610612766,CHA,40.0,35,404.0,10.9,7.8,3.0,1.7,0.1,4.7,11.0,0.7,0.3,1.0,0.727,0.273,1.5,2.4,3.9,3.7,2.1,0.386,0.614,0.955,0.545
1629659,Talen Horton-Tucker,1610612741,CHI,24.0,50,703.0,6.0,2.3,3.7,2.9,0.1,0.3,0.7,0.3,0.2,0.5,0.667,0.333,0.1,0.9,0.9,0.9,0.4,0.059,1.0,1.0,0.389
1631106,Tari Eason,1610612745,HOU,24.0,57,1420.0,7.1,4.4,2.7,3.6,0.0,0.2,0.5,0.6,0.8,1.4,0.436,0.564,0.3,0.8,1.1,1.1,0.7,0.262,0.738,1.0,0.69
1627752,Taurean Prince,1610612749,MIL,31.0,80,2166.0,3.3,1.6,1.6,2.6,0.1,0.2,0.4,0.2,0.2,0.4,0.478,0.522,0.0,0.5,0.5,0.5,0.2,0.091,0.909,1.0,0.455
1641707,Taylor Hendricks,1610612762,UTA,21.0,3,75.0,4.8,2.9,1.9,3.8,0.0,0.0,0.0,0.0,1.0,1.0,0.0,1.0,0.0,0.0,0.0,0.0,0.0,0.0,0.0,0.0,0.0
1631386,Taze Moore,1610612757,POR,27.0,2,20.0,1.8,1.8,0.0,9.0,0.0,0.0,0.0,0.0,0.0,0.0,0.0,0.0,0.0,3.6,3.6,3.6,1.8,0.0,1.0,1.0,0.5
1629611,Terance Mann,1610612737,ATL,28.0,67,1414.0,4.5,2.5,2.0,2.9,0.0,0.9,2.1,0.2,0.3,0.5,0.368,0.632,0.2,0.4,0.6,0.6,0.3,0.292,0.708,0.958,0.5
1629056,Terence Davis,1610612758,SAC,28.0,1,8.0,4.5,0.0,4.5,0.0,0.0,0.0,0.0,0.0,0.0,0.0,0.0,0.0,0.0,0.0,0.0,0.0,0.0,0.0,0.0,0.0,0.0
1630545,Terrence Shannon Jr.,1610612750,MIN,24.0,27,324.0,6.0,2.7,3.3,2.6,0.0,0.8,1.7,0.0,0.9,0.9,0.0,1.0,0.2,0.8,1.0,1.0,0.4,0.222,0.778,1.0,0.444
1626179,Terry Rozier,1610612748,MIA,31.0,60,1601.0,3.8,1.4,2.4,1.5,0.0,0.4,1.0,0.5,0.3,0.8,0.611,0.389,0.0,0.2,0.2,0.2,0.0,0.0,1.0,0.909,0.182
1628418,Thomas Bryant,1610612754,IND,27.0,65,961.0,9.4,7.8,1.5,2.3,0.0,4.0,8.8,0.3,0.2,0.5,0.615,0.385,0.8,2.1,3.0,2.8,1.8,0.278,0.722,0.949,0.608
1642275,Tidjane Salaün,1610612766,CHA,19.0,60,1244.0,4.5,2.4,2.1,2.1,0.1,0.8,2.0,0.2,0.4,0.6,0.3,0.7,0.2,0.6,0.9,0.8,0.5,0.267,0.733,0.931,0.655
203501,Tim Hardaway Jr.,1610612765,DET,33.0,76,2141.0,4.3,2.0,2.4,1.0,0.3,1.1,2.5,0.2,0.3,0.5,0.438,0.563,0.0,0.4,0.4,0.4,0.1,0.042,0.958,1.0,0.125
202699,Tobias Harris,1610612765,DET,32.0,73,2305.0,5.6,3.0,2.7,1.9,0.0,1.0,2.5,0.2,0.3,0.6,0.432,0.568,0.1,1.1,1.2,1.2,0.6,0.101,0.899,1.0,0.481
1642449,Tolu Smith,1610612765,DET,24.0,1,22.0,13.1,8.2,4.9,0.0,0.0,6.5,18.0,0.0,0.0,0.0,0.0,0.0,4.9,0.0,4.9,4.9,4.9,1.0,0.0,1.0,1.0
1628396,Tony Bradley,1610612754,IND,27.0,11,108.0,13.3,10.7,2.7,3.3,0.0,5.3,12.7,0.3,0.3,0.7,0.5,0.5,0.3,3.3,3.7,3.0,1.3,0.091,0.909,0.9,0.4
1628470,Torrey Craig,1610612738,BOS,34.0,25,313.0,6.3,3.0,3.3,3.1,0.1,1.4,3.6,0.6,0.6,1.2,0.5,0.5,0.6,0.3,0.9,0.9,0.7,0.625,0.375,1.0,0.75
1641787,Tosan Evbuomwan,1610612751,BKN,24.0,28,665.0,6.7,4.4,2.3,2.7,0.1,0.4,1.1,0.3,0.4,0.7,0.462,0.538,0.1,0.5,0.6,0.6,0.2,0.167,0.833,1.0,0.333
1641739,Toumani Camara,1610612757,POR,25.0,78,2548.0,5.5,3.4,2.1,3.0,0.4,1.3,3.3,0.4,0.4,0.8,0.534,0.466,0.4,0.8,1.1,1.1,0.4,0.313,0.688,0.963,0.35
1629027,Trae Young,1610612737,ATL,26.0,75,2706.0,1.5,0.4,1.1,2.0,0.1,0.2,0.5,0.3,0.3,0.6,0.521,0.479,0.0,0.2,0.2,0.2,0.0,0.0,1.0,1.0,0.25
1631218,Trayce Jackson-Davis,1610612744,GSW,25.0,58,958.0,12.4,9.1,3.3,1.7,0.0,5.1,12.6,0.7,0.2,0.8,0.818,0.182,0.5,2.1,2.6,2.5,1.5,0.188,0.812,0.971,0.594
1630200,Tre Jones,1610612741,CHI,25.0,43,866.0,2.8,1.5,1.3,2.7,0.1,0.2,0.5,0.3,0.3,0.6,0.5,0.5,0.0,0.3,0.3,0.3,0.1,0.0,1.0,1.0,0.25
1630544,Tre Mann,1610612766,CHA,24.0,13,319.0,4.2,2.1,2.0,1.8,0.0,0.5,1.2,0.7,0.1,0.8,0.857,0.143,0.0,0.0,0.0,0.0,0.0,0.0,0.0,0.0,0.0
1630570,Trendon Watford,1610612751,BKN,24.0,43,913.0,6.5,3.5,3.0,2.5,0.1,0.6,1.5,0.5,0.4,0.9,0.591,0.409,0.0,0.7,0.7,0.7,0.3,0.0,1.0,1.0,0.444
1642280,Trentyn Flowers,1610612746,LAC,20.0,1,6.0,6.0,6.0,0.0,6.0,0.0,0.0,0.0,0.0,0.0,0.0,0.0,0.0,0.0,0.0,0.0,0.0,0.0,0.0,0.0,0.0,0.0
1630243,Trevelin Queen,1610612753,ORL,28.0,25,417.0,7.5,4.4,3.1,6.6,0.0,0.7,1.6,0.6,0.4,1.0,0.583,0.417,0.1,0.3,0.3,0.3,0.1,0.25,0.75,1.0,0.25
1641725,Trey Alexander,1610612743,DEN,22.0,14,94.0,6.5,4.2,2.3,3.1,0.0,0.0,0.0,0.4,0.4,0.8,0.5,0.5,0.0,0.4,0.4,0.4,0.0,0.0,1.0,1.0,0.0
1641998,Trey Jemison III,1610612747,LAL,25.0,34,384.0,11.5,7.5,4.0,2.1,0.0,4.0,9.3,0.8,0.2,1.0,0.818,0.182,0.5,2.4,2.9,2.6,1.2,0.161,0.839,0.933,0.433
1626168,Trey Lyles,1610612758,SAC,29.0,69,1350.0,7.3,4.2,3.1,2.1,0.3,1.5,3.8,0.4,0.3,0.7,0.536,0.464,0.3,1.2,1.5,1.5,0.8,0.211,0.789,0.982,0.544
1630530,Trey Murphy III,1610612740,NOP,25.0,53,1854.0,5.5,3.1,2.4,2.4,0.0,0.4,1.0,0.3,0.3,0.6,0.533,0.467,0.0,0.4,0.4,0.4,0.1,0.0,1.0,1.0,0.368
202684,Tristan Thompson,1610612739,CLE,34.0,37,320.0,10.8,7.3,3.5,1.1,0.0,4.8,11.5,0.1,0.5,0.6,0.2,0.8,0.5,2.0,2.5,2.4,1.2,0.182,0.818,0.955,0.5
1641774,Tristan Vukcevic,1610612764,WAS,22.0,31,491.0,11.1,8.0,3.2,2.7,0.3,2.9,6.5,0.4,0.0,0.4,1.0,0.0,0.1,1.3,1.5,1.5,1.0,0.1,0.9,1.0,0.65
1641783,Tristan da Silva,1610612753,ORL,24.0,74,1629.0,5.4,3.4,2.0,1.7,0.0,0.5,1.1,0.4,0.2,0.6,0.714,0.286,0.1,1.0,1.1,1.1,0.4,0.098,0.902,0.961,0.333
1641803,Tristen Newton,1610612750,MIN,24.0,3,9.0,8.0,0.0,8.0,12.0,0.0,0.0,0.0,0.0,0.0,0.0,0.0,0.0,0.0,0.0,0.0,0.0,0.0,0.0,0.0,0.0,0.0
1629660,Ty Jerome,1610612739,CLE,27.0,70,1392.0,3.6,1.5,2.1,4.2,0.0,0.5,1.1,0.2,0.4,0.6,0.36,0.64,0.0,0.3,0.3,0.3,0.2,0.0,1.0,1.0,0.545
1631102,TyTy Washington Jr.,1610612756,PHX,23.0,7,100.0,4.0,1.8,2.2,3.6,0.0,0.0,0.0,0.4,1.4,1.8,0.2,0.8,0.0,1.8,1.8,1.4,0.7,0.0,1.0,0.8,0.4
1629639,Tyler Herro,1610612748,MIA,25.0,77,2725.0,3.4,2.0,1.4,1.6,0.0,0.3,0.7,0.3,0.4,0.7,0.471,0.529,0.0,0.4,0.4,0.4,0.1,0.0,1.0,1.0,0.259
1642278,Tyler Kolek,1610612752,NYK,24.0,22,251.0,4.6,2.6,2.0,2.7,0.1,0.1,0.4,0.4,0.1,0.6,0.75,0.25,0.0,0.4,0.4,0.4,0.0,0.0,1.0,1.0,0.0
1641890,Tyler Smith,1610612749,MIL,20.0,14,103.0,8.0,3.8,4.2,3.1,0.3,1.4,3.5,0.7,0.3,1.0,0.667,0.333,0.0,0.7,0.7,0.7,0.0,0.0,1.0,1.0,0.0
1630169,Tyrese Haliburton,1610612754,IND,25.0,72,2422.0,3.8,1.8,2.1,3.1,0.0,0.5,1.1,0.3,0.4,0.7,0.429,0.571,0.0,0.2,0.2,0.2,0.1,0.0,1.0,1.0,0.667
1631213,Tyrese Martin,1610612751,BKN,26.0,58,1313.0,5.0,2.3,2.6,1.8,0.0,0.4,0.8,0.3,0.4,0.7,0.423,0.577,0.1,0.4,0.5,0.5,0.3,0.222,0.778,1.0,0.556
1630178,Tyrese Maxey,1610612755,PHI,24.0,52,1960.0,3.3,1.5,1.7,2.5,0.0,0.2,0.6,0.2,0.4,0.6,0.371,0.629,0.0,0.3,0.3,0.3,0.1,0.0,1.0,0.938,0.375
1630623,Tyson Etienne,1610612751,BKN,25.0,7,151.0,2.4,0.7,1.7,2.9,0.0,0.0,0.0,0.0,0.2,0.2,0.0,1.0,0.0,0.7,0.7,0.7,0.2,0.0,1.0,1.0,0.333
1626145,Tyus Jones,1610612756,PHX,29.0,79,2118.0,2.6,0.8,1.8,2.1,0.0,0.5,1.1,0.3,0.2,0.5,0.6,0.4,0.0,0.2,0.2,0.2,0.1,0.0,1.0,1.0,0.417
1642279,Ulrich Chomche,1610612761,TOR,19.0,6,31.0,12.8,10.5,2.3,1.2,0.0,4.6,9.3,1.2,0.0,1.2,1.0,0.0,2.3,2.3,4.6,4.6,3.5,0.5,0.5,1.0,0.75
203995,Vasilije Micic,1610612756,PHX,31.0,29,620.0,1.6,0.8,0.8,1.6,0.1,0.4,1.1,0.2,0.5,0.6,0.273,0.727,0.0,0.5,0.5,0.5,0.1,0.0,1.0,1.0,0.125
1641705,Victor Wembanyama,1610612759,SAS,21.0,46,1527.0,11.6,8.8,2.8,3.7,0.2,1.5,3.5,0.3,0.4,0.7,0.452,0.548,0.1,0.6,0.7,0.7,0.5,0.133,0.867,1.0,0.667
1631246,Vince Williams Jr.,1610612763,MEM,24.0,25,467.0,4.1,2.4,1.7,2.8,0.1,0.7,1.5,0.2,0.3,0.5,0.429,0.571,0.1,0.3,0.4,0.4,0.0,0.2,0.8,1.0,0.0
1628427,Vlatko Čančar,1610612743,DEN,28.0,9,126.0,7.7,4.3,3.4,1.7,0.0,0.6,1.4,0.0,0.0,0.0,0.0,0.0,0.6,0.9,1.4,1.4,1.4,0.4,0.6,1.0,1.0
1630249,Vít Krejčí,1610612737,ATL,25.0,54,1136.0,6.8,4.3,2.6,1.8,0.0,0.3,0.7,0.4,0.3,0.7,0.571,0.429,0.0,0.4,0.4,0.4,0.1,0.077,0.923,1.0,0.308
1631117,Walker Kessler,1610612762,UTA,23.0,58,1740.0,15.5,10.9,4.6,1.9,0.0,3.5,8.3,0.6,0.2,0.8,0.75,0.25,1.3,1.8,3.1,3.1,2.5,0.416,0.584,1.0,0.805
1628976,Wendell Carter Jr.,1610612753,ORL,26.0,68,1758.0,8.4,5.9,2.5,1.8,0.0,3.0,6.8,0.4,0.3,0.7,0.594,0.406,0.7,1.8,2.5,2.5,1.5,0.295,0.705,0.984,0.59
1631111,Wendell Moore Jr.,1610612766,CHA,23.0,30,485.0,3.1,1.7,1.4,3.5,0.0,0.2,0.5,0.3,0.2,0.5,0.571,0.429,0.0,0.4,0.4,0.3,0.1,0.0,1.0,0.8,0.4
1630214,Xavier Tillman,1610612738,BOS,26.0,25,205.0,11.1,6.1,4.9,3.2,0.0,2.3,6.1,0.4,0.5,0.9,0.4,0.6,0.2,0.9,1.1,1.1,0.7,0.167,0.833,1.0,0.667
1642530,Yuki Kawamura,1610612763,MEM,24.0,10,69.0,4.2,1.0,3.1,3.1,0.0,0.0,0.0,0.0,0.5,0.5,0.0,1.0,0.0,0.0,0.0,0.0,0.0,0.0,0.0,0.0,0.0
1641879,Yuri Collins,1610612744,GSW,24.0,2,16.0,0.0,0.0,0.0,2.3,0.0,0.0,0.0,2.3,2.3,4.5,0.5,0.5,0.0,0.0,0.0,0.0,0.0,0.0,0.0,0.0,0.0
1642274,Yves Missi,1610612740,NOP,21.0,73,1956.0,11.4,7.8,3.5,1.4,0.0,4.7,10.6,0.5,0.3,0.8,0.659,0.341,0.6,1.3,2.0,1.9,1.0,0.311,0.689,0.991,0.538
1642258,Zaccharie Risacher,1610612737,ATL,20.0,75,1843.0,7.2,4.2,3.0,2.3,0.0,0.5,1.2,0.3,0.3,0.6,0.5,0.5,0.0,0.4,0.4,0.4,0.0,0.05,0.95,0.95,0.1
1628380,Zach Collins,1610612741,CHI,27.0,63,975.0,12.8,9.8,3.0,2.1,0.1,4.8,10.7,0.5,0.3,0.7,0.65,0.35,0.9,1.7,2.6,2.5,1.6,0.343,0.657,0.971,0.6
1641744,Zach Edey,1610612763,MEM,23.0,65,1409.0,12.8,9.7,3.1,1.2,0.0,3.9,8.8,0.7,0.4,1.0,0.65,0.35,1.8,2.7,4.5,4.5,2.9,0.4,0.606,1.0,0.653
203897,Zach LaVine,1610612758,SAC,30.0,74,2603.0,4.8,1.6,3.2,1.4,0.0,0.5,1.2,0.2,0.2,0.5,0.471,0.529,0.0,0.1,0.1,0.1,0.1,0.333,0.667,1.0,0.667
1630192,Zeke Nnaji,1610612743,DEN,24.0,49,580.0,11.5,7.3,4.2,2.5,0.1,2.0,5.3,0.2,0.4,0.7,0.364,0.636,0.2,1.2,1.4,1.4,0.6,0.136,0.864,1.0,0.455
1630533,Ziaire Williams,1610612751,BKN,23.0,62,1530.0,5.5,2.5,2.9,3.9,0.0,0.4,1.0,0.4,0.2,0.6,0.6,0.4,0.1,0.4,0.5,0.5,0.3,0.227,0.773,1.0,0.591
1629627,Zion Williamson,1610612740,NOP,24.0,30,857.0,5.2,2.1,3.1,3.3,0.0,1.1,2.5,0.9,0.5,1.3,0.656,0.344,0.3,0.5,0.8,0.8,0.6,0.316,0.684,1.0,0.737
1642389,Zyon Pullin,1610612763,MEM,24.0,1,1.0,36.0,36.0,0.0,0.0,0.0,0.0,0.0,0.0,0.0,0.0,0.0,0.0,0.0,0.0,0.0,0.0,0.0,0.0,0.0,0.0,0.0
