PLAYER_ID,RANK,PLAYER,TEAM_ID,TEAM,GP,MIN,FGM,FGA,FG_PCT,FG3M,FG3A,FG3_PCT,FTM,FTA,FT_PCT,OREB,DREB,REB,AST,STL,BLK,TOV,PTS,EFF
1628983,1,Shai Gilgeous-Alexander,1610612760,OKC,76,34.2,11.3,21.8,0.519,2.1,5.7,0.375,7.9,8.8,0.898,0.9,4.1,5.0,6.4,1.7,1.0,2.4,32.7,33.0
203507,2,Giannis Antetokounmpo,1610612749,MIL,67,34.2,11.8,19.7,0.601,0.2,0.9,0.222,6.5,10.6,0.617,2.2,9.7,11.9,6.5,0.9,1.2,3.1,30.4,35.8
203999,3,Nikola Jokić,1610612743,DEN,70,36.7,11.2,19.5,0.576,2.0,4.7,0.417,5.2,6.4,0.8,2.9,9.9,12.7,10.2,1.8,0.6,3.3,29.6,42.2
1630162,4,Anthony Edwards,1610612750,MIN,79,36.3,9.1,20.4,0.447,4.1,10.3,0.395,5.3,6.3,0.837,0.8,4.9,5.7,4.5,1.2,0.6,3.2,27.6,24.1
1628369,5,Jayson Tatum,1610612738,BOS,72,36.4,9.2,20.3,0.452,3.5,10.1,0.343,5.0,6.1,0.814,0.7,8.0,8.7,6.0,1.1,0.5,2.9,26.8,27.9
201142,6,Kevin Durant,1610612756,PHX,62,36.5,9.5,18.1,0.527,2.6,6.0,0.43,4.9,5.8,0.839,0.4,5.7,6.0,4.2,0.8,1.2,3.1,26.6,26.3
1630595,7,Cade Cunningham,1610612765,DET,70,35.0,9.8,20.8,0.469,2.1,6.0,0.356,4.5,5.3,0.846,0.8,5.3,6.1,9.1,1.0,0.8,4.4,26.1,26.8
1628973,8,Jalen Brunson,1610612752,NYK,65,35.4,9.0,18.5,0.488,2.3,6.1,0.383,5.7,6.9,0.821,0.4,2.5,2.9,7.3,0.9,0.1,2.5,26.0,24.0
1626164,9,Devin Booker,1610612756,PHX,75,37.3,8.7,18.9,0.461,2.4,7.3,0.332,5.8,6.4,0.894,1.0,3.1,4.1,7.1,0.9,0.2,2.9,25.6,24.0
203081,10,Damian Lillard,1610612749,MIL,58,36.1,7.7,17.1,0.448,3.4,9.0,0.376,6.2,6.8,0.921,0.5,4.2,4.7,7.1,1.2,0.2,2.8,24.9,25.3
201939,11,Stephen Curry,1610612744,GSW,70,32.2,8.1,18.0,0.448,4.4,11.2,0.397,4.0,4.3,0.933,0.6,3.9,4.4,6.0,1.1,0.4,2.9,24.5,23.5
1626157,12,Karl-Anthony Towns,1610612752,NYK,72,35.0,8.9,16.9,0.526,2.0,4.7,0.42,4.7,5.7,0.829,2.9,9.8,12.8,3.1,1.0,0.7,2.7,24.4,30.3
2544,13,LeBron James,1610612747,LAL,70,34.9,9.3,18.1,0.513,2.1,5.7,0.376,3.7,4.7,0.782,1.0,6.8,7.8,8.2,1.0,0.6,3.7,24.4,28.4
1629027,14,Trae Young,1610612737,ATL,76,36.0,7.4,18.1,0.411,2.9,8.4,0.34,6.5,7.4,0.875,0.5,2.6,3.1,11.6,1.2,0.2,4.7,24.2,24.0
1630532,15,Franz Wagner,1610612753,ORL,60,33.7,9.0,19.4,0.463,1.7,5.9,0.295,4.5,5.2,0.871,0.9,4.8,5.7,4.7,1.3,0.4,2.3,24.2,22.8
1628378,16,Donovan Mitchell,1610612739,CLE,71,31.4,8.2,18.6,0.443,3.3,8.9,0.368,4.2,5.1,0.823,0.8,3.7,4.5,5.0,1.3,0.2,2.1,24.0,21.7
1629639,17,Tyler Herro,1610612748,MIA,77,35.4,8.5,17.9,0.472,3.3,8.7,0.375,3.7,4.2,0.878,0.5,4.7,5.2,5.5,0.9,0.2,2.6,23.9,23.2
1628368,18,De'Aaron Fox,1610612759,SAS,62,36.1,8.7,18.8,0.463,1.9,6.1,0.31,4.2,5.1,0.827,0.9,3.9,4.8,6.3,1.5,0.4,2.8,23.5,22.8
203897,19,Zach LaVine,1610612758,SAC,74,35.2,8.4,16.5,0.511,3.2,7.2,0.446,3.2,3.9,0.825,0.3,4.0,4.3,4.2,0.8,0.2,2.8,23.3,21.1
201935,20,James Harden,1610612746,LAC,79,35.3,6.7,16.4,0.41,3.0,8.5,0.352,6.4,7.3,0.874,0.7,5.1,5.8,8.7,1.5,0.7,4.3,22.8,24.6
201942,21,DeMar DeRozan,1610612758,SAC,77,35.9,8.1,17.0,0.477,1.1,3.3,0.328,4.9,5.7,0.857,0.6,3.2,3.9,4.4,0.8,0.4,1.4,22.2,20.7
1627759,22,Jaylen Brown,1610612738,BOS,63,34.3,8.2,17.7,0.463,1.8,5.7,0.324,3.9,5.1,0.764,1.3,4.5,5.8,4.5,1.2,0.3,2.6,22.2,20.7
1628991,23,Jaren Jackson Jr.,1610612763,MEM,74,29.8,8.0,16.4,0.488,2.0,5.3,0.375,4.2,5.4,0.781,1.2,4.4,5.6,2.0,1.2,1.5,2.1,22.2,20.9
1626181,24,Norman Powell,1610612746,LAC,60,32.6,7.6,15.8,0.484,3.0,7.1,0.418,3.6,4.4,0.804,0.4,2.8,3.2,2.1,1.2,0.2,1.8,21.8,17.6
1631114,25,Jalen Williams,1610612760,OKC,69,32.4,8.2,16.9,0.484,1.8,4.9,0.365,3.4,4.3,0.789,0.9,4.5,5.3,5.1,1.6,0.7,2.2,21.6,22.5
1627750,26,Jamal Murray,1610612743,DEN,67,36.1,7.9,16.7,0.474,2.3,5.9,0.393,3.3,3.7,0.886,0.7,3.2,3.9,6.0,1.4,0.5,2.1,21.4,21.9
1629628,27,RJ Barrett,1610612761,TOR,58,32.2,7.9,16.9,0.468,1.8,5.3,0.35,3.4,5.4,0.63,1.1,5.3,6.3,5.4,0.8,0.3,2.9,21.1,20.1
1630224,28,Jalen Green,1610612745,HOU,82,32.9,7.4,17.5,0.423,2.9,8.1,0.354,3.3,4.1,0.813,0.5,4.0,4.6,3.4,0.9,0.3,2.5,21.0,16.9
1629636,29,Darius Garland,1610612739,CLE,75,30.7,7.4,15.7,0.472,2.8,7.1,0.401,3.0,3.4,0.878,0.6,2.2,2.9,6.7,1.2,0.1,2.5,20.6,20.3
1629673,30,Jordan Poole,1610612764,WAS,68,29.4,6.7,15.5,0.432,3.5,9.1,0.378,3.6,4.0,0.883,0.5,2.5,3.0,4.5,1.3,0.4,3.0,20.5,17.3
1629632,31,Coby White,1610612741,CHI,74,33.1,6.9,15.1,0.453,2.9,7.9,0.37,3.7,4.1,0.902,0.3,3.4,3.7,4.5,0.9,0.2,2.4,20.4,18.6
1628970,32,Miles Bridges,1610612766,CHA,64,31.7,7.3,17.0,0.431,2.2,7.0,0.313,3.5,4.0,0.87,1.1,6.4,7.5,3.9,0.7,0.7,2.1,20.3,20.8
1627783,33,Pascal Siakam,1610612754,IND,78,32.7,7.9,15.2,0.519,1.6,4.2,0.389,2.9,3.9,0.734,1.7,5.2,6.9,3.4,0.9,0.5,1.4,20.2,22.2
1630559,34,Austin Reaves,1610612747,LAL,73,34.9,6.5,14.2,0.46,2.7,7.3,0.377,4.4,5.0,0.877,0.8,3.7,4.5,5.8,1.1,0.3,2.4,20.2,21.2
1630567,35,Scottie Barnes,1610612761,TOR,65,32.8,7.3,16.4,0.446,1.2,4.3,0.271,3.5,4.6,0.755,1.7,6.0,7.7,5.8,1.4,1.0,2.8,19.3,22.2
1629014,36,Anfernee Simons,1610612757,POR,70,32.7,6.8,16.1,0.426,3.1,8.5,0.363,2.5,2.8,0.902,0.4,2.3,2.7,4.8,0.9,0.1,2.0,19.3,16.2
1630217,37,Desmond Bane,1610612753,ORL,69,32.0,7.1,14.8,0.484,2.4,6.1,0.392,2.6,2.9,0.894,0.9,5.2,6.1,5.3,1.2,0.4,2.4,19.2,21.8
1627734,38,Domantas Sabonis,1610612758,SAC,70,34.7,7.5,12.8,0.59,0.9,2.2,0.417,3.1,4.1,0.754,3.8,10.1,13.9,6.0,0.7,0.4,2.9,19.1,31.0
1630578,39,Alperen Sengun,1610612745,HOU,76,31.5,7.5,15.0,0.496,0.3,1.2,0.233,3.9,5.6,0.692,3.4,6.9,10.3,4.9,1.1,0.8,2.6,19.1,24.4
203944,40,Julius Randle,1610612750,MIN,69,32.3,6.6,13.6,0.485,1.6,4.6,0.344,3.9,4.9,0.806,2.1,5.0,7.1,4.7,0.7,0.2,2.8,18.7,20.5
1630169,41,Tyrese Haliburton,1610612754,IND,73,33.6,6.5,13.8,0.473,3.0,7.7,0.388,2.6,3.0,0.851,0.6,3.0,3.5,9.2,1.4,0.7,1.6,18.6,24.1
1631101,42,Shaedon Sharpe,1610612757,POR,72,31.3,6.9,15.3,0.452,2.0,6.6,0.311,2.6,3.4,0.785,0.9,3.6,4.5,2.8,0.9,0.2,2.1,18.5,15.7
1630596,43,Evan Mobley,1610612739,CLE,71,30.5,7.1,12.8,0.557,1.2,3.2,0.37,3.1,4.3,0.725,2.3,7.0,9.3,3.2,0.9,1.6,2.0,18.5,24.6
202696,44,Nikola Vučević,1610612741,CHI,73,31.2,7.5,14.2,0.53,1.8,4.4,0.402,1.6,2.0,0.805,2.4,7.6,10.1,3.5,0.8,0.7,1.6,18.5,24.9
1629012,45,Collin Sexton,1610612762,UTA,63,27.9,6.6,13.8,0.48,1.7,4.3,0.406,3.4,4.0,0.865,1.0,1.8,2.7,4.2,0.7,0.1,2.5,18.4,15.9
1629008,46,Michael Porter Jr.,1610612743,DEN,77,33.7,6.9,13.6,0.504,2.5,6.4,0.395,1.9,2.5,0.768,1.8,5.2,7.0,2.1,0.6,0.5,1.4,18.2,19.8
1628389,47,Bam Adebayo,1610612748,MIA,78,34.3,6.9,14.3,0.485,1.0,2.8,0.357,3.2,4.2,0.765,2.4,7.2,9.6,4.3,1.3,0.7,2.1,18.1,23.5
1628384,48,OG Anunoby,1610612752,NYK,74,36.6,6.6,13.9,0.476,2.3,6.2,0.372,2.5,3.1,0.81,1.3,3.5,4.8,2.2,1.5,0.9,1.4,18.0,18.2
203952,49,Andrew Wiggins,1610612748,MIA,60,30.7,6.3,14.0,0.448,2.2,5.8,0.374,3.3,4.3,0.763,1.5,3.0,4.5,2.6,1.0,0.8,1.7,18.0,16.5
1628969,50,Mikal Bridges,1610612752,NYK,82,37.0,7.2,14.4,0.5,2.0,5.6,0.354,1.2,1.4,0.814,0.9,2.3,3.2,3.7,0.9,0.5,1.6,17.6,16.9
1628370,51,Malik Monk,1610612758,SAC,65,31.6,6.3,14.4,0.439,2.1,6.6,0.325,2.4,2.7,0.865,0.5,3.3,3.8,5.6,0.9,0.6,2.4,17.2,17.1
1629631,52,De'Andre Hunter,1610612739,CLE,64,27.2,5.6,11.9,0.47,2.5,6.1,0.405,3.4,4.0,0.846,0.7,3.3,4.0,1.4,0.8,0.2,1.3,17.0,15.3
1630166,53,Deni Avdija,1610612757,POR,72,30.0,5.6,11.7,0.476,1.7,4.8,0.365,4.0,5.2,0.78,1.5,5.7,7.3,3.9,1.0,0.5,2.7,16.9,19.6
1641718,54,Keyonte George,1610612762,UTA,67,31.5,5.4,13.7,0.391,2.6,7.6,0.343,3.5,4.3,0.818,0.4,3.4,3.8,5.6,0.7,0.1,2.7,16.8,15.1
1627826,55,Ivica Zubac,1610612746,LAC,80,32.8,7.4,11.8,0.628,0.0,0.0,0.0,2.0,3.0,0.661,3.8,8.9,12.6,2.7,0.7,1.1,1.6,16.8,26.9
1628401,56,Derrick White,1610612738,BOS,76,33.9,5.6,12.6,0.442,3.5,9.1,0.384,1.8,2.1,0.839,0.9,3.6,4.5,4.8,0.9,1.1,1.7,16.4,18.6
1627736,57,Malik Beasley,1610612765,DET,82,27.8,5.6,13.1,0.43,3.9,9.3,0.416,1.2,1.7,0.679,0.6,2.0,2.6,1.7,0.9,0.1,1.0,16.3,12.5
1630170,58,Devin Vassell,1610612759,SAS,64,31.0,6.2,13.9,0.443,2.5,6.7,0.368,1.5,1.9,0.792,0.5,3.5,4.0,2.9,1.3,0.5,1.4,16.3,15.4
1631097,59,Bennedict Mathurin,1610612754,IND,72,29.8,5.4,11.8,0.458,1.4,4.0,0.34,3.8,4.6,0.831,1.2,4.1,5.3,1.9,0.7,0.3,1.9,16.1,15.2
1626167,60,Myles Turner,1610612754,IND,72,30.2,5.4,11.3,0.481,2.2,5.5,0.396,2.6,3.3,0.773,1.3,5.3,6.5,1.5,0.8,2.0,1.7,15.6,18.1
1631128,61,Christian Braun,1610612743,DEN,79,33.9,6.0,10.4,0.58,1.1,2.8,0.397,2.2,2.7,0.827,1.2,3.9,5.2,2.6,1.1,0.5,1.0,15.4,18.9
1626162,62,Kelly Oubre Jr.,1610612755,PHI,60,34.6,5.8,12.4,0.47,1.2,4.0,0.293,2.3,3.1,0.751,1.6,4.5,6.1,1.8,1.5,0.5,1.3,15.1,16.4
1628398,63,Kyle Kuzma,1610612749,MIL,65,29.8,5.7,13.0,0.436,1.5,4.8,0.307,2.0,3.1,0.634,0.8,4.9,5.7,2.3,0.6,0.3,2.2,14.8,13.0
1642264,64,Stephon Castle,1610612759,SAS,81,26.7,5.2,12.2,0.428,1.2,4.1,0.285,3.1,4.2,0.724,1.1,2.6,3.7,4.1,0.9,0.3,2.2,14.7,13.3
1630581,65,Josh Giddey,1610612741,CHI,70,30.2,5.3,11.4,0.465,1.5,4.0,0.378,2.5,3.2,0.781,1.8,6.3,8.1,7.2,1.2,0.6,2.9,14.6,22.0
1629656,66,Quentin Grimes,1610612755,PHI,75,26.8,5.1,11.0,0.467,2.2,5.6,0.385,2.2,2.9,0.757,0.8,3.5,4.3,3.0,1.0,0.3,1.9,14.6,14.8
1630202,67,Payton Pritchard,1610612738,BOS,80,28.4,5.1,10.8,0.472,3.2,7.8,0.407,0.9,1.1,0.845,1.3,2.6,3.8,3.5,0.9,0.2,1.0,14.3,15.8
1629675,68,Naz Reid,1610612750,MIN,80,27.5,5.3,11.5,0.462,2.2,5.8,0.379,1.4,1.8,0.776,1.2,4.9,6.0,2.3,0.7,0.9,1.4,14.2,16.2
1630700,69,Dyson Daniels,1610612737,ATL,76,33.8,6.0,12.1,0.493,1.1,3.1,0.34,1.1,1.8,0.593,1.6,4.3,5.9,4.4,3.0,0.7,2.0,14.1,19.2
1627832,70,Fred VanVleet,1610612745,HOU,60,35.2,4.8,12.7,0.378,2.7,7.7,0.345,1.9,2.3,0.81,0.5,3.2,3.7,5.6,1.6,0.4,1.5,14.1,15.5
1641708,71,Amen Thompson,1610612745,HOU,69,32.2,5.6,10.1,0.557,0.4,1.3,0.275,2.4,3.6,0.684,2.8,5.4,8.2,3.8,1.4,1.3,2.0,14.1,21.2
1628415,72,Dillon Brooks,1610612745,HOU,75,31.8,5.1,11.9,0.429,2.5,6.3,0.397,1.3,1.6,0.818,1.0,2.7,3.7,1.7,0.8,0.2,1.0,14.0,12.3
202691,73,Klay Thompson,1610612742,DAL,72,27.3,5.0,12.2,0.412,3.0,7.7,0.391,0.9,1.0,0.905,0.6,2.8,3.4,2.0,0.7,0.4,1.2,14.0,12.0
202699,74,Tobias Harris,1610612765,DET,73,31.6,5.3,11.0,0.477,1.2,3.6,0.345,2.0,2.3,0.861,0.9,5.0,5.9,2.2,1.0,0.8,1.2,13.7,16.4
1628404,75,Josh Hart,1610612752,NYK,77,37.6,5.2,10.0,0.525,1.1,3.3,0.333,2.1,2.7,0.776,2.1,7.5,9.6,5.9,1.5,0.4,2.1,13.6,23.6
1628386,76,Jarrett Allen,1610612739,CLE,82,28.0,5.5,7.8,0.706,0.0,0.1,0.0,2.4,3.4,0.718,2.6,7.1,9.7,1.9,0.9,0.9,1.2,13.5,22.5
1630168,77,Onyeka Okongwu,1610612737,ATL,74,27.9,5.2,9.2,0.567,0.6,2.0,0.324,2.2,2.9,0.759,3.0,5.9,8.9,2.3,0.9,0.9,1.2,13.4,20.5
201566,78,Russell Westbrook,1610612743,DEN,75,27.9,5.0,11.1,0.449,1.3,3.9,0.323,2.1,3.1,0.661,1.4,3.6,4.9,6.1,1.4,0.5,3.2,13.3,15.8
1630230,79,Naji Marshall,1610612742,DAL,69,27.8,5.2,10.3,0.508,0.9,3.2,0.275,1.9,2.3,0.813,1.1,3.7,4.8,3.0,1.0,0.2,1.6,13.2,15.1
1629060,80,Rui Hachimura,1610612747,LAL,59,31.7,5.0,9.8,0.509,1.7,4.2,0.413,1.5,1.9,0.77,1.3,3.7,5.0,1.4,0.8,0.4,0.8,13.1,14.7
203471,81,Dennis Schröder,1610612765,DET,75,28.1,4.5,11.0,0.406,1.7,4.9,0.342,2.4,2.9,0.838,0.4,2.3,2.6,5.4,0.9,0.2,1.9,13.1,13.2
201572,82,Brook Lopez,1610612749,MIL,80,31.8,4.9,9.7,0.509,1.7,4.7,0.373,1.4,1.7,0.826,1.4,3.6,5.0,1.8,0.6,1.9,1.1,13.0,16.2
1642259,83,Alex Sarr,1610612764,WAS,67,27.1,4.9,12.4,0.394,1.6,5.1,0.308,1.7,2.5,0.679,1.9,4.6,6.5,2.4,0.7,1.5,1.7,13.0,14.0
1629640,84,Keldon Johnson,1610612759,SAS,77,23.9,4.8,10.0,0.482,1.1,3.6,0.318,1.9,2.5,0.773,1.5,3.4,4.8,1.6,0.6,0.3,1.0,12.7,13.3
1630703,85,Scoot Henderson,1610612757,POR,66,26.7,4.3,10.4,0.419,1.6,4.5,0.354,2.4,3.1,0.767,0.8,2.2,3.0,5.1,1.0,0.2,2.7,12.7,12.5
1626156,86,D'Angelo Russell,1610612751,BKN,58,25.5,4.3,11.0,0.39,1.9,6.2,0.314,2.1,2.5,0.834,0.3,2.4,2.8,5.1,1.0,0.4,1.9,12.6,12.9
1642258,87,Zaccharie Risacher,1610612737,ATL,75,24.6,4.8,10.4,0.458,1.6,4.6,0.355,1.4,2.0,0.711,1.1,2.4,3.6,1.2,0.7,0.5,1.2,12.6,11.1
1629660,88,Ty Jerome,1610612739,CLE,70,19.9,4.6,8.8,0.516,1.6,3.6,0.439,1.8,2.1,0.872,0.7,1.8,2.5,3.4,1.1,0.0,1.3,12.5,13.7
1630583,89,Santi Aldama,1610612763,MEM,65,25.5,4.8,10.0,0.483,1.8,5.0,0.368,1.0,1.4,0.691,1.4,5.0,6.4,2.9,0.8,0.4,1.1,12.5,16.3
1631099,90,Keegan Murray,1610612758,SAC,76,34.3,4.8,10.8,0.444,2.0,5.9,0.343,0.8,0.9,0.833,1.9,4.8,6.7,1.4,0.8,0.9,0.8,12.4,15.3
203084,91,Harrison Barnes,1610612759,SAS,82,27.2,4.2,8.3,0.508,1.9,4.4,0.433,2.0,2.4,0.809,1.2,2.6,3.8,1.7,0.5,0.2,0.6,12.3,13.2
1641731,92,Bilal Coulibaly,1610612764,WAS,59,33.0,4.5,10.6,0.421,1.1,3.8,0.281,2.3,3.1,0.746,1.5,3.4,5.0,3.4,1.3,0.7,2.1,12.3,13.7
1630183,93,Jaden McDaniels,1610612750,MIN,82,31.9,4.9,10.2,0.477,1.2,3.7,0.33,1.3,1.6,0.813,1.6,4.2,5.7,2.0,1.3,0.9,1.2,12.2,15.4
1627747,94,Caris LeVert,1610612737,ATL,64,24.9,4.4,9.4,0.467,1.7,4.4,0.373,1.7,2.4,0.71,0.6,2.5,3.2,3.4,0.9,0.5,1.2,12.1,13.2
203497,95,Rudy Gobert,1610612750,MIN,72,33.2,4.7,7.1,0.669,0.0,0.0,0.0,2.6,3.8,0.674,3.7,7.2,10.9,1.8,0.8,1.4,1.2,12.0,22.1
1630598,96,Aaron Wiggins,1610612760,OKC,76,22.9,4.7,9.6,0.488,1.7,4.5,0.383,1.0,1.2,0.831,1.1,2.8,3.9,1.8,0.8,0.2,0.9,12.0,12.7
1631105,97,Jalen Duren,1610612765,DET,78,26.1,4.8,7.0,0.692,0.0,0.0,0.0,2.1,3.1,0.669,3.6,6.8,10.3,2.7,0.7,1.1,1.7,11.8,21.7
1641764,98,Brandin Podziemski,1610612744,GSW,64,26.8,4.4,9.8,0.445,1.8,4.8,0.372,1.1,1.5,0.758,1.0,4.1,5.1,3.4,1.1,0.2,1.2,11.7,14.5
1628978,99,Donte DiVincenzo,1610612750,MIN,62,25.9,4.0,9.6,0.422,2.8,7.1,0.397,0.8,1.0,0.778,0.5,3.2,3.7,3.6,1.2,0.3,1.6,11.7,13.1
1630557,100,Corey Kispert,1610612764,WAS,61,26.3,4.2,9.3,0.451,2.0,5.4,0.364,1.2,1.4,0.852,0.6,2.4,3.0,1.7,0.4,0.2,1.0,11.6,10.5
1641739,101,Toumani Camara,1610612757,POR,78,32.7,4.2,9.2,0.458,1.7,4.6,0.375,1.2,1.6,0.722,2.2,3.6,5.8,2.2,1.5,0.6,1.4,11.3,14.6
1629018,102,Gary Trent Jr.,1610612749,MIL,74,25.6,3.8,8.9,0.431,2.4,5.9,0.416,1.1,1.2,0.848,0.3,2.0,2.3,1.2,1.0,0.1,0.6,11.1,9.8
1627741,103,Buddy Hield,1610612744,GSW,82,22.7,4.0,9.6,0.417,2.5,6.7,0.37,0.6,0.8,0.828,0.6,2.6,3.2,1.6,0.8,0.3,1.1,11.1,10.3
201950,104,Jrue Holiday,1610612738,BOS,62,30.6,4.1,9.2,0.443,1.7,4.9,0.353,1.1,1.2,0.909,1.2,3.0,4.3,3.9,1.1,0.4,1.2,11.1,14.2
1631117,105,Walker Kessler,1610612762,UTA,58,30.0,4.8,7.2,0.663,0.1,0.6,0.176,1.4,2.6,0.52,4.6,7.6,12.2,1.7,0.6,2.4,1.5,11.1,22.7
1629130,106,Duncan Robinson,1610612748,MIA,74,24.1,3.9,9.0,0.437,2.6,6.5,0.393,0.6,0.7,0.887,0.2,2.0,2.3,2.4,0.5,0.1,1.2,11.0,10.0
203915,107,Spencer Dinwiddie,1610612742,DAL,79,27.0,3.6,8.6,0.416,1.4,4.1,0.334,2.5,3.1,0.802,0.2,2.4,2.6,4.4,0.9,0.2,1.3,11.0,12.3
1627824,108,Guerschon Yabusele,1610612755,PHI,70,27.1,4.0,8.0,0.501,1.5,3.9,0.38,1.4,2.0,0.725,1.9,3.7,5.6,2.1,0.8,0.3,1.2,11.0,14.1
203501,109,Tim Hardaway Jr.,1610612765,DET,77,28.0,3.6,8.8,0.406,2.2,5.9,0.368,1.6,1.9,0.855,0.2,2.1,2.4,1.6,0.5,0.1,0.6,11.0,9.4
1641729,110,Brice Sensabaugh,1610612762,UTA,71,20.2,3.9,8.4,0.459,2.2,5.2,0.422,0.9,1.0,0.89,0.6,2.4,3.0,1.5,0.6,0.1,1.5,10.9,10.0
1628960,111,Grayson Allen,1610612756,PHX,64,24.1,3.4,7.6,0.448,2.3,5.5,0.426,1.5,1.8,0.816,0.5,2.5,3.0,2.1,0.8,0.3,1.2,10.6,11.2
1630553,112,Keon Johnson,1610612751,BKN,79,24.4,3.8,9.9,0.389,1.6,5.1,0.314,1.4,1.8,0.77,0.8,3.0,3.8,2.2,1.0,0.4,1.5,10.6,10.1
1626179,113,Terry Rozier,1610612748,MIA,64,25.9,3.9,9.9,0.391,1.4,4.8,0.295,1.4,1.7,0.852,0.7,3.0,3.7,2.6,0.6,0.2,1.2,10.6,10.2
1630167,114,Obi Toppin,1610612754,IND,79,19.6,4.0,7.6,0.529,1.4,3.8,0.365,1.1,1.4,0.781,0.7,3.3,4.0,1.6,0.6,0.4,0.9,10.5,12.4
1630534,115,Ochai Agbaji,1610612761,TOR,64,27.2,4.2,8.3,0.498,1.6,4.0,0.399,0.5,0.8,0.708,1.0,2.8,3.8,1.5,0.9,0.5,0.8,10.4,11.9
1642377,116,Jaylen Wells,1610612763,MEM,79,25.9,3.6,8.6,0.425,1.7,5.0,0.352,1.4,1.7,0.822,1.1,2.3,3.4,1.7,0.6,0.1,0.9,10.4,10.1
202685,117,Jonas Valančiūnas,1610612758,SAC,81,18.8,4.3,7.7,0.55,0.1,0.5,0.216,1.8,2.0,0.879,2.3,5.4,7.7,2.0,0.5,0.6,1.5,10.4,16.0
1629651,118,Nic Claxton,1610612751,BKN,70,26.9,4.6,8.1,0.563,0.1,0.3,0.238,1.1,2.2,0.513,2.2,5.1,7.4,2.2,0.9,1.4,1.2,10.3,16.4
1629645,119,Kevin Porter Jr.,1610612749,MIL,75,19.8,3.9,8.7,0.449,0.7,2.4,0.311,1.7,2.3,0.769,0.6,3.1,3.7,3.4,1.1,0.2,1.8,10.3,11.5
1626145,120,Tyus Jones,1610612756,PHX,81,26.8,3.8,8.4,0.448,2.0,5.0,0.414,0.6,0.7,0.895,0.5,1.9,2.4,5.3,0.9,0.1,1.1,10.2,13.0
1630198,121,Isaiah Joe,1610612760,OKC,74,21.7,3.5,7.9,0.44,2.6,6.3,0.412,0.6,0.8,0.821,0.6,2.1,2.6,1.6,0.6,0.1,0.5,10.2,10.1
1627884,122,Derrick Jones Jr.,1610612746,LAC,77,24.3,4.0,7.6,0.526,1.0,2.8,0.356,1.1,1.5,0.703,1.2,2.2,3.4,0.8,1.0,0.4,0.9,10.1,10.9
1629652,123,Luguentz Dort,1610612760,OKC,71,29.2,3.6,8.4,0.435,2.4,5.8,0.412,0.5,0.6,0.717,1.3,2.9,4.1,1.6,1.1,0.5,0.7,10.1,11.9
1641709,124,Ausar Thompson,1610612765,DET,59,22.5,4.2,7.8,0.535,0.2,0.8,0.224,1.5,2.4,0.641,1.9,3.3,5.1,2.3,1.7,0.7,1.4,10.1,14.0
1629614,125,Andrew Nembhard,1610612754,IND,65,28.9,3.8,8.3,0.458,0.8,2.7,0.291,1.7,2.1,0.794,0.5,2.8,3.3,5.0,1.2,0.2,1.7,10.0,13.1
1630533,126,Ziaire Williams,1610612751,BKN,63,24.5,3.4,8.3,0.412,1.6,4.8,0.341,1.6,2.0,0.821,1.0,3.6,4.6,1.3,1.0,0.4,1.1,10.0,11.1
1630577,127,Julian Champagnie,1610612759,SAS,82,23.6,3.4,8.1,0.415,2.2,5.9,0.371,1.0,1.1,0.904,0.8,3.1,3.9,1.4,0.7,0.4,0.9,9.9,10.6
1627777,128,Georges Niang,1610612737,ATL,79,21.5,3.6,7.8,0.461,2.1,5.2,0.406,0.6,0.7,0.793,0.6,2.8,3.4,1.4,0.4,0.2,1.0,9.9,9.9
1628989,129,Kevin Huerter,1610612741,CHI,69,24.3,3.7,8.8,0.425,1.9,5.7,0.338,0.5,0.7,0.714,0.4,2.5,3.0,2.3,1.0,0.3,1.0,9.9,10.2
1630590,130,Scotty Pippen Jr.,1610612763,MEM,79,21.3,3.6,7.5,0.48,1.1,2.8,0.397,1.5,2.2,0.713,0.8,2.5,3.3,4.4,1.3,0.4,1.7,9.9,12.9
1641733,131,Nick Smith Jr.,1610612766,CHA,60,22.8,3.7,9.5,0.391,1.7,5.1,0.34,0.7,0.8,0.935,0.2,1.9,2.1,2.4,0.3,0.1,1.4,9.9,7.6
1642267,132,Bub Carrington,1610612764,WAS,82,30.0,3.7,9.1,0.401,1.7,5.0,0.339,0.8,1.0,0.812,0.4,3.8,4.2,4.4,0.7,0.3,1.7,9.8,12.0
1630541,133,Moses Moody,1610612744,GSW,74,22.3,3.3,7.7,0.433,1.7,4.6,0.374,1.4,1.8,0.797,0.7,1.9,2.6,1.3,0.8,0.4,0.7,9.8,9.4
1629599,134,Amir Coffey,1610612746,LAC,72,24.3,3.3,7.1,0.471,1.4,3.4,0.409,1.6,1.8,0.891,0.4,1.8,2.2,1.1,0.6,0.1,0.6,9.7,9.1
1631108,135,Max Christie,1610612742,DAL,78,27.3,3.2,7.6,0.427,1.5,4.0,0.366,1.7,1.9,0.855,0.5,2.8,3.3,1.9,0.8,0.4,1.1,9.6,10.3
1642271,136,Kyle Filipowski,1610612762,UTA,72,21.1,3.6,7.2,0.502,1.1,3.1,0.35,1.3,2.0,0.65,1.6,4.6,6.1,1.9,0.7,0.3,1.4,9.6,12.9
1630540,137,Miles McBride,1610612752,NYK,64,24.9,3.5,8.5,0.406,1.8,4.9,0.369,0.8,1.0,0.813,0.7,1.8,2.5,2.9,1.0,0.3,0.6,9.5,10.4
1630592,138,Jalen Wilson,1610612751,BKN,79,25.7,3.1,7.8,0.397,1.5,4.6,0.337,1.7,2.1,0.818,0.9,2.5,3.4,1.8,0.5,0.1,1.0,9.5,9.2
1641710,139,Anthony Black,1610612753,ORL,78,24.2,3.4,7.9,0.423,0.8,2.5,0.318,1.9,2.5,0.761,0.7,2.3,2.9,3.1,1.1,0.6,1.8,9.4,10.2
1629638,140,Nickeil Alexander-Walker,1610612750,MIN,82,25.3,3.3,7.5,0.438,1.7,4.5,0.381,1.1,1.4,0.78,0.7,2.6,3.2,2.7,0.6,0.4,1.2,9.4,10.7
1630175,141,Cole Anthony,1610612763,MEM,67,18.4,3.4,8.1,0.424,1.1,3.3,0.353,1.4,1.7,0.823,0.7,2.4,3.0,2.9,0.7,0.5,1.5,9.4,9.9
1642276,142,Kel'el Ware,1610612748,MIA,64,22.2,4.0,7.3,0.554,0.5,1.7,0.315,0.7,1.0,0.687,1.8,5.6,7.4,0.9,0.6,1.1,0.9,9.3,14.9
1641744,143,Zach Edey,1610612763,MEM,66,21.5,3.8,6.6,0.58,0.3,0.8,0.346,1.4,1.9,0.709,3.5,4.8,8.3,1.0,0.5,1.3,1.3,9.2,15.7
204456,144,T.J. McConnell,1610612754,IND,79,17.9,4.1,7.9,0.519,0.2,0.6,0.306,0.7,1.0,0.74,0.6,1.9,2.4,4.4,1.1,0.3,1.4,9.1,11.9
1642274,145,Yves Missi,1610612740,NOP,73,26.8,3.7,6.7,0.547,0.0,0.0,0.0,1.7,2.8,0.623,3.5,4.7,8.2,1.4,0.5,1.3,1.1,9.1,15.3
1628976,146,Wendell Carter Jr.,1610612753,ORL,68,25.9,3.3,7.2,0.46,0.5,2.3,0.234,1.9,2.6,0.737,2.2,5.0,7.2,2.0,0.8,0.6,1.1,9.1,14.0
1626220,147,Royce O'Neale,1610612756,PHX,75,24.5,3.2,7.6,0.423,2.4,5.9,0.406,0.3,0.3,0.731,0.7,3.9,4.7,2.2,0.9,0.4,0.9,9.1,11.9
1642261,148,Dalton Knecht,1610612747,LAL,78,19.2,3.3,7.1,0.461,1.6,4.4,0.376,0.8,1.1,0.762,0.5,2.3,2.8,0.8,0.3,0.1,0.5,9.1,8.5
1631124,149,Julian Strawther,1610612743,DEN,65,21.3,3.2,7.5,0.432,1.4,4.1,0.349,1.1,1.4,0.822,0.3,1.9,2.2,1.3,0.6,0.2,0.9,9.0,8.0
1630215,150,Jared Butler,1610612755,PHI,60,17.4,3.4,7.6,0.448,1.0,2.8,0.355,1.3,1.5,0.824,0.4,1.4,1.8,3.7,0.7,0.2,1.3,9.0,9.7
203110,151,Draymond Green,1610612744,GSW,68,29.2,3.2,7.5,0.424,1.2,3.6,0.325,1.5,2.2,0.687,1.1,5.0,6.1,5.6,1.5,1.0,2.6,9.0,15.7
1630172,152,Patrick Williams,1610612741,CHI,63,25.0,3.3,8.2,0.397,1.5,4.3,0.353,1.0,1.3,0.723,0.7,3.1,3.8,2.0,0.8,0.5,1.4,9.0,9.3
201143,153,Al Horford,1610612738,BOS,60,27.7,3.3,7.7,0.423,1.9,5.2,0.363,0.6,0.6,0.895,1.3,4.8,6.2,2.1,0.6,0.9,0.8,9.0,13.4
1630548,154,Johnny Juzang,1610612762,UTA,64,19.8,3.2,7.4,0.429,1.8,4.9,0.376,0.7,0.8,0.849,0.7,2.2,2.9,1.1,0.6,0.1,0.6,8.9,8.7
1628379,155,Luke Kennard,1610612763,MEM,65,22.6,3.2,6.6,0.478,1.7,4.0,0.433,0.8,0.9,0.895,0.6,2.2,2.8,3.3,0.8,0.1,1.1,8.9,11.2
101108,156,Chris Paul,1610612759,SAS,82,28.0,3.0,7.1,0.427,1.7,4.5,0.377,1.0,1.1,0.924,0.4,3.2,3.6,7.4,1.3,0.3,1.6,8.8,15.6
1630551,157,Justin Champagnie,1610612764,WAS,62,21.6,3.4,6.6,0.511,1.2,3.1,0.383,0.8,1.2,0.685,1.8,3.9,5.7,1.0,1.0,0.6,0.9,8.8,12.6
203484,158,Kentavious Caldwell-Pope,1610612763,MEM,77,29.6,3.1,7.1,0.439,1.5,4.3,0.342,1.1,1.2,0.863,0.4,1.8,2.2,1.8,1.3,0.4,0.8,8.7,9.5
1631213,159,Tyrese Martin,1610612751,BKN,60,21.9,3.2,7.8,0.406,1.7,4.7,0.351,0.8,1.0,0.793,1.0,2.7,3.7,2.0,0.6,0.2,1.2,8.7,9.1
1627827,160,Dorian Finney-Smith,1610612747,LAL,63,28.9,3.1,6.9,0.448,2.0,5.0,0.411,0.5,0.7,0.667,1.3,2.7,3.9,1.4,0.9,0.4,0.9,8.7,10.4
1642273,161,Kyshawn George,1610612764,WAS,68,26.5,3.0,8.0,0.372,1.7,5.2,0.322,1.0,1.4,0.753,0.7,3.5,4.2,2.5,1.0,0.7,1.4,8.7,10.3
1642268,162,Isaiah Collier,1610612762,UTA,71,25.9,3.3,7.8,0.422,0.6,2.4,0.249,1.5,2.2,0.682,0.5,2.9,3.3,6.3,0.9,0.2,2.9,8.7,11.3
1631170,163,Jaime Jaquez Jr.,1610612748,MIA,66,20.7,3.2,7.0,0.461,0.6,1.8,0.311,1.6,2.2,0.754,1.3,3.1,4.4,2.5,0.9,0.2,1.5,8.6,10.9
1641824,164,Matas Buzelis,1610612741,CHI,80,18.9,3.2,6.9,0.454,1.2,3.3,0.361,1.1,1.4,0.815,0.7,2.8,3.5,1.0,0.4,0.9,0.9,8.6,9.4
1630573,165,Sam Hauser,1610612738,BOS,71,21.7,3.0,6.7,0.451,2.3,5.6,0.416,0.2,0.2,1.0,0.6,2.5,3.2,0.9,0.6,0.2,0.3,8.5,9.4
1641717,166,Cason Wallace,1610612760,OKC,68,27.6,3.4,7.2,0.474,1.1,3.1,0.356,0.4,0.5,0.811,1.0,2.3,3.4,2.5,1.8,0.5,0.9,8.4,11.8
1629634,167,Brandon Clarke,1610612763,MEM,64,18.9,3.7,5.9,0.621,0.0,0.3,0.059,1.0,1.4,0.701,2.0,3.1,5.1,1.0,0.8,0.6,0.6,8.3,12.5
1630625,168,Dalano Banton,1610612757,POR,67,16.7,3.0,7.6,0.391,1.1,3.3,0.324,1.4,1.9,0.728,0.4,1.6,2.0,2.4,0.6,0.5,1.3,8.3,7.5
1631165,169,Keon Ellis,1610612758,SAC,80,24.4,2.8,5.8,0.489,1.7,4.0,0.433,0.9,1.1,0.849,0.8,1.9,2.7,1.5,1.5,0.8,0.9,8.3,10.8
1627752,170,Taurean Prince,1610612749,MIL,80,27.1,2.9,6.4,0.457,1.8,4.2,0.439,0.5,0.6,0.813,0.4,3.2,3.6,1.9,1.0,0.2,1.0,8.2,10.2
201144,171,Mike Conley,1610612750,MIN,71,24.7,2.6,6.6,0.4,1.8,4.4,0.41,1.1,1.3,0.9,0.5,2.1,2.6,4.5,1.1,0.2,1.1,8.2,11.4
1630188,172,Jalen Smith,1610612741,CHI,64,15.0,3.0,6.4,0.466,1.1,3.5,0.324,1.1,1.4,0.809,1.4,4.2,5.6,1.0,0.3,0.7,0.6,8.2,11.5
1631212,173,Peyton Watson,1610612743,DEN,68,24.4,3.0,6.3,0.477,0.7,2.0,0.353,1.4,2.0,0.693,0.7,2.7,3.4,1.4,0.7,1.4,0.8,8.1,10.3
1630558,174,Davion Mitchell,1610612748,MIA,74,27.4,3.0,6.4,0.468,1.1,2.9,0.398,0.8,1.1,0.69,0.5,1.8,2.3,4.9,1.0,0.2,1.7,7.9,10.8
1629611,175,Terance Mann,1610612737,ATL,67,21.1,3.1,6.2,0.496,0.9,2.4,0.368,0.7,1.0,0.691,1.0,2.0,3.0,1.8,0.7,0.2,0.7,7.7,9.3
1630182,176,Josh Green,1610612766,CHA,68,27.8,2.6,6.2,0.428,1.4,3.6,0.391,0.7,1.1,0.681,0.8,1.7,2.5,1.6,1.1,0.2,1.0,7.4,8.0
1631260,177,AJ Green,1610612749,MIL,73,22.7,2.5,5.8,0.429,2.1,5.0,0.427,0.3,0.4,0.815,0.2,2.1,2.4,1.5,0.5,0.1,0.5,7.4,7.9
1641741,178,Ricky Council IV,1610612755,PHI,73,17.1,2.4,6.3,0.382,0.8,2.9,0.258,1.7,2.1,0.804,0.7,2.2,2.9,1.3,0.4,0.2,0.7,7.3,7.1
1641783,179,Tristan da Silva,1610612753,ORL,74,22.0,2.7,6.5,0.412,1.1,3.2,0.335,0.7,0.9,0.873,1.0,2.3,3.3,1.5,0.4,0.2,0.8,7.2,8.0
1629048,180,Goga Bitadze,1610612753,ORL,70,20.4,3.0,4.8,0.611,0.0,0.4,0.107,1.2,1.9,0.639,2.4,4.2,6.6,2.0,0.7,1.4,1.0,7.2,14.2
1630241,181,Sam Merrill,1610612739,CLE,71,19.7,2.4,6.0,0.406,1.9,5.2,0.372,0.4,0.4,0.966,0.5,1.7,2.2,1.5,0.7,0.2,0.5,7.2,7.8
1642347,182,Jamal Shead,1610612761,TOR,75,19.6,2.7,6.7,0.405,1.0,3.0,0.323,0.7,0.9,0.768,0.4,1.1,1.5,4.2,0.8,0.1,1.6,7.1,8.0
1642419,183,Jamison Battle,1610612761,TOR,59,17.7,2.5,5.9,0.429,1.8,4.4,0.405,0.3,0.3,0.889,0.6,2.1,2.7,0.9,0.3,0.2,0.5,7.1,7.3
1626166,184,Cameron Payne,1610612752,NYK,72,15.1,2.5,6.2,0.401,1.3,3.6,0.363,0.7,0.8,0.907,0.2,1.3,1.4,2.8,0.5,0.2,0.7,6.9,7.5
1631222,185,Jake LaRavia,1610612758,SAC,66,20.4,2.4,5.1,0.475,0.9,2.2,0.423,1.2,1.7,0.678,1.4,2.6,3.9,2.4,0.9,0.3,1.3,6.9,10.0
1642346,186,Ryan Dunn,1610612756,PHX,74,19.1,2.8,6.4,0.43,1.1,3.6,0.311,0.3,0.5,0.487,1.2,2.4,3.6,0.8,0.6,0.5,0.5,6.9,7.9
1630643,187,Jay Huff,1610612763,MEM,64,11.7,2.5,4.8,0.515,1.3,3.1,0.405,0.7,0.9,0.786,0.5,1.5,2.0,0.6,0.3,0.9,0.5,6.9,7.6
1631218,188,Trayce Jackson-Davis,1610612744,GSW,62,15.6,2.8,4.9,0.576,0.0,0.0,0.0,1.0,1.6,0.578,2.0,3.0,5.0,1.7,0.4,0.6,0.7,6.6,10.8
1626168,189,Trey Lyles,1610612758,SAC,69,19.6,2.3,5.4,0.42,1.2,3.4,0.34,0.8,1.2,0.7,1.2,3.4,4.6,1.2,0.6,0.3,0.6,6.5,9.2
1629659,190,Talen Horton-Tucker,1610612741,CHI,58,12.5,2.3,5.0,0.457,0.7,2.1,0.336,1.2,1.7,0.735,0.3,1.4,1.7,1.4,0.4,0.2,0.7,6.5,6.4
203552,191,Seth Curry,1610612766,CHA,68,15.6,2.4,5.0,0.478,1.2,2.7,0.456,0.5,0.6,0.846,0.4,1.3,1.7,0.9,0.4,0.1,0.5,6.5,6.4
1642270,192,Donovan Clingan,1610612757,POR,67,19.8,2.7,5.0,0.539,0.2,0.7,0.286,0.9,1.6,0.596,3.2,4.6,7.9,1.1,0.5,1.6,1.1,6.5,13.7
1628418,193,Thomas Bryant,1610612754,IND,66,14.6,2.5,4.9,0.508,0.7,2.2,0.324,0.8,1.0,0.859,1.3,2.5,3.8,0.8,0.4,0.6,0.5,6.5,9.2
1629312,194,Haywood Highsmith,1610612748,MIA,74,24.6,2.4,5.3,0.458,1.2,3.1,0.382,0.4,0.6,0.721,1.0,2.4,3.4,1.5,0.9,0.5,0.7,6.5,9.0
1627780,195,Gary Payton II,1610612744,GSW,62,15.0,2.8,4.8,0.574,0.5,1.5,0.326,0.4,0.6,0.711,0.9,2.1,3.0,1.3,0.8,0.3,0.6,6.5,9.0
1641842,196,Ronald Holland II,1610612765,DET,81,15.6,2.4,5.1,0.474,0.4,1.9,0.238,1.1,1.5,0.754,0.5,2.2,2.7,1.0,0.6,0.2,0.9,6.4,7.0
1627739,197,Kris Dunn,1610612746,LAC,74,24.1,2.6,5.9,0.439,1.0,3.0,0.335,0.2,0.3,0.682,0.7,2.7,3.4,2.8,1.7,0.4,1.0,6.4,10.3
1629216,198,Gabe Vincent,1610612747,LAL,72,21.2,2.3,5.8,0.4,1.5,4.3,0.353,0.2,0.3,0.714,0.3,1.0,1.3,1.4,0.7,0.2,0.6,6.4,5.8
1628380,199,Zach Collins,1610612741,CHI,64,15.3,2.4,4.7,0.507,0.5,1.7,0.302,1.1,1.2,0.885,1.6,2.9,4.5,1.7,0.5,0.5,0.9,6.4,10.1
1630526,200,Jeremiah Robinson-Earl,1610612740,NOP,66,18.8,2.4,5.3,0.455,0.8,2.5,0.341,0.7,0.8,0.836,1.7,3.1,4.8,1.3,0.6,0.1,0.8,6.3,9.4
